Campaña,Objetivos de conversión,Día,Dispositivo,Clics,Impr.,CTR,Código de moneda,Coste,Conversiones,Interacciones,Ingresos,Resultados
Búsqueda | General,"[PHONE_CALL_LEAD/CALL_FROM_ADS, PURCHASE/WEBSITE, SUBMIT_LEAD_FORM/WEBSITE]",2025-04-27,Equipos informáticos,1,12,"8,33%",EUR,"0,30","0,00",1,"0,00",0
Búsqueda | General,"[PHONE_CALL_LEAD/CALL_FROM_ADS, PURCHASE/WEBSITE, SUBMIT_LEAD_FORM/WEBSITE]",2025-04-27,Teléfonos móviles,54,482,"11,20%",EUR,"30,65","0,00",54,"0,00","Cómo llegar: 1,00"
Búsqueda | General,"[PHONE_CALL_LEAD/CALL_FROM_ADS, PURCHASE/WEBSITE, SUBMIT_LEAD_FORM/WEBSITE]",2025-04-27,Tablets,0,2,"0,00%",EUR,"0,00","0,00",0,"0,00",0
Pmax | Promoción Bonos - MOFU,"[CONTACT/GOOGLE_HOSTED, GET_DIRECTIONS/GOOGLE_HOSTED, PHONE_CALL_LEAD/CALL_FROM_ADS, PURCHASE/WEBSITE, SUBMIT_LEAD_FORM/GOOGLE_HOSTED, SUBMIT_LEAD_FORM/WEBSITE]",2025-04-27,Equipos informáticos,0,261,"0,00%",EUR,"0,00","0,00",0,"0,00",0
Pmax | Promoción Bonos - MOFU,"[CONTACT/GOOGLE_HOSTED, GET_DIRECTIONS/GOOGLE_HOSTED, PHONE_CALL_LEAD/CALL_FROM_ADS, PURCHASE/WEBSITE, SUBMIT_LEAD_FORM/GOOGLE_HOSTED, SUBMIT_LEAD_FORM/WEBSITE]",2025-04-27,Teléfonos móviles,5,1.326,"0,38%",EUR,"0,60","0,00",6,"0,00","Interacción: 14,00"
Pmax | Promoción Bonos - MOFU,"[CONTACT/GOOGLE_HOSTED, GET_DIRECTIONS/GOOGLE_HOSTED, PHONE_CALL_LEAD/CALL_FROM_ADS, PURCHASE/WEBSITE, SUBMIT_LEAD_FORM/GOOGLE_HOSTED, SUBMIT_LEAD_FORM/WEBSITE]",2025-04-27,Tablets,0,36,"0,00%",EUR,"0,00","0,00",0,"0,00",0
Pmax | Promoción Bonos - RMK,"[CONTACT/GOOGLE_HOSTED, GET_DIRECTIONS/GOOGLE_HOSTED, PHONE_CALL_LEAD/CALL_FROM_ADS, PURCHASE/WEBSITE, SUBMIT_LEAD_FORM/GOOGLE_HOSTED, SUBMIT_LEAD_FORM/WEBSITE]",2025-04-27,Otro,0,1,"0,00%",EUR,"0,00","0,00",0,"0,00",0
Pmax | Promoción Bonos - RMK,"[CONTACT/GOOGLE_HOSTED, GET_DIRECTIONS/GOOGLE_HOSTED, PHONE_CALL_LEAD/CALL_FROM_ADS, PURCHASE/WEBSITE, SUBMIT_LEAD_FORM/GOOGLE_HOSTED, SUBMIT_LEAD_FORM/WEBSITE]",2025-04-27,Equipos informáticos,0,7,"0,00%",EUR,"0,00","0,00",1,"0,00",0
Pmax | Promoción Bonos - RMK,"[CONTACT/GOOGLE_HOSTED, GET_DIRECTIONS/GOOGLE_HOSTED, PHONE_CALL_LEAD/CALL_FROM_ADS, PURCHASE/WEBSITE, SUBMIT_LEAD_FORM/GOOGLE_HOSTED, SUBMIT_LEAD_FORM/WEBSITE]",2025-04-27,Teléfonos móviles,12,332,"3,61%",EUR,"5,32","0,00",23,"0,00",0
Pmax | Promoción Bonos - RMK,"[CONTACT/GOOGLE_HOSTED, GET_DIRECTIONS/GOOGLE_HOSTED, PHONE_CALL_LEAD/CALL_FROM_ADS, PURCHASE/WEBSITE, SUBMIT_LEAD_FORM/GOOGLE_HOSTED, SUBMIT_LEAD_FORM/WEBSITE]",2025-04-27,Tablets,0,2,"0,00%",EUR,"0,00","0,00",0,"0,00",0
Pmax | Promoción Nuevo Centro,"[PURCHASE/WEBSITE, SUBMIT_LEAD_FORM/WEBSITE]",2025-04-27,Equipos informáticos,0,53,"0,00%",EUR,"0,65","0,00",2,"0,00",0
Pmax | Promoción Nuevo Centro,"[PURCHASE/WEBSITE, SUBMIT_LEAD_FORM/WEBSITE]",2025-04-27,Teléfonos móviles,12,494,"2,43%",EUR,"4,09","0,00",23,"0,00","Cómo llegar: 1,00"
Pmax | Promoción Nuevo Centro,"[PURCHASE/WEBSITE, SUBMIT_LEAD_FORM/WEBSITE]",2025-04-27,Tablets,0,18,"0,00%",EUR,"0,02","0,00",0,"0,00",0
Pmax | Promoción Nuevo Centro,"[PURCHASE/WEBSITE, SUBMIT_LEAD_FORM/WEBSITE]",2025-04-27,Pantallas de TV,0,8,"0,00%",EUR,"0,29","0,00",1,"0,00",0
Búsqueda | General,"[PHONE_CALL_LEAD/CALL_FROM_ADS, PURCHASE/WEBSITE, SUBMIT_LEAD_FORM/WEBSITE]",2025-04-26,Equipos informáticos,0,5,"0,00%",EUR,"0,00","0,00",0,"0,00",0
Búsqueda | General,"[PHONE_CALL_LEAD/CALL_FROM_ADS, PURCHASE/WEBSITE, SUBMIT_LEAD_FORM/WEBSITE]",2025-04-26,Teléfonos móviles,64,404,"15,84%",EUR,"33,06","6,00",64,"0,00","Interacción: 1,00; Cómo llegar: 1,00; Envío de formulario para clientes potenciales: 6,00"
Pmax | Promoción Bonos - MOFU,"[CONTACT/GOOGLE_HOSTED, GET_DIRECTIONS/GOOGLE_HOSTED, PHONE_CALL_LEAD/CALL_FROM_ADS, PURCHASE/WEBSITE, SUBMIT_LEAD_FORM/GOOGLE_HOSTED, SUBMIT_LEAD_FORM/WEBSITE]",2025-04-26,Equipos informáticos,0,172,"0,00%",EUR,"0,00","0,00",0,"0,00",0
Pmax | Promoción Bonos - MOFU,"[CONTACT/GOOGLE_HOSTED, GET_DIRECTIONS/GOOGLE_HOSTED, PHONE_CALL_LEAD/CALL_FROM_ADS, PURCHASE/WEBSITE, SUBMIT_LEAD_FORM/GOOGLE_HOSTED, SUBMIT_LEAD_FORM/WEBSITE]",2025-04-26,Teléfonos móviles,3,1.489,"0,20%",EUR,"0,30","0,00",3,"0,00",0
Pmax | Promoción Bonos - MOFU,"[CONTACT/GOOGLE_HOSTED, GET_DIRECTIONS/GOOGLE_HOSTED, PHONE_CALL_LEAD/CALL_FROM_ADS, PURCHASE/WEBSITE, SUBMIT_LEAD_FORM/GOOGLE_HOSTED, SUBMIT_LEAD_FORM/WEBSITE]",2025-04-26,Tablets,1,18,"5,56%",EUR,"0,02","0,00",1,"0,00",0
Pmax | Promoción Bonos - RMK,"[CONTACT/GOOGLE_HOSTED, GET_DIRECTIONS/GOOGLE_HOSTED, PHONE_CALL_LEAD/CALL_FROM_ADS, PURCHASE/WEBSITE, SUBMIT_LEAD_FORM/GOOGLE_HOSTED, SUBMIT_LEAD_FORM/WEBSITE]",2025-04-26,Otro,1,2,"50,00%",EUR,"0,33","0,00",1,"0,00",0
Pmax | Promoción Bonos - RMK,"[CONTACT/GOOGLE_HOSTED, GET_DIRECTIONS/GOOGLE_HOSTED, PHONE_CALL_LEAD/CALL_FROM_ADS, PURCHASE/WEBSITE, SUBMIT_LEAD_FORM/GOOGLE_HOSTED, SUBMIT_LEAD_FORM/WEBSITE]",2025-04-26,Equipos informáticos,0,17,"0,00%",EUR,"0,05","0,00",2,"0,00",0
Pmax | Promoción Bonos - RMK,"[CONTACT/GOOGLE_HOSTED, GET_DIRECTIONS/GOOGLE_HOSTED, PHONE_CALL_LEAD/CALL_FROM_ADS, PURCHASE/WEBSITE, SUBMIT_LEAD_FORM/GOOGLE_HOSTED, SUBMIT_LEAD_FORM/WEBSITE]",2025-04-26,Teléfonos móviles,28,404,"6,93%",EUR,"10,00","1,00",33,"0,00","Cómo llegar: 1,00"
Pmax | Promoción Bonos - RMK,"[CONTACT/GOOGLE_HOSTED, GET_DIRECTIONS/GOOGLE_HOSTED, PHONE_CALL_LEAD/CALL_FROM_ADS, PURCHASE/WEBSITE, SUBMIT_LEAD_FORM/GOOGLE_HOSTED, SUBMIT_LEAD_FORM/WEBSITE]",2025-04-26,Tablets,0,6,"0,00%",EUR,"0,01","0,00",0,"0,00",0
Pmax | Promoción Nuevo Centro,"[PURCHASE/WEBSITE, SUBMIT_LEAD_FORM/WEBSITE]",2025-04-26,Equipos informáticos,0,33,"0,00%",EUR,"0,02","0,00",2,"0,00",0
Pmax | Promoción Nuevo Centro,"[PURCHASE/WEBSITE, SUBMIT_LEAD_FORM/WEBSITE]",2025-04-26,Teléfonos móviles,29,1.583,"1,83%",EUR,"6,55","0,00",40,"0,00","Contacto: 1,00; Cómo llegar: 9,00"
Pmax | Promoción Nuevo Centro,"[PURCHASE/WEBSITE, SUBMIT_LEAD_FORM/WEBSITE]",2025-04-26,Tablets,1,172,"0,58%",EUR,"0,05","0,00",3,"0,00",0
Pmax | Promoción Nuevo Centro,"[PURCHASE/WEBSITE, SUBMIT_LEAD_FORM/WEBSITE]",2025-04-26,Pantallas de TV,0,2,"0,00%",EUR,"0,00","0,00",1,"0,00",0
Búsqueda | General,"[PHONE_CALL_LEAD/CALL_FROM_ADS, PURCHASE/WEBSITE, SUBMIT_LEAD_FORM/WEBSITE]",2025-04-25,Equipos informáticos,3,25,"12,00%",EUR,"1,06","0,00",3,"0,00","Cómo llegar: 1,00"
Búsqueda | General,"[PHONE_CALL_LEAD/CALL_FROM_ADS, PURCHASE/WEBSITE, SUBMIT_LEAD_FORM/WEBSITE]",2025-04-25,Teléfonos móviles,54,390,"13,85%",EUR,"34,23","0,00",54,"0,00","Interacción: 2,00; Cómo llegar: 1,00"
Búsqueda | General,"[PHONE_CALL_LEAD/CALL_FROM_ADS, PURCHASE/WEBSITE, SUBMIT_LEAD_FORM/WEBSITE]",2025-04-25,Tablets,1,4,"25,00%",EUR,"1,90","0,00",1,"0,00",0
Pmax | Promoción Bonos - MOFU,"[CONTACT/GOOGLE_HOSTED, GET_DIRECTIONS/GOOGLE_HOSTED, PHONE_CALL_LEAD/CALL_FROM_ADS, PURCHASE/WEBSITE, SUBMIT_LEAD_FORM/GOOGLE_HOSTED, SUBMIT_LEAD_FORM/WEBSITE]",2025-04-25,Equipos informáticos,3,555,"0,54%",EUR,"0,55","0,00",3,"0,00",0
Pmax | Promoción Bonos - MOFU,"[CONTACT/GOOGLE_HOSTED, GET_DIRECTIONS/GOOGLE_HOSTED, PHONE_CALL_LEAD/CALL_FROM_ADS, PURCHASE/WEBSITE, SUBMIT_LEAD_FORM/GOOGLE_HOSTED, SUBMIT_LEAD_FORM/WEBSITE]",2025-04-25,Teléfonos móviles,9,2.589,"0,35%",EUR,"0,81","0,00",9,"0,00",0
Pmax | Promoción Bonos - MOFU,"[CONTACT/GOOGLE_HOSTED, GET_DIRECTIONS/GOOGLE_HOSTED, PHONE_CALL_LEAD/CALL_FROM_ADS, PURCHASE/WEBSITE, SUBMIT_LEAD_FORM/GOOGLE_HOSTED, SUBMIT_LEAD_FORM/WEBSITE]",2025-04-25,Tablets,0,23,"0,00%",EUR,"0,00","0,00",0,"0,00",0
Pmax | Promoción Bonos - RMK,"[CONTACT/GOOGLE_HOSTED, GET_DIRECTIONS/GOOGLE_HOSTED, PHONE_CALL_LEAD/CALL_FROM_ADS, PURCHASE/WEBSITE, SUBMIT_LEAD_FORM/GOOGLE_HOSTED, SUBMIT_LEAD_FORM/WEBSITE]",2025-04-25,Equipos informáticos,0,17,"0,00%",EUR,"0,00","0,00",0,"0,00",0
Pmax | Promoción Bonos - RMK,"[CONTACT/GOOGLE_HOSTED, GET_DIRECTIONS/GOOGLE_HOSTED, PHONE_CALL_LEAD/CALL_FROM_ADS, PURCHASE/WEBSITE, SUBMIT_LEAD_FORM/GOOGLE_HOSTED, SUBMIT_LEAD_FORM/WEBSITE]",2025-04-25,Teléfonos móviles,18,262,"6,87%",EUR,"4,65","0,00",21,"0,00",0
Pmax | Promoción Bonos - RMK,"[CONTACT/GOOGLE_HOSTED, GET_DIRECTIONS/GOOGLE_HOSTED, PHONE_CALL_LEAD/CALL_FROM_ADS, PURCHASE/WEBSITE, SUBMIT_LEAD_FORM/GOOGLE_HOSTED, SUBMIT_LEAD_FORM/WEBSITE]",2025-04-25,Pantallas de TV,0,1,"0,00%",EUR,"0,00","0,00",0,"0,00",0
Pmax | Promoción Nuevo Centro,"[PURCHASE/WEBSITE, SUBMIT_LEAD_FORM/WEBSITE]",2025-04-25,Equipos informáticos,0,46,"0,00%",EUR,"0,01","0,00",0,"0,00",0
Pmax | Promoción Nuevo Centro,"[PURCHASE/WEBSITE, SUBMIT_LEAD_FORM/WEBSITE]",2025-04-25,Teléfonos móviles,39,1.567,"2,49%",EUR,"4,89","0,00",60,"0,00","Cómo llegar: 1,00"
Pmax | Promoción Nuevo Centro,"[PURCHASE/WEBSITE, SUBMIT_LEAD_FORM/WEBSITE]",2025-04-25,Tablets,6,363,"1,65%",EUR,"0,16","0,00",6,"0,00",0
Pmax | Promoción Nuevo Centro,"[PURCHASE/WEBSITE, SUBMIT_LEAD_FORM/WEBSITE]",2025-04-25,Pantallas de TV,0,21,"0,00%",EUR,"0,33","0,00",6,"0,00",0
Búsqueda | General,"[PHONE_CALL_LEAD/CALL_FROM_ADS, PURCHASE/WEBSITE, SUBMIT_LEAD_FORM/WEBSITE]",2025-04-24,Equipos informáticos,4,50,"8,00%",EUR,"4,72","1,00",4,"0,00","Envío de formulario para clientes potenciales: 1,00"
Búsqueda | General,"[PHONE_CALL_LEAD/CALL_FROM_ADS, PURCHASE/WEBSITE, SUBMIT_LEAD_FORM/WEBSITE]",2025-04-24,Teléfonos móviles,74,549,"13,48%",EUR,"43,53","0,00",74,"0,00","Interacción: 8,00; Cómo llegar: 4,00"
Búsqueda | General,"[PHONE_CALL_LEAD/CALL_FROM_ADS, PURCHASE/WEBSITE, SUBMIT_LEAD_FORM/WEBSITE]",2025-04-24,Tablets,0,2,"0,00%",EUR,"0,00","0,00",0,"0,00",0
Pmax | Promoción Bonos - MOFU,"[CONTACT/GOOGLE_HOSTED, GET_DIRECTIONS/GOOGLE_HOSTED, PHONE_CALL_LEAD/CALL_FROM_ADS, PURCHASE/WEBSITE, SUBMIT_LEAD_FORM/GOOGLE_HOSTED, SUBMIT_LEAD_FORM/WEBSITE]",2025-04-24,Equipos informáticos,0,571,"0,00%",EUR,"0,00","0,00",0,"0,00",0
Pmax | Promoción Bonos - MOFU,"[CONTACT/GOOGLE_HOSTED, GET_DIRECTIONS/GOOGLE_HOSTED, PHONE_CALL_LEAD/CALL_FROM_ADS, PURCHASE/WEBSITE, SUBMIT_LEAD_FORM/GOOGLE_HOSTED, SUBMIT_LEAD_FORM/WEBSITE]",2025-04-24,Teléfonos móviles,9,1.815,"0,50%",EUR,"0,94","4,00",9,"0,00","Cómo llegar: 4,00"
Pmax | Promoción Bonos - MOFU,"[CONTACT/GOOGLE_HOSTED, GET_DIRECTIONS/GOOGLE_HOSTED, PHONE_CALL_LEAD/CALL_FROM_ADS, PURCHASE/WEBSITE, SUBMIT_LEAD_FORM/GOOGLE_HOSTED, SUBMIT_LEAD_FORM/WEBSITE]",2025-04-24,Tablets,0,15,"0,00%",EUR,"0,00","0,00",0,"0,00",0
Pmax | Promoción Bonos - RMK,"[CONTACT/GOOGLE_HOSTED, GET_DIRECTIONS/GOOGLE_HOSTED, PHONE_CALL_LEAD/CALL_FROM_ADS, PURCHASE/WEBSITE, SUBMIT_LEAD_FORM/GOOGLE_HOSTED, SUBMIT_LEAD_FORM/WEBSITE]",2025-04-24,Equipos informáticos,1,18,"5,56%",EUR,"1,96","0,00",1,"0,00",0
Pmax | Promoción Bonos - RMK,"[CONTACT/GOOGLE_HOSTED, GET_DIRECTIONS/GOOGLE_HOSTED, PHONE_CALL_LEAD/CALL_FROM_ADS, PURCHASE/WEBSITE, SUBMIT_LEAD_FORM/GOOGLE_HOSTED, SUBMIT_LEAD_FORM/WEBSITE]",2025-04-24,Teléfonos móviles,6,130,"4,62%",EUR,"1,80","0,00",11,"0,00",0
Pmax | Promoción Bonos - RMK,"[CONTACT/GOOGLE_HOSTED, GET_DIRECTIONS/GOOGLE_HOSTED, PHONE_CALL_LEAD/CALL_FROM_ADS, PURCHASE/WEBSITE, SUBMIT_LEAD_FORM/GOOGLE_HOSTED, SUBMIT_LEAD_FORM/WEBSITE]",2025-04-24,Pantallas de TV,0,1,"0,00%",EUR,"0,00","0,00",0,"0,00",0
Pmax | Promoción Nuevo Centro,"[PURCHASE/WEBSITE, SUBMIT_LEAD_FORM/WEBSITE]",2025-04-24,Equipos informáticos,0,71,"0,00%",EUR,"0,05","0,00",2,"0,00",0
Pmax | Promoción Nuevo Centro,"[PURCHASE/WEBSITE, SUBMIT_LEAD_FORM/WEBSITE]",2025-04-24,Teléfonos móviles,18,286,"6,29%",EUR,"7,65","1,00",29,"0,00","Contacto: 2,00; Interacción: 24,00; Cómo llegar: 3,00; Envío de formulario para clientes potenciales: 1,00"
Pmax | Promoción Nuevo Centro,"[PURCHASE/WEBSITE, SUBMIT_LEAD_FORM/WEBSITE]",2025-04-24,Tablets,0,3,"0,00%",EUR,"0,00","0,00",0,"0,00",0
Pmax | Promoción Nuevo Centro,"[PURCHASE/WEBSITE, SUBMIT_LEAD_FORM/WEBSITE]",2025-04-24,Pantallas de TV,0,11,"0,00%",EUR,"0,10","0,00",4,"0,00",0
Búsqueda | General,"[PHONE_CALL_LEAD/CALL_FROM_ADS, PURCHASE/WEBSITE, SUBMIT_LEAD_FORM/WEBSITE]",2025-04-23,Equipos informáticos,1,48,"2,08%",EUR,"0,76","0,00",1,"0,00",0
Búsqueda | General,"[PHONE_CALL_LEAD/CALL_FROM_ADS, PURCHASE/WEBSITE, SUBMIT_LEAD_FORM/WEBSITE]",2025-04-23,Teléfonos móviles,60,516,"11,63%",EUR,"34,78","0,00",60,"0,00","Interacción: 1,00; Cómo llegar: 1,00"
Pmax | Promoción Bonos - MOFU,"[CONTACT/GOOGLE_HOSTED, GET_DIRECTIONS/GOOGLE_HOSTED, PHONE_CALL_LEAD/CALL_FROM_ADS, PURCHASE/WEBSITE, SUBMIT_LEAD_FORM/GOOGLE_HOSTED, SUBMIT_LEAD_FORM/WEBSITE]",2025-04-23,Equipos informáticos,0,561,"0,00%",EUR,"0,00","0,00",0,"0,00",0
Pmax | Promoción Bonos - MOFU,"[CONTACT/GOOGLE_HOSTED, GET_DIRECTIONS/GOOGLE_HOSTED, PHONE_CALL_LEAD/CALL_FROM_ADS, PURCHASE/WEBSITE, SUBMIT_LEAD_FORM/GOOGLE_HOSTED, SUBMIT_LEAD_FORM/WEBSITE]",2025-04-23,Teléfonos móviles,3,1.862,"0,16%",EUR,"0,09","0,00",3,"0,00",0
Pmax | Promoción Bonos - MOFU,"[CONTACT/GOOGLE_HOSTED, GET_DIRECTIONS/GOOGLE_HOSTED, PHONE_CALL_LEAD/CALL_FROM_ADS, PURCHASE/WEBSITE, SUBMIT_LEAD_FORM/GOOGLE_HOSTED, SUBMIT_LEAD_FORM/WEBSITE]",2025-04-23,Tablets,0,24,"0,00%",EUR,"0,00","0,00",0,"0,00",0
Pmax | Promoción Bonos - RMK,"[CONTACT/GOOGLE_HOSTED, GET_DIRECTIONS/GOOGLE_HOSTED, PHONE_CALL_LEAD/CALL_FROM_ADS, PURCHASE/WEBSITE, SUBMIT_LEAD_FORM/GOOGLE_HOSTED, SUBMIT_LEAD_FORM/WEBSITE]",2025-04-23,Equipos informáticos,1,16,"6,25%",EUR,"1,78","0,00",1,"0,00",0
Pmax | Promoción Bonos - RMK,"[CONTACT/GOOGLE_HOSTED, GET_DIRECTIONS/GOOGLE_HOSTED, PHONE_CALL_LEAD/CALL_FROM_ADS, PURCHASE/WEBSITE, SUBMIT_LEAD_FORM/GOOGLE_HOSTED, SUBMIT_LEAD_FORM/WEBSITE]",2025-04-23,Teléfonos móviles,5,162,"3,09%",EUR,"2,72","0,00",9,"0,00",0
Pmax | Promoción Nuevo Centro,"[PURCHASE/WEBSITE, SUBMIT_LEAD_FORM/WEBSITE]",2025-04-23,Equipos informáticos,0,35,"0,00%",EUR,"0,02","0,00",0,"0,00",0
Pmax | Promoción Nuevo Centro,"[PURCHASE/WEBSITE, SUBMIT_LEAD_FORM/WEBSITE]",2025-04-23,Teléfonos móviles,4,127,"3,15%",EUR,"0,58","0,00",11,"0,00","Interacción: 5,00; Cómo llegar: 1,00"
Pmax | Promoción Nuevo Centro,"[PURCHASE/WEBSITE, SUBMIT_LEAD_FORM/WEBSITE]",2025-04-23,Tablets,0,1,"0,00%",EUR,"0,00","0,00",0,"0,00",0
Pmax | Promoción Nuevo Centro,"[PURCHASE/WEBSITE, SUBMIT_LEAD_FORM/WEBSITE]",2025-04-23,Pantallas de TV,0,7,"0,00%",EUR,"0,05","0,00",3,"0,00",0
Búsqueda | General,"[PHONE_CALL_LEAD/CALL_FROM_ADS, PURCHASE/WEBSITE, SUBMIT_LEAD_FORM/WEBSITE]",2025-04-22,Equipos informáticos,9,35,"25,71%",EUR,"9,22","2,00",9,"0,00","Envío de formulario para clientes potenciales: 2,00"
Búsqueda | General,"[PHONE_CALL_LEAD/CALL_FROM_ADS, PURCHASE/WEBSITE, SUBMIT_LEAD_FORM/WEBSITE]",2025-04-22,Teléfonos móviles,51,281,"18,15%",EUR,"31,79","3,00",51,"0,00","Envío de formulario para clientes potenciales: 3,00"
Pmax | Promoción Bonos - MOFU,"[CONTACT/GOOGLE_HOSTED, GET_DIRECTIONS/GOOGLE_HOSTED, PHONE_CALL_LEAD/CALL_FROM_ADS, PURCHASE/WEBSITE, SUBMIT_LEAD_FORM/GOOGLE_HOSTED, SUBMIT_LEAD_FORM/WEBSITE]",2025-04-22,Equipos informáticos,0,511,"0,00%",EUR,"0,00","0,00",0,"0,00",0
Pmax | Promoción Bonos - MOFU,"[CONTACT/GOOGLE_HOSTED, GET_DIRECTIONS/GOOGLE_HOSTED, PHONE_CALL_LEAD/CALL_FROM_ADS, PURCHASE/WEBSITE, SUBMIT_LEAD_FORM/GOOGLE_HOSTED, SUBMIT_LEAD_FORM/WEBSITE]",2025-04-22,Teléfonos móviles,4,1.680,"0,24%",EUR,"0,23","0,00",4,"0,00",0
Pmax | Promoción Bonos - MOFU,"[CONTACT/GOOGLE_HOSTED, GET_DIRECTIONS/GOOGLE_HOSTED, PHONE_CALL_LEAD/CALL_FROM_ADS, PURCHASE/WEBSITE, SUBMIT_LEAD_FORM/GOOGLE_HOSTED, SUBMIT_LEAD_FORM/WEBSITE]",2025-04-22,Tablets,0,13,"0,00%",EUR,"0,00","0,00",0,"0,00",0
Pmax | Promoción Bonos - RMK,"[CONTACT/GOOGLE_HOSTED, GET_DIRECTIONS/GOOGLE_HOSTED, PHONE_CALL_LEAD/CALL_FROM_ADS, PURCHASE/WEBSITE, SUBMIT_LEAD_FORM/GOOGLE_HOSTED, SUBMIT_LEAD_FORM/WEBSITE]",2025-04-22,Otro,0,1,"0,00%",EUR,"0,00","0,00",0,"0,00",0
Pmax | Promoción Bonos - RMK,"[CONTACT/GOOGLE_HOSTED, GET_DIRECTIONS/GOOGLE_HOSTED, PHONE_CALL_LEAD/CALL_FROM_ADS, PURCHASE/WEBSITE, SUBMIT_LEAD_FORM/GOOGLE_HOSTED, SUBMIT_LEAD_FORM/WEBSITE]",2025-04-22,Equipos informáticos,2,45,"4,44%",EUR,"3,77","0,00",2,"0,00",0
Pmax | Promoción Bonos - RMK,"[CONTACT/GOOGLE_HOSTED, GET_DIRECTIONS/GOOGLE_HOSTED, PHONE_CALL_LEAD/CALL_FROM_ADS, PURCHASE/WEBSITE, SUBMIT_LEAD_FORM/GOOGLE_HOSTED, SUBMIT_LEAD_FORM/WEBSITE]",2025-04-22,Teléfonos móviles,6,241,"2,49%",EUR,"2,17","1,00",10,"0,00","Cómo llegar: 1,00"
Pmax | Promoción Nuevo Centro,"[PURCHASE/WEBSITE, SUBMIT_LEAD_FORM/WEBSITE]",2025-04-22,Equipos informáticos,1,28,"3,57%",EUR,"1,70","0,00",2,"0,00",0
Pmax | Promoción Nuevo Centro,"[PURCHASE/WEBSITE, SUBMIT_LEAD_FORM/WEBSITE]",2025-04-22,Teléfonos móviles,5,120,"4,17%",EUR,"1,98","0,00",15,"0,00","Cómo llegar: 1,00"
Pmax | Promoción Nuevo Centro,"[PURCHASE/WEBSITE, SUBMIT_LEAD_FORM/WEBSITE]",2025-04-22,Pantallas de TV,0,1,"0,00%",EUR,"0,00","0,00",0,"0,00",0
Búsqueda | General,"[PHONE_CALL_LEAD/CALL_FROM_ADS, PURCHASE/WEBSITE, SUBMIT_LEAD_FORM/WEBSITE]",2025-04-21,Equipos informáticos,3,23,"13,04%",EUR,"6,66","0,00",3,"0,00",0
Búsqueda | General,"[PHONE_CALL_LEAD/CALL_FROM_ADS, PURCHASE/WEBSITE, SUBMIT_LEAD_FORM/WEBSITE]",2025-04-21,Teléfonos móviles,57,316,"18,04%",EUR,"33,91","3,00",57,"0,00","Contacto: 1,00; Interacción: 1,00; Cómo llegar: 1,00; Envío de formulario para clientes potenciales: 3,00"
Búsqueda | General,"[PHONE_CALL_LEAD/CALL_FROM_ADS, PURCHASE/WEBSITE, SUBMIT_LEAD_FORM/WEBSITE]",2025-04-21,Tablets,0,1,"0,00%",EUR,"0,00","0,00",0,"0,00",0
Pmax | Promoción Bonos - MOFU,"[CONTACT/GOOGLE_HOSTED, GET_DIRECTIONS/GOOGLE_HOSTED, PHONE_CALL_LEAD/CALL_FROM_ADS, PURCHASE/WEBSITE, SUBMIT_LEAD_FORM/GOOGLE_HOSTED, SUBMIT_LEAD_FORM/WEBSITE]",2025-04-21,Equipos informáticos,3,317,"0,95%",EUR,"0,23","1,00",3,"0,00","Interacción: 1,00; Cómo llegar: 1,00"
Pmax | Promoción Bonos - MOFU,"[CONTACT/GOOGLE_HOSTED, GET_DIRECTIONS/GOOGLE_HOSTED, PHONE_CALL_LEAD/CALL_FROM_ADS, PURCHASE/WEBSITE, SUBMIT_LEAD_FORM/GOOGLE_HOSTED, SUBMIT_LEAD_FORM/WEBSITE]",2025-04-21,Teléfonos móviles,7,898,"0,78%",EUR,"0,71","4,00",8,"0,00","Contacto: 2,00; Interacción: 3,00; Cómo llegar: 1,00; Envío de formulario para clientes potenciales: 1,00"
Pmax | Promoción Bonos - MOFU,"[CONTACT/GOOGLE_HOSTED, GET_DIRECTIONS/GOOGLE_HOSTED, PHONE_CALL_LEAD/CALL_FROM_ADS, PURCHASE/WEBSITE, SUBMIT_LEAD_FORM/GOOGLE_HOSTED, SUBMIT_LEAD_FORM/WEBSITE]",2025-04-21,Tablets,0,17,"0,00%",EUR,"0,00","0,00",0,"0,00",0
Pmax | Promoción Bonos - RMK,"[CONTACT/GOOGLE_HOSTED, GET_DIRECTIONS/GOOGLE_HOSTED, PHONE_CALL_LEAD/CALL_FROM_ADS, PURCHASE/WEBSITE, SUBMIT_LEAD_FORM/GOOGLE_HOSTED, SUBMIT_LEAD_FORM/WEBSITE]",2025-04-21,Equipos informáticos,1,67,"1,49%",EUR,"6,05","0,00",1,"0,00",0
Pmax | Promoción Bonos - RMK,"[CONTACT/GOOGLE_HOSTED, GET_DIRECTIONS/GOOGLE_HOSTED, PHONE_CALL_LEAD/CALL_FROM_ADS, PURCHASE/WEBSITE, SUBMIT_LEAD_FORM/GOOGLE_HOSTED, SUBMIT_LEAD_FORM/WEBSITE]",2025-04-21,Teléfonos móviles,8,287,"2,79%",EUR,"1,39","0,00",12,"0,00",0
Pmax | Promoción Bonos - RMK,"[CONTACT/GOOGLE_HOSTED, GET_DIRECTIONS/GOOGLE_HOSTED, PHONE_CALL_LEAD/CALL_FROM_ADS, PURCHASE/WEBSITE, SUBMIT_LEAD_FORM/GOOGLE_HOSTED, SUBMIT_LEAD_FORM/WEBSITE]",2025-04-21,Tablets,0,3,"0,00%",EUR,"0,00","0,00",0,"0,00",0
Pmax | Promoción Nuevo Centro,"[PURCHASE/WEBSITE, SUBMIT_LEAD_FORM/WEBSITE]",2025-04-21,Equipos informáticos,0,14,"0,00%",EUR,"0,02","0,00",0,"0,00",0
Pmax | Promoción Nuevo Centro,"[PURCHASE/WEBSITE, SUBMIT_LEAD_FORM/WEBSITE]",2025-04-21,Teléfonos móviles,5,52,"9,62%",EUR,"5,23","0,00",9,"0,00",0
Pmax | Promoción Nuevo Centro,"[PURCHASE/WEBSITE, SUBMIT_LEAD_FORM/WEBSITE]",2025-04-21,Tablets,0,3,"0,00%",EUR,"0,00","0,00",0,"0,00",0
Pmax | Promoción Nuevo Centro,"[PURCHASE/WEBSITE, SUBMIT_LEAD_FORM/WEBSITE]",2025-04-21,Pantallas de TV,0,5,"0,00%",EUR,"0,03","0,00",0,"0,00",0
Búsqueda | General,"[PHONE_CALL_LEAD/CALL_FROM_ADS, PURCHASE/WEBSITE, SUBMIT_LEAD_FORM/WEBSITE]",2025-04-20,Equipos informáticos,3,12,"25,00%",EUR,"4,54","0,00",3,"0,00","Cómo llegar: 1,00"
Búsqueda | General,"[PHONE_CALL_LEAD/CALL_FROM_ADS, PURCHASE/WEBSITE, SUBMIT_LEAD_FORM/WEBSITE]",2025-04-20,Teléfonos móviles,53,279,"19,00%",EUR,"38,93","1,00",53,"0,00","Interacción: 3,00; Cómo llegar: 1,00; Envío de formulario para clientes potenciales: 1,00"
Búsqueda | General,"[PHONE_CALL_LEAD/CALL_FROM_ADS, PURCHASE/WEBSITE, SUBMIT_LEAD_FORM/WEBSITE]",2025-04-20,Tablets,1,2,"50,00%",EUR,"0,45","0,00",1,"0,00",0
Pmax | Promoción Bonos - MOFU,"[CONTACT/GOOGLE_HOSTED, GET_DIRECTIONS/GOOGLE_HOSTED, PHONE_CALL_LEAD/CALL_FROM_ADS, PURCHASE/WEBSITE, SUBMIT_LEAD_FORM/GOOGLE_HOSTED, SUBMIT_LEAD_FORM/WEBSITE]",2025-04-20,Equipos informáticos,0,81,"0,00%",EUR,"0,00","0,00",0,"0,00",0
Pmax | Promoción Bonos - MOFU,"[CONTACT/GOOGLE_HOSTED, GET_DIRECTIONS/GOOGLE_HOSTED, PHONE_CALL_LEAD/CALL_FROM_ADS, PURCHASE/WEBSITE, SUBMIT_LEAD_FORM/GOOGLE_HOSTED, SUBMIT_LEAD_FORM/WEBSITE]",2025-04-20,Teléfonos móviles,2,447,"0,45%",EUR,"0,18","0,00",2,"0,00",0
Pmax | Promoción Bonos - MOFU,"[CONTACT/GOOGLE_HOSTED, GET_DIRECTIONS/GOOGLE_HOSTED, PHONE_CALL_LEAD/CALL_FROM_ADS, PURCHASE/WEBSITE, SUBMIT_LEAD_FORM/GOOGLE_HOSTED, SUBMIT_LEAD_FORM/WEBSITE]",2025-04-20,Tablets,0,3,"0,00%",EUR,"0,00","0,00",0,"0,00",0
Pmax | Promoción Bonos - RMK,"[CONTACT/GOOGLE_HOSTED, GET_DIRECTIONS/GOOGLE_HOSTED, PHONE_CALL_LEAD/CALL_FROM_ADS, PURCHASE/WEBSITE, SUBMIT_LEAD_FORM/GOOGLE_HOSTED, SUBMIT_LEAD_FORM/WEBSITE]",2025-04-20,Equipos informáticos,0,23,"0,00%",EUR,"0,00","0,00",0,"0,00",0
Pmax | Promoción Bonos - RMK,"[CONTACT/GOOGLE_HOSTED, GET_DIRECTIONS/GOOGLE_HOSTED, PHONE_CALL_LEAD/CALL_FROM_ADS, PURCHASE/WEBSITE, SUBMIT_LEAD_FORM/GOOGLE_HOSTED, SUBMIT_LEAD_FORM/WEBSITE]",2025-04-20,Teléfonos móviles,19,338,"5,62%",EUR,"5,10","0,00",25,"0,00","Interacción: 1,00"
Pmax | Promoción Bonos - RMK,"[CONTACT/GOOGLE_HOSTED, GET_DIRECTIONS/GOOGLE_HOSTED, PHONE_CALL_LEAD/CALL_FROM_ADS, PURCHASE/WEBSITE, SUBMIT_LEAD_FORM/GOOGLE_HOSTED, SUBMIT_LEAD_FORM/WEBSITE]",2025-04-20,Tablets,0,1,"0,00%",EUR,"0,00","0,00",0,"0,00",0
Pmax | Promoción Nuevo Centro,"[PURCHASE/WEBSITE, SUBMIT_LEAD_FORM/WEBSITE]",2025-04-20,Equipos informáticos,1,45,"2,22%",EUR,"4,17","0,00",4,"0,00","Interacción: 13,00"
Pmax | Promoción Nuevo Centro,"[PURCHASE/WEBSITE, SUBMIT_LEAD_FORM/WEBSITE]",2025-04-20,Teléfonos móviles,7,341,"2,05%",EUR,"5,41","0,00",13,"0,00",0
Pmax | Promoción Nuevo Centro,"[PURCHASE/WEBSITE, SUBMIT_LEAD_FORM/WEBSITE]",2025-04-20,Tablets,0,2,"0,00%",EUR,"0,00","0,00",0,"0,00",0
Pmax | Promoción Nuevo Centro,"[PURCHASE/WEBSITE, SUBMIT_LEAD_FORM/WEBSITE]",2025-04-20,Pantallas de TV,0,1,"0,00%",EUR,"0,00","0,00",0,"0,00",0
Búsqueda | General,"[PHONE_CALL_LEAD/CALL_FROM_ADS, PURCHASE/WEBSITE, SUBMIT_LEAD_FORM/WEBSITE]",2025-04-19,Equipos informáticos,1,9,"11,11%",EUR,"0,51","0,00",1,"0,00",0
Búsqueda | General,"[PHONE_CALL_LEAD/CALL_FROM_ADS, PURCHASE/WEBSITE, SUBMIT_LEAD_FORM/WEBSITE]",2025-04-19,Teléfonos móviles,47,288,"16,32%",EUR,"43,40","2,00",47,"0,00","Cómo llegar: 7,00; Envío de formulario para clientes potenciales: 2,00"
Búsqueda | General,"[PHONE_CALL_LEAD/CALL_FROM_ADS, PURCHASE/WEBSITE, SUBMIT_LEAD_FORM/WEBSITE]",2025-04-19,Tablets,0,4,"0,00%",EUR,"0,00","0,00",0,"0,00",0
Pmax | Promoción Bonos - MOFU,"[CONTACT/GOOGLE_HOSTED, GET_DIRECTIONS/GOOGLE_HOSTED, PHONE_CALL_LEAD/CALL_FROM_ADS, PURCHASE/WEBSITE, SUBMIT_LEAD_FORM/GOOGLE_HOSTED, SUBMIT_LEAD_FORM/WEBSITE]",2025-04-19,Equipos informáticos,0,56,"0,00%",EUR,"0,00","0,00",0,"0,00",0
Pmax | Promoción Bonos - MOFU,"[CONTACT/GOOGLE_HOSTED, GET_DIRECTIONS/GOOGLE_HOSTED, PHONE_CALL_LEAD/CALL_FROM_ADS, PURCHASE/WEBSITE, SUBMIT_LEAD_FORM/GOOGLE_HOSTED, SUBMIT_LEAD_FORM/WEBSITE]",2025-04-19,Teléfonos móviles,0,383,"0,00%",EUR,"0,01","0,00",1,"0,00",0
Pmax | Promoción Bonos - MOFU,"[CONTACT/GOOGLE_HOSTED, GET_DIRECTIONS/GOOGLE_HOSTED, PHONE_CALL_LEAD/CALL_FROM_ADS, PURCHASE/WEBSITE, SUBMIT_LEAD_FORM/GOOGLE_HOSTED, SUBMIT_LEAD_FORM/WEBSITE]",2025-04-19,Tablets,0,5,"0,00%",EUR,"0,00","0,00",0,"0,00",0
Pmax | Promoción Bonos - RMK,"[CONTACT/GOOGLE_HOSTED, GET_DIRECTIONS/GOOGLE_HOSTED, PHONE_CALL_LEAD/CALL_FROM_ADS, PURCHASE/WEBSITE, SUBMIT_LEAD_FORM/GOOGLE_HOSTED, SUBMIT_LEAD_FORM/WEBSITE]",2025-04-19,Otro,0,1,"0,00%",EUR,"0,00","0,00",0,"0,00",0
Pmax | Promoción Bonos - RMK,"[CONTACT/GOOGLE_HOSTED, GET_DIRECTIONS/GOOGLE_HOSTED, PHONE_CALL_LEAD/CALL_FROM_ADS, PURCHASE/WEBSITE, SUBMIT_LEAD_FORM/GOOGLE_HOSTED, SUBMIT_LEAD_FORM/WEBSITE]",2025-04-19,Equipos informáticos,0,16,"0,00%",EUR,"0,87","0,00",2,"0,00",0
Pmax | Promoción Bonos - RMK,"[CONTACT/GOOGLE_HOSTED, GET_DIRECTIONS/GOOGLE_HOSTED, PHONE_CALL_LEAD/CALL_FROM_ADS, PURCHASE/WEBSITE, SUBMIT_LEAD_FORM/GOOGLE_HOSTED, SUBMIT_LEAD_FORM/WEBSITE]",2025-04-19,Teléfonos móviles,11,328,"3,35%",EUR,"5,54","0,00",24,"0,00",0
Pmax | Promoción Bonos - RMK,"[CONTACT/GOOGLE_HOSTED, GET_DIRECTIONS/GOOGLE_HOSTED, PHONE_CALL_LEAD/CALL_FROM_ADS, PURCHASE/WEBSITE, SUBMIT_LEAD_FORM/GOOGLE_HOSTED, SUBMIT_LEAD_FORM/WEBSITE]",2025-04-19,Tablets,0,1,"0,00%",EUR,"0,00","0,00",0,"0,00",0
Pmax | Promoción Nuevo Centro,"[PURCHASE/WEBSITE, SUBMIT_LEAD_FORM/WEBSITE]",2025-04-19,Equipos informáticos,0,21,"0,00%",EUR,"0,01","0,00",1,"0,00",0
Pmax | Promoción Nuevo Centro,"[PURCHASE/WEBSITE, SUBMIT_LEAD_FORM/WEBSITE]",2025-04-19,Teléfonos móviles,0,187,"0,00%",EUR,"0,77","0,00",4,"0,00",0
Pmax | Promoción Nuevo Centro,"[PURCHASE/WEBSITE, SUBMIT_LEAD_FORM/WEBSITE]",2025-04-19,Tablets,0,4,"0,00%",EUR,"0,00","0,00",0,"0,00",0
Pmax | Promoción Nuevo Centro,"[PURCHASE/WEBSITE, SUBMIT_LEAD_FORM/WEBSITE]",2025-04-19,Pantallas de TV,0,3,"0,00%",EUR,"0,00","0,00",1,"0,00",0
Búsqueda | General,"[PHONE_CALL_LEAD/CALL_FROM_ADS, PURCHASE/WEBSITE, SUBMIT_LEAD_FORM/WEBSITE]",2025-04-18,Equipos informáticos,0,15,"0,00%",EUR,"0,00","0,00",0,"0,00",0
Búsqueda | General,"[PHONE_CALL_LEAD/CALL_FROM_ADS, PURCHASE/WEBSITE, SUBMIT_LEAD_FORM/WEBSITE]",2025-04-18,Teléfonos móviles,48,446,"10,76%",EUR,"41,62","3,00",48,"0,00","Interacción: 11,00; Cómo llegar: 1,00; Envío de formulario para clientes potenciales: 3,00"
Búsqueda | General,"[PHONE_CALL_LEAD/CALL_FROM_ADS, PURCHASE/WEBSITE, SUBMIT_LEAD_FORM/WEBSITE]",2025-04-18,Tablets,0,2,"0,00%",EUR,"0,00","0,00",0,"0,00",0
Pmax | Promoción Bonos - MOFU,"[CONTACT/GOOGLE_HOSTED, GET_DIRECTIONS/GOOGLE_HOSTED, PHONE_CALL_LEAD/CALL_FROM_ADS, PURCHASE/WEBSITE, SUBMIT_LEAD_FORM/GOOGLE_HOSTED, SUBMIT_LEAD_FORM/WEBSITE]",2025-04-18,Equipos informáticos,0,53,"0,00%",EUR,"0,00","0,00",0,"0,00",0
Pmax | Promoción Bonos - MOFU,"[CONTACT/GOOGLE_HOSTED, GET_DIRECTIONS/GOOGLE_HOSTED, PHONE_CALL_LEAD/CALL_FROM_ADS, PURCHASE/WEBSITE, SUBMIT_LEAD_FORM/GOOGLE_HOSTED, SUBMIT_LEAD_FORM/WEBSITE]",2025-04-18,Teléfonos móviles,3,342,"0,88%",EUR,"0,32","0,00",4,"0,00",0
Pmax | Promoción Bonos - MOFU,"[CONTACT/GOOGLE_HOSTED, GET_DIRECTIONS/GOOGLE_HOSTED, PHONE_CALL_LEAD/CALL_FROM_ADS, PURCHASE/WEBSITE, SUBMIT_LEAD_FORM/GOOGLE_HOSTED, SUBMIT_LEAD_FORM/WEBSITE]",2025-04-18,Tablets,0,6,"0,00%",EUR,"0,00","0,00",0,"0,00",0
Pmax | Promoción Bonos - RMK,"[CONTACT/GOOGLE_HOSTED, GET_DIRECTIONS/GOOGLE_HOSTED, PHONE_CALL_LEAD/CALL_FROM_ADS, PURCHASE/WEBSITE, SUBMIT_LEAD_FORM/GOOGLE_HOSTED, SUBMIT_LEAD_FORM/WEBSITE]",2025-04-18,Otro,1,3,"33,33%",EUR,"0,14","0,00",1,"0,00",0
Pmax | Promoción Bonos - RMK,"[CONTACT/GOOGLE_HOSTED, GET_DIRECTIONS/GOOGLE_HOSTED, PHONE_CALL_LEAD/CALL_FROM_ADS, PURCHASE/WEBSITE, SUBMIT_LEAD_FORM/GOOGLE_HOSTED, SUBMIT_LEAD_FORM/WEBSITE]",2025-04-18,Equipos informáticos,0,10,"0,00%",EUR,"0,00","0,00",0,"0,00",0
Pmax | Promoción Bonos - RMK,"[CONTACT/GOOGLE_HOSTED, GET_DIRECTIONS/GOOGLE_HOSTED, PHONE_CALL_LEAD/CALL_FROM_ADS, PURCHASE/WEBSITE, SUBMIT_LEAD_FORM/GOOGLE_HOSTED, SUBMIT_LEAD_FORM/WEBSITE]",2025-04-18,Teléfonos móviles,10,353,"2,83%",EUR,"6,58","0,00",26,"0,00",0
Pmax | Promoción Bonos - RMK,"[CONTACT/GOOGLE_HOSTED, GET_DIRECTIONS/GOOGLE_HOSTED, PHONE_CALL_LEAD/CALL_FROM_ADS, PURCHASE/WEBSITE, SUBMIT_LEAD_FORM/GOOGLE_HOSTED, SUBMIT_LEAD_FORM/WEBSITE]",2025-04-18,Tablets,0,3,"0,00%",EUR,"0,00","0,00",0,"0,00",0
Pmax | Promoción Bonos - RMK,"[CONTACT/GOOGLE_HOSTED, GET_DIRECTIONS/GOOGLE_HOSTED, PHONE_CALL_LEAD/CALL_FROM_ADS, PURCHASE/WEBSITE, SUBMIT_LEAD_FORM/GOOGLE_HOSTED, SUBMIT_LEAD_FORM/WEBSITE]",2025-04-18,Pantallas de TV,0,2,"0,00%",EUR,"0,01","0,00",0,"0,00",0
Pmax | Promoción Nuevo Centro,"[PURCHASE/WEBSITE, SUBMIT_LEAD_FORM/WEBSITE]",2025-04-18,Equipos informáticos,1,57,"1,75%",EUR,"1,81","0,00",4,"0,00",0
Pmax | Promoción Nuevo Centro,"[PURCHASE/WEBSITE, SUBMIT_LEAD_FORM/WEBSITE]",2025-04-18,Teléfonos móviles,37,1.516,"2,44%",EUR,"8,49","0,00",117,"0,00",0
Pmax | Promoción Nuevo Centro,"[PURCHASE/WEBSITE, SUBMIT_LEAD_FORM/WEBSITE]",2025-04-18,Tablets,0,9,"0,00%",EUR,"0,02","0,00",2,"0,00",0
Pmax | Promoción Nuevo Centro,"[PURCHASE/WEBSITE, SUBMIT_LEAD_FORM/WEBSITE]",2025-04-18,Pantallas de TV,0,8,"0,00%",EUR,"0,05","0,00",1,"0,00",0
Búsqueda | General,"[PHONE_CALL_LEAD/CALL_FROM_ADS, PURCHASE/WEBSITE, SUBMIT_LEAD_FORM/WEBSITE]",2025-04-17,Equipos informáticos,2,15,"13,33%",EUR,"2,29","0,00",2,"0,00",0
Búsqueda | General,"[PHONE_CALL_LEAD/CALL_FROM_ADS, PURCHASE/WEBSITE, SUBMIT_LEAD_FORM/WEBSITE]",2025-04-17,Teléfonos móviles,54,451,"11,97%",EUR,"53,40","2,00",54,"0,00","Cómo llegar: 1,00; Envío de formulario para clientes potenciales: 2,00"
Búsqueda | General,"[PHONE_CALL_LEAD/CALL_FROM_ADS, PURCHASE/WEBSITE, SUBMIT_LEAD_FORM/WEBSITE]",2025-04-17,Tablets,0,2,"0,00%",EUR,"0,00","0,00",0,"0,00",0
Pmax | Promoción Bonos - MOFU,"[CONTACT/GOOGLE_HOSTED, GET_DIRECTIONS/GOOGLE_HOSTED, PHONE_CALL_LEAD/CALL_FROM_ADS, PURCHASE/WEBSITE, SUBMIT_LEAD_FORM/GOOGLE_HOSTED, SUBMIT_LEAD_FORM/WEBSITE]",2025-04-17,Equipos informáticos,0,69,"0,00%",EUR,"0,00","0,00",0,"0,00",0
Pmax | Promoción Bonos - MOFU,"[CONTACT/GOOGLE_HOSTED, GET_DIRECTIONS/GOOGLE_HOSTED, PHONE_CALL_LEAD/CALL_FROM_ADS, PURCHASE/WEBSITE, SUBMIT_LEAD_FORM/GOOGLE_HOSTED, SUBMIT_LEAD_FORM/WEBSITE]",2025-04-17,Teléfonos móviles,1,377,"0,27%",EUR,"0,03","0,00",1,"0,00","Interacción: 1,00"
Pmax | Promoción Bonos - MOFU,"[CONTACT/GOOGLE_HOSTED, GET_DIRECTIONS/GOOGLE_HOSTED, PHONE_CALL_LEAD/CALL_FROM_ADS, PURCHASE/WEBSITE, SUBMIT_LEAD_FORM/GOOGLE_HOSTED, SUBMIT_LEAD_FORM/WEBSITE]",2025-04-17,Tablets,0,9,"0,00%",EUR,"0,00","0,00",0,"0,00",0
Pmax | Promoción Bonos - RMK,"[CONTACT/GOOGLE_HOSTED, GET_DIRECTIONS/GOOGLE_HOSTED, PHONE_CALL_LEAD/CALL_FROM_ADS, PURCHASE/WEBSITE, SUBMIT_LEAD_FORM/GOOGLE_HOSTED, SUBMIT_LEAD_FORM/WEBSITE]",2025-04-17,Otro,0,1,"0,00%",EUR,"0,00","0,00",0,"0,00",0
Pmax | Promoción Bonos - RMK,"[CONTACT/GOOGLE_HOSTED, GET_DIRECTIONS/GOOGLE_HOSTED, PHONE_CALL_LEAD/CALL_FROM_ADS, PURCHASE/WEBSITE, SUBMIT_LEAD_FORM/GOOGLE_HOSTED, SUBMIT_LEAD_FORM/WEBSITE]",2025-04-17,Equipos informáticos,0,18,"0,00%",EUR,"0,00","0,00",0,"0,00",0
Pmax | Promoción Bonos - RMK,"[CONTACT/GOOGLE_HOSTED, GET_DIRECTIONS/GOOGLE_HOSTED, PHONE_CALL_LEAD/CALL_FROM_ADS, PURCHASE/WEBSITE, SUBMIT_LEAD_FORM/GOOGLE_HOSTED, SUBMIT_LEAD_FORM/WEBSITE]",2025-04-17,Teléfonos móviles,10,668,"1,50%",EUR,"5,67","0,00",28,"0,00",0
Pmax | Promoción Bonos - RMK,"[CONTACT/GOOGLE_HOSTED, GET_DIRECTIONS/GOOGLE_HOSTED, PHONE_CALL_LEAD/CALL_FROM_ADS, PURCHASE/WEBSITE, SUBMIT_LEAD_FORM/GOOGLE_HOSTED, SUBMIT_LEAD_FORM/WEBSITE]",2025-04-17,Tablets,0,5,"0,00%",EUR,"0,00","0,00",0,"0,00",0
Pmax | Promoción Bonos - RMK,"[CONTACT/GOOGLE_HOSTED, GET_DIRECTIONS/GOOGLE_HOSTED, PHONE_CALL_LEAD/CALL_FROM_ADS, PURCHASE/WEBSITE, SUBMIT_LEAD_FORM/GOOGLE_HOSTED, SUBMIT_LEAD_FORM/WEBSITE]",2025-04-17,Pantallas de TV,0,1,"0,00%",EUR,"0,01","0,00",0,"0,00",0
Pmax | Promoción Nuevo Centro,"[PURCHASE/WEBSITE, SUBMIT_LEAD_FORM/WEBSITE]",2025-04-17,Equipos informáticos,0,39,"0,00%",EUR,"0,01","0,00",0,"0,00",0
Pmax | Promoción Nuevo Centro,"[PURCHASE/WEBSITE, SUBMIT_LEAD_FORM/WEBSITE]",2025-04-17,Teléfonos móviles,5,195,"2,56%",EUR,"1,88","0,00",10,"0,00",0
Pmax | Promoción Nuevo Centro,"[PURCHASE/WEBSITE, SUBMIT_LEAD_FORM/WEBSITE]",2025-04-17,Tablets,1,10,"10,00%",EUR,"0,14","0,00",1,"0,00",0
Pmax | Promoción Nuevo Centro,"[PURCHASE/WEBSITE, SUBMIT_LEAD_FORM/WEBSITE]",2025-04-17,Pantallas de TV,0,6,"0,00%",EUR,"0,02","0,00",4,"0,00",0
Búsqueda | General,"[PHONE_CALL_LEAD/CALL_FROM_ADS, PURCHASE/WEBSITE, SUBMIT_LEAD_FORM/WEBSITE]",2025-04-16,Equipos informáticos,0,38,"0,00%",EUR,"0,00","0,00",0,"0,00",0
Búsqueda | General,"[PHONE_CALL_LEAD/CALL_FROM_ADS, PURCHASE/WEBSITE, SUBMIT_LEAD_FORM/WEBSITE]",2025-04-16,Teléfonos móviles,45,457,"9,85%",EUR,"37,05","2,00",45,"0,00","Interacción: 1,00; Cómo llegar: 2,00; Envío de formulario para clientes potenciales: 2,00"
Pmax | Promoción Bonos - MOFU,"[CONTACT/GOOGLE_HOSTED, GET_DIRECTIONS/GOOGLE_HOSTED, PHONE_CALL_LEAD/CALL_FROM_ADS, PURCHASE/WEBSITE, SUBMIT_LEAD_FORM/GOOGLE_HOSTED, SUBMIT_LEAD_FORM/WEBSITE]",2025-04-16,Equipos informáticos,0,114,"0,00%",EUR,"0,00","0,00",0,"0,00",0
Pmax | Promoción Bonos - MOFU,"[CONTACT/GOOGLE_HOSTED, GET_DIRECTIONS/GOOGLE_HOSTED, PHONE_CALL_LEAD/CALL_FROM_ADS, PURCHASE/WEBSITE, SUBMIT_LEAD_FORM/GOOGLE_HOSTED, SUBMIT_LEAD_FORM/WEBSITE]",2025-04-16,Teléfonos móviles,0,346,"0,00%",EUR,"0,00","0,00",0,"0,00",0
Pmax | Promoción Bonos - MOFU,"[CONTACT/GOOGLE_HOSTED, GET_DIRECTIONS/GOOGLE_HOSTED, PHONE_CALL_LEAD/CALL_FROM_ADS, PURCHASE/WEBSITE, SUBMIT_LEAD_FORM/GOOGLE_HOSTED, SUBMIT_LEAD_FORM/WEBSITE]",2025-04-16,Tablets,0,3,"0,00%",EUR,"0,00","0,00",0,"0,00",0
Pmax | Promoción Bonos - RMK,"[CONTACT/GOOGLE_HOSTED, GET_DIRECTIONS/GOOGLE_HOSTED, PHONE_CALL_LEAD/CALL_FROM_ADS, PURCHASE/WEBSITE, SUBMIT_LEAD_FORM/GOOGLE_HOSTED, SUBMIT_LEAD_FORM/WEBSITE]",2025-04-16,Otro,0,5,"0,00%",EUR,"0,00","0,00",0,"0,00",0
Pmax | Promoción Bonos - RMK,"[CONTACT/GOOGLE_HOSTED, GET_DIRECTIONS/GOOGLE_HOSTED, PHONE_CALL_LEAD/CALL_FROM_ADS, PURCHASE/WEBSITE, SUBMIT_LEAD_FORM/GOOGLE_HOSTED, SUBMIT_LEAD_FORM/WEBSITE]",2025-04-16,Equipos informáticos,1,121,"0,83%",EUR,"0,35","0,00",8,"0,00",0
Pmax | Promoción Bonos - RMK,"[CONTACT/GOOGLE_HOSTED, GET_DIRECTIONS/GOOGLE_HOSTED, PHONE_CALL_LEAD/CALL_FROM_ADS, PURCHASE/WEBSITE, SUBMIT_LEAD_FORM/GOOGLE_HOSTED, SUBMIT_LEAD_FORM/WEBSITE]",2025-04-16,Teléfonos móviles,29,1.033,"2,81%",EUR,"8,22","0,00",69,"0,00","Interacción: 5,00"
Pmax | Promoción Bonos - RMK,"[CONTACT/GOOGLE_HOSTED, GET_DIRECTIONS/GOOGLE_HOSTED, PHONE_CALL_LEAD/CALL_FROM_ADS, PURCHASE/WEBSITE, SUBMIT_LEAD_FORM/GOOGLE_HOSTED, SUBMIT_LEAD_FORM/WEBSITE]",2025-04-16,Tablets,0,24,"0,00%",EUR,"0,00","0,00",0,"0,00",0
Pmax | Promoción Bonos - RMK,"[CONTACT/GOOGLE_HOSTED, GET_DIRECTIONS/GOOGLE_HOSTED, PHONE_CALL_LEAD/CALL_FROM_ADS, PURCHASE/WEBSITE, SUBMIT_LEAD_FORM/GOOGLE_HOSTED, SUBMIT_LEAD_FORM/WEBSITE]",2025-04-16,Pantallas de TV,0,2,"0,00%",EUR,"0,00","0,00",1,"0,00",0
Pmax | Promoción Nuevo Centro,"[PURCHASE/WEBSITE, SUBMIT_LEAD_FORM/WEBSITE]",2025-04-16,Equipos informáticos,1,8,"12,50%",EUR,"2,70","0,00",2,"0,00",0
Pmax | Promoción Nuevo Centro,"[PURCHASE/WEBSITE, SUBMIT_LEAD_FORM/WEBSITE]",2025-04-16,Teléfonos móviles,3,66,"4,55%",EUR,"0,36","0,00",5,"0,00",0
Pmax | Promoción Nuevo Centro,"[PURCHASE/WEBSITE, SUBMIT_LEAD_FORM/WEBSITE]",2025-04-16,Pantallas de TV,0,4,"0,00%",EUR,"0,02","0,00",0,"0,00",0
Búsqueda | General,"[PHONE_CALL_LEAD/CALL_FROM_ADS, PURCHASE/WEBSITE, SUBMIT_LEAD_FORM/WEBSITE]",2025-04-15,Equipos informáticos,3,24,"12,50%",EUR,"3,44","0,00",3,"0,00",0
Búsqueda | General,"[PHONE_CALL_LEAD/CALL_FROM_ADS, PURCHASE/WEBSITE, SUBMIT_LEAD_FORM/WEBSITE]",2025-04-15,Teléfonos móviles,44,298,"14,77%",EUR,"29,97","1,00",44,"0,00","Interacción: 3,00; Cómo llegar: 1,00; Envío de formulario para clientes potenciales: 1,00"
Búsqueda | General,"[PHONE_CALL_LEAD/CALL_FROM_ADS, PURCHASE/WEBSITE, SUBMIT_LEAD_FORM/WEBSITE]",2025-04-15,Tablets,0,1,"0,00%",EUR,"0,00","0,00",0,"0,00",0
Pmax | Promoción Bonos - MOFU,"[CONTACT/GOOGLE_HOSTED, GET_DIRECTIONS/GOOGLE_HOSTED, PHONE_CALL_LEAD/CALL_FROM_ADS, PURCHASE/WEBSITE, SUBMIT_LEAD_FORM/GOOGLE_HOSTED, SUBMIT_LEAD_FORM/WEBSITE]",2025-04-15,Equipos informáticos,0,7,"0,00%",EUR,"0,00","0,00",0,"0,00",0
Pmax | Promoción Bonos - MOFU,"[CONTACT/GOOGLE_HOSTED, GET_DIRECTIONS/GOOGLE_HOSTED, PHONE_CALL_LEAD/CALL_FROM_ADS, PURCHASE/WEBSITE, SUBMIT_LEAD_FORM/GOOGLE_HOSTED, SUBMIT_LEAD_FORM/WEBSITE]",2025-04-15,Teléfonos móviles,0,16,"0,00%",EUR,"0,01","0,00",1,"0,00",0
Pmax | Promoción Bonos - RMK,"[CONTACT/GOOGLE_HOSTED, GET_DIRECTIONS/GOOGLE_HOSTED, PHONE_CALL_LEAD/CALL_FROM_ADS, PURCHASE/WEBSITE, SUBMIT_LEAD_FORM/GOOGLE_HOSTED, SUBMIT_LEAD_FORM/WEBSITE]",2025-04-15,Otro,0,2,"0,00%",EUR,"0,00","0,00",0,"0,00",0
Pmax | Promoción Bonos - RMK,"[CONTACT/GOOGLE_HOSTED, GET_DIRECTIONS/GOOGLE_HOSTED, PHONE_CALL_LEAD/CALL_FROM_ADS, PURCHASE/WEBSITE, SUBMIT_LEAD_FORM/GOOGLE_HOSTED, SUBMIT_LEAD_FORM/WEBSITE]",2025-04-15,Equipos informáticos,0,39,"0,00%",EUR,"0,01","0,00",1,"0,00",0
Pmax | Promoción Bonos - RMK,"[CONTACT/GOOGLE_HOSTED, GET_DIRECTIONS/GOOGLE_HOSTED, PHONE_CALL_LEAD/CALL_FROM_ADS, PURCHASE/WEBSITE, SUBMIT_LEAD_FORM/GOOGLE_HOSTED, SUBMIT_LEAD_FORM/WEBSITE]",2025-04-15,Teléfonos móviles,12,408,"2,94%",EUR,"3,81","0,00",27,"0,00","Interacción: 1,00"
Pmax | Promoción Bonos - RMK,"[CONTACT/GOOGLE_HOSTED, GET_DIRECTIONS/GOOGLE_HOSTED, PHONE_CALL_LEAD/CALL_FROM_ADS, PURCHASE/WEBSITE, SUBMIT_LEAD_FORM/GOOGLE_HOSTED, SUBMIT_LEAD_FORM/WEBSITE]",2025-04-15,Tablets,0,1,"0,00%",EUR,"0,00","0,00",0,"0,00",0
Pmax | Promoción Nuevo Centro,"[PURCHASE/WEBSITE, SUBMIT_LEAD_FORM/WEBSITE]",2025-04-15,Equipos informáticos,2,42,"4,76%",EUR,"3,77","0,00",3,"0,00",0
Pmax | Promoción Nuevo Centro,"[PURCHASE/WEBSITE, SUBMIT_LEAD_FORM/WEBSITE]",2025-04-15,Teléfonos móviles,10,188,"5,32%",EUR,"3,85","0,00",18,"0,00",0
Pmax | Promoción Nuevo Centro,"[PURCHASE/WEBSITE, SUBMIT_LEAD_FORM/WEBSITE]",2025-04-15,Tablets,0,3,"0,00%",EUR,"0,00","0,00",0,"0,00",0
Pmax | Promoción Nuevo Centro,"[PURCHASE/WEBSITE, SUBMIT_LEAD_FORM/WEBSITE]",2025-04-15,Pantallas de TV,0,7,"0,00%",EUR,"0,03","0,00",3,"0,00",0
Búsqueda | General,"[PHONE_CALL_LEAD/CALL_FROM_ADS, PURCHASE/WEBSITE, SUBMIT_LEAD_FORM/WEBSITE]",2025-04-14,Equipos informáticos,5,28,"17,86%",EUR,"6,91","0,00",5,"0,00",0
Búsqueda | General,"[PHONE_CALL_LEAD/CALL_FROM_ADS, PURCHASE/WEBSITE, SUBMIT_LEAD_FORM/WEBSITE]",2025-04-14,Teléfonos móviles,69,321,"21,50%",EUR,"48,24","3,00",69,"0,00","Interacción: 2,00; Cómo llegar: 2,00; Envío de formulario para clientes potenciales: 3,00"
Pmax | Promoción Bonos - MOFU,"[CONTACT/GOOGLE_HOSTED, GET_DIRECTIONS/GOOGLE_HOSTED, PHONE_CALL_LEAD/CALL_FROM_ADS, PURCHASE/WEBSITE, SUBMIT_LEAD_FORM/GOOGLE_HOSTED, SUBMIT_LEAD_FORM/WEBSITE]",2025-04-14,Otro,0,1,"0,00%",EUR,"0,00","0,00",0,"0,00",0
Pmax | Promoción Bonos - MOFU,"[CONTACT/GOOGLE_HOSTED, GET_DIRECTIONS/GOOGLE_HOSTED, PHONE_CALL_LEAD/CALL_FROM_ADS, PURCHASE/WEBSITE, SUBMIT_LEAD_FORM/GOOGLE_HOSTED, SUBMIT_LEAD_FORM/WEBSITE]",2025-04-14,Equipos informáticos,0,1,"0,00%",EUR,"0,00","0,00",0,"0,00",0
Pmax | Promoción Bonos - MOFU,"[CONTACT/GOOGLE_HOSTED, GET_DIRECTIONS/GOOGLE_HOSTED, PHONE_CALL_LEAD/CALL_FROM_ADS, PURCHASE/WEBSITE, SUBMIT_LEAD_FORM/GOOGLE_HOSTED, SUBMIT_LEAD_FORM/WEBSITE]",2025-04-14,Teléfonos móviles,0,30,"0,00%",EUR,"0,07","0,00",2,"0,00",0
Pmax | Promoción Bonos - RMK,"[CONTACT/GOOGLE_HOSTED, GET_DIRECTIONS/GOOGLE_HOSTED, PHONE_CALL_LEAD/CALL_FROM_ADS, PURCHASE/WEBSITE, SUBMIT_LEAD_FORM/GOOGLE_HOSTED, SUBMIT_LEAD_FORM/WEBSITE]",2025-04-14,Equipos informáticos,2,61,"3,28%",EUR,"2,25","0,00",3,"0,00",0
Pmax | Promoción Bonos - RMK,"[CONTACT/GOOGLE_HOSTED, GET_DIRECTIONS/GOOGLE_HOSTED, PHONE_CALL_LEAD/CALL_FROM_ADS, PURCHASE/WEBSITE, SUBMIT_LEAD_FORM/GOOGLE_HOSTED, SUBMIT_LEAD_FORM/WEBSITE]",2025-04-14,Teléfonos móviles,5,386,"1,30%",EUR,"5,19","0,00",14,"0,00",0
Pmax | Promoción Bonos - RMK,"[CONTACT/GOOGLE_HOSTED, GET_DIRECTIONS/GOOGLE_HOSTED, PHONE_CALL_LEAD/CALL_FROM_ADS, PURCHASE/WEBSITE, SUBMIT_LEAD_FORM/GOOGLE_HOSTED, SUBMIT_LEAD_FORM/WEBSITE]",2025-04-14,Tablets,0,9,"0,00%",EUR,"0,00","0,00",0,"0,00",0
Pmax | Promoción Bonos - RMK,"[CONTACT/GOOGLE_HOSTED, GET_DIRECTIONS/GOOGLE_HOSTED, PHONE_CALL_LEAD/CALL_FROM_ADS, PURCHASE/WEBSITE, SUBMIT_LEAD_FORM/GOOGLE_HOSTED, SUBMIT_LEAD_FORM/WEBSITE]",2025-04-14,Pantallas de TV,0,1,"0,00%",EUR,"0,00","0,00",0,"0,00",0
Pmax | Promoción Nuevo Centro,"[PURCHASE/WEBSITE, SUBMIT_LEAD_FORM/WEBSITE]",2025-04-14,Equipos informáticos,0,54,"0,00%",EUR,"0,28","0,00",4,"0,00",0
Pmax | Promoción Nuevo Centro,"[PURCHASE/WEBSITE, SUBMIT_LEAD_FORM/WEBSITE]",2025-04-14,Teléfonos móviles,13,340,"3,82%",EUR,"3,54","0,00",23,"0,00",0
Pmax | Promoción Nuevo Centro,"[PURCHASE/WEBSITE, SUBMIT_LEAD_FORM/WEBSITE]",2025-04-14,Tablets,0,4,"0,00%",EUR,"0,00","0,00",0,"0,00",0
Pmax | Promoción Nuevo Centro,"[PURCHASE/WEBSITE, SUBMIT_LEAD_FORM/WEBSITE]",2025-04-14,Pantallas de TV,0,10,"0,00%",EUR,"0,08","0,00",5,"0,00",0