Campaign name,Day,Platform,Objective,Result type,Results,Reach,Impressions,Amount spent (EUR),Views,Clicks (all),CPC (all),CTR (all),Page engagement,Facebook follows or likes,Link clicks,Instagram profile visits,Website leads,Objective,Website purchases conversion value,Estimated ad recall lift (people)
promoción post  Chapoteos MATRO,All,All,All,Link clicks,661,23833,31489,51.91,29593,1004,0.05170319,3.188415,706,,661,7,,LINK_CLICKS,,0
promoción post  Chapoteos MATRO,2025-04-14,All,All,Link clicks,58,2101,2275,4.16,2117,65,0.064,2.85714286,58,,58,0,,LINK_CLICKS,,0
promoción post  Chapoteos MATRO,2025-04-14,instagram,All,Link clicks,43,1172,1264,3.23,1264,43,0.07511628,3.40189873,43,,43,0,,LINK_CLICKS,,0
promoción post  Chapoteos MATRO,2025-04-14,instagram,LINK_CLICKS,Link clicks,43,1172,1264,3.23,1264,43,0.07511628,3.40189873,43,,43,0,,LINK_CLICKS,,0
promoción post  Chapoteos MATRO,2025-04-14,facebook,All,Link clicks,13,822,853,0.86,853,20,0.043,2.34466589,13,,13,0,,LINK_CLICKS,,0
promoción post  Chapoteos MATRO,2025-04-14,facebook,LINK_CLICKS,Link clicks,13,822,853,0.86,853,20,0.043,2.34466589,13,,13,0,,LINK_CLICKS,,0
promoción post  Chapoteos MATRO,2025-04-14,audience_network,All,Link clicks,2,88,158,0.07,0,2,0.035,1.26582278,2,,2,0,,LINK_CLICKS,,0
promoción post  Chapoteos MATRO,2025-04-14,audience_network,LINK_CLICKS,Link clicks,2,88,158,0.07,0,2,0.035,1.26582278,2,,2,0,,LINK_CLICKS,,0
promoción post  Chapoteos MATRO,2025-04-24,All,All,Link clicks,40,1619,1847,3.50,1633,67,0.05223881,3.62750406,45,,40,0,,LINK_CLICKS,,0
promoción post  Chapoteos MATRO,2025-04-24,facebook,All,Link clicks,35,1534,1602,3.11,1604,62,0.05016129,3.8701623,40,,35,0,,LINK_CLICKS,,0
promoción post  Chapoteos MATRO,2025-04-24,facebook,LINK_CLICKS,Link clicks,35,1534,1602,3.11,1604,62,0.05016129,3.8701623,40,,35,0,,LINK_CLICKS,,0
promoción post  Chapoteos MATRO,2025-04-24,audience_network,All,Link clicks,4,114,216,0.25,0,4,0.0625,1.85185185,4,,4,0,,LINK_CLICKS,,0
promoción post  Chapoteos MATRO,2025-04-24,audience_network,LINK_CLICKS,Link clicks,4,114,216,0.25,0,4,0.0625,1.85185185,4,,4,0,,LINK_CLICKS,,0
promoción post  Chapoteos MATRO,2025-04-24,instagram,All,Link clicks,1,29,29,0.14,29,1,0.14,3.44827586,1,,1,0,,LINK_CLICKS,,0
promoción post  Chapoteos MATRO,2025-04-24,instagram,LINK_CLICKS,Link clicks,1,29,29,0.14,29,1,0.14,3.44827586,1,,1,0,,LINK_CLICKS,,0
promoción post  Chapoteos MATRO,2025-04-23,All,All,Link clicks,39,2019,2198,4.00,1998,70,0.05714286,3.18471338,42,,39,0,,LINK_CLICKS,,0
promoción post  Chapoteos MATRO,2025-04-23,instagram,All,,,38,39,0.17,39,0,,0,,,,0,,LINK_CLICKS,,0
promoción post  Chapoteos MATRO,2025-04-23,instagram,LINK_CLICKS,,,38,39,0.17,39,0,,0,,,,0,,LINK_CLICKS,,0
promoción post  Chapoteos MATRO,2025-04-23,facebook,All,Link clicks,35,1886,1957,3.56,1959,66,0.05393939,3.37250894,38,,35,0,,LINK_CLICKS,,0
promoción post  Chapoteos MATRO,2025-04-23,facebook,LINK_CLICKS,Link clicks,35,1886,1957,3.56,1959,66,0.05393939,3.37250894,38,,35,0,,LINK_CLICKS,,0
promoción post  Chapoteos MATRO,2025-04-23,audience_network,All,Link clicks,4,119,202,0.27,0,4,0.0675,1.98019802,4,,4,0,,LINK_CLICKS,,0
promoción post  Chapoteos MATRO,2025-04-23,audience_network,LINK_CLICKS,Link clicks,4,119,202,0.27,0,4,0.0675,1.98019802,4,,4,0,,LINK_CLICKS,,0
promoción post  Chapoteos MATRO,2025-04-22,All,All,Link clicks,44,1777,1829,3.06,1710,87,0.03517241,4.75669765,49,,44,0,,LINK_CLICKS,,0
promoción post  Chapoteos MATRO,2025-04-22,instagram,All,Link clicks,2,28,29,0.14,29,1,0.14,3.44827586,2,,2,0,,LINK_CLICKS,,0
promoción post  Chapoteos MATRO,2025-04-22,instagram,LINK_CLICKS,Link clicks,2,28,29,0.14,29,1,0.14,3.44827586,2,,2,0,,LINK_CLICKS,,0
promoción post  Chapoteos MATRO,2025-04-22,facebook,All,Link clicks,40,1611,1678,2.84,1679,84,0.03380952,5.00595948,45,,40,0,,LINK_CLICKS,,0
promoción post  Chapoteos MATRO,2025-04-22,facebook,LINK_CLICKS,Link clicks,40,1611,1678,2.84,1679,84,0.03380952,5.00595948,45,,40,0,,LINK_CLICKS,,0
promoción post  Chapoteos MATRO,2025-04-22,audience_network,All,Link clicks,2,86,120,0.08,0,2,0.04,1.66666667,2,,2,0,,LINK_CLICKS,,0
promoción post  Chapoteos MATRO,2025-04-22,audience_network,LINK_CLICKS,Link clicks,2,86,120,0.08,0,2,0.04,1.66666667,2,,2,0,,LINK_CLICKS,,0
promoción post  Chapoteos MATRO,2025-04-22,messenger,All,,,2,2,0.00,2,0,,0,,,,0,,LINK_CLICKS,,0
promoción post  Chapoteos MATRO,2025-04-22,messenger,LINK_CLICKS,,,2,2,0.00,2,0,,0,,,,0,,LINK_CLICKS,,0
promoción post  Chapoteos MATRO,2025-04-27,All,All,Link clicks,42,1990,2203,3.81,2017,84,0.04535714,3.8129823,49,,42,0,,LINK_CLICKS,,0
promoción post  Chapoteos MATRO,2025-04-27,audience_network,All,Link clicks,2,113,191,0.28,0,2,0.14,1.04712042,2,,2,0,,LINK_CLICKS,,0
promoción post  Chapoteos MATRO,2025-04-27,audience_network,LINK_CLICKS,Link clicks,2,113,191,0.28,0,2,0.14,1.04712042,2,,2,0,,LINK_CLICKS,,0
promoción post  Chapoteos MATRO,2025-04-27,instagram,All,Link clicks,1,38,38,0.11,38,1,0.11,2.63157895,1,,1,0,,LINK_CLICKS,,0
promoción post  Chapoteos MATRO,2025-04-27,instagram,LINK_CLICKS,Link clicks,1,38,38,0.11,38,1,0.11,2.63157895,1,,1,0,,LINK_CLICKS,,0
promoción post  Chapoteos MATRO,2025-04-27,facebook,All,Link clicks,39,1841,1974,3.42,1979,81,0.04222222,4.10334347,46,,39,0,,LINK_CLICKS,,0
promoción post  Chapoteos MATRO,2025-04-27,facebook,LINK_CLICKS,Link clicks,39,1841,1974,3.42,1979,81,0.04222222,4.10334347,46,,39,0,,LINK_CLICKS,,0
promoción post  Chapoteos MATRO,2025-04-26,All,All,Link clicks,48,2276,2465,4.54,2353,82,0.05536585,3.32657201,58,,48,0,,LINK_CLICKS,,0
promoción post  Chapoteos MATRO,2025-04-26,facebook,All,Link clicks,44,2170,2308,4.20,2309,78,0.05384615,3.37954939,53,,44,0,,LINK_CLICKS,,0
promoción post  Chapoteos MATRO,2025-04-26,facebook,LINK_CLICKS,Link clicks,44,2170,2308,4.20,2309,78,0.05384615,3.37954939,53,,44,0,,LINK_CLICKS,,0
promoción post  Chapoteos MATRO,2025-04-26,audience_network,All,Link clicks,3,77,114,0.15,0,3,0.05,2.63157895,3,,3,0,,LINK_CLICKS,,0
promoción post  Chapoteos MATRO,2025-04-26,audience_network,LINK_CLICKS,Link clicks,3,77,114,0.15,0,3,0.05,2.63157895,3,,3,0,,LINK_CLICKS,,0
promoción post  Chapoteos MATRO,2025-04-26,instagram,All,Link clicks,1,41,42,0.19,43,1,0.19,2.38095238,2,,1,0,,LINK_CLICKS,,0
promoción post  Chapoteos MATRO,2025-04-26,instagram,LINK_CLICKS,Link clicks,1,41,42,0.19,43,1,0.19,2.38095238,2,,1,0,,LINK_CLICKS,,0
promoción post  Chapoteos MATRO,2025-04-26,messenger,All,,,1,1,0.00,1,0,,0,,,,0,,LINK_CLICKS,,0
promoción post  Chapoteos MATRO,2025-04-26,messenger,LINK_CLICKS,,,1,1,0.00,1,0,,0,,,,0,,LINK_CLICKS,,0
promoción post  Chapoteos MATRO,2025-04-25,All,All,Link clicks,31,1637,1780,3.51,1637,52,0.0675,2.92134831,36,,31,0,,LINK_CLICKS,,0
promoción post  Chapoteos MATRO,2025-04-25,facebook,All,Link clicks,30,1494,1600,3.15,1603,51,0.06176471,3.1875,35,,30,0,,LINK_CLICKS,,0
promoción post  Chapoteos MATRO,2025-04-25,facebook,LINK_CLICKS,Link clicks,30,1494,1600,3.15,1603,51,0.06176471,3.1875,35,,30,0,,LINK_CLICKS,,0
promoción post  Chapoteos MATRO,2025-04-25,instagram,All,Link clicks,1,34,34,0.13,34,1,0.13,2.94117647,1,,1,0,,LINK_CLICKS,,0
promoción post  Chapoteos MATRO,2025-04-25,instagram,LINK_CLICKS,Link clicks,1,34,34,0.13,34,1,0.13,2.94117647,1,,1,0,,LINK_CLICKS,,0
promoción post  Chapoteos MATRO,2025-04-25,audience_network,All,,,88,146,0.23,0,0,,0,,,,0,,LINK_CLICKS,,0
promoción post  Chapoteos MATRO,2025-04-25,audience_network,LINK_CLICKS,,,88,146,0.23,0,0,,0,,,,0,,LINK_CLICKS,,0
promoción post  Chapoteos MATRO,2025-04-21,All,All,Link clicks,37,2196,2393,3.72,2203,82,0.04536585,3.42666109,40,,37,0,,LINK_CLICKS,,0
promoción post  Chapoteos MATRO,2025-04-21,facebook,All,Link clicks,34,2075,2173,3.35,2174,79,0.04240506,3.63552692,37,,34,0,,LINK_CLICKS,,0
promoción post  Chapoteos MATRO,2025-04-21,facebook,LINK_CLICKS,Link clicks,34,2075,2173,3.35,2174,79,0.04240506,3.63552692,37,,34,0,,LINK_CLICKS,,0
promoción post  Chapoteos MATRO,2025-04-21,instagram,All,Link clicks,1,28,29,0.13,29,1,0.13,3.44827586,1,,1,0,,LINK_CLICKS,,0
promoción post  Chapoteos MATRO,2025-04-21,instagram,LINK_CLICKS,Link clicks,1,28,29,0.13,29,1,0.13,3.44827586,1,,1,0,,LINK_CLICKS,,0
promoción post  Chapoteos MATRO,2025-04-21,audience_network,All,Link clicks,2,118,191,0.24,0,2,0.12,1.04712042,2,,2,0,,LINK_CLICKS,,0
promoción post  Chapoteos MATRO,2025-04-21,audience_network,LINK_CLICKS,Link clicks,2,118,191,0.24,0,2,0.12,1.04712042,2,,2,0,,LINK_CLICKS,,0
promoción post  Chapoteos MATRO,2025-04-17,All,All,Link clicks,65,2190,2281,3.44,2239,70,0.04914286,3.06882946,66,,65,1,,LINK_CLICKS,,0
promoción post  Chapoteos MATRO,2025-04-17,facebook,All,Link clicks,6,714,749,0.35,749,10,0.035,1.33511348,7,,6,0,,LINK_CLICKS,,0
promoción post  Chapoteos MATRO,2025-04-17,facebook,LINK_CLICKS,Link clicks,6,714,749,0.35,749,10,0.035,1.33511348,7,,6,0,,LINK_CLICKS,,0
promoción post  Chapoteos MATRO,2025-04-17,instagram,All,Link clicks,59,1400,1490,3.08,1490,60,0.05133333,4.02684564,59,,59,1,,LINK_CLICKS,,0
promoción post  Chapoteos MATRO,2025-04-17,instagram,LINK_CLICKS,Link clicks,59,1400,1490,3.08,1490,60,0.05133333,4.02684564,59,,59,1,,LINK_CLICKS,,0
promoción post  Chapoteos MATRO,2025-04-17,audience_network,All,,,22,42,0.01,0,0,,0,,,,0,,LINK_CLICKS,,0
promoción post  Chapoteos MATRO,2025-04-17,audience_network,LINK_CLICKS,,,22,42,0.01,0,0,,0,,,,0,,LINK_CLICKS,,0
promoción post  Chapoteos MATRO,2025-04-16,All,All,Link clicks,61,2335,2495,4.25,2389,72,0.05902778,2.88577154,61,,61,4,,LINK_CLICKS,,0
promoción post  Chapoteos MATRO,2025-04-16,messenger,All,,,1,1,0.00,1,0,,0,,,,0,,LINK_CLICKS,,0
promoción post  Chapoteos MATRO,2025-04-16,messenger,LINK_CLICKS,,,1,1,0.00,1,0,,0,,,,0,,LINK_CLICKS,,0
promoción post  Chapoteos MATRO,2025-04-16,audience_network,All,,,67,109,0.05,0,0,,0,,,,0,,LINK_CLICKS,,0
promoción post  Chapoteos MATRO,2025-04-16,audience_network,LINK_CLICKS,,,67,109,0.05,0,0,,0,,,,0,,LINK_CLICKS,,0
promoción post  Chapoteos MATRO,2025-04-16,facebook,All,Link clicks,12,1070,1112,1.09,1114,21,0.05190476,1.88848921,12,,12,0,,LINK_CLICKS,,0
promoción post  Chapoteos MATRO,2025-04-16,facebook,LINK_CLICKS,Link clicks,12,1070,1112,1.09,1114,21,0.05190476,1.88848921,12,,12,0,,LINK_CLICKS,,0
promoción post  Chapoteos MATRO,2025-04-16,instagram,All,Link clicks,49,1210,1273,3.11,1274,51,0.06098039,4.00628437,49,,49,4,,LINK_CLICKS,,0
promoción post  Chapoteos MATRO,2025-04-16,instagram,LINK_CLICKS,Link clicks,49,1210,1273,3.11,1274,51,0.06098039,4.00628437,49,,49,4,,LINK_CLICKS,,0
promoción post  Chapoteos MATRO,2025-04-15,All,All,Link clicks,50,2118,2251,3.58,2159,72,0.04972222,3.19857841,50,,50,0,,LINK_CLICKS,,0
promoción post  Chapoteos MATRO,2025-04-15,instagram,All,Link clicks,26,778,811,2.16,811,26,0.08307692,3.20591862,26,,26,0,,LINK_CLICKS,,0
promoción post  Chapoteos MATRO,2025-04-15,instagram,LINK_CLICKS,Link clicks,26,778,811,2.16,811,26,0.08307692,3.20591862,26,,26,0,,LINK_CLICKS,,0
promoción post  Chapoteos MATRO,2025-04-15,facebook,All,Link clicks,24,1295,1348,1.39,1348,46,0.03021739,3.41246291,24,,24,0,,LINK_CLICKS,,0
promoción post  Chapoteos MATRO,2025-04-15,facebook,LINK_CLICKS,Link clicks,24,1295,1348,1.39,1348,46,0.03021739,3.41246291,24,,24,0,,LINK_CLICKS,,0
promoción post  Chapoteos MATRO,2025-04-15,audience_network,All,,,55,92,0.03,0,0,,0,,,,0,,LINK_CLICKS,,0
promoción post  Chapoteos MATRO,2025-04-15,audience_network,LINK_CLICKS,,,55,92,0.03,0,0,,0,,,,0,,LINK_CLICKS,,0
promoción post  Chapoteos MATRO,2025-04-20,All,All,Link clicks,58,2421,2648,4.10,2403,103,0.03980583,3.8897281,62,,58,0,,LINK_CLICKS,,0
promoción post  Chapoteos MATRO,2025-04-20,instagram,All,Link clicks,2,39,40,0.16,40,2,0.08,5,3,,2,0,,LINK_CLICKS,,0
promoción post  Chapoteos MATRO,2025-04-20,instagram,LINK_CLICKS,Link clicks,2,39,40,0.16,40,2,0.08,5,3,,2,0,,LINK_CLICKS,,0
promoción post  Chapoteos MATRO,2025-04-20,audience_network,All,Link clicks,3,166,248,0.37,0,3,0.12333333,1.20967742,3,,3,0,,LINK_CLICKS,,0
promoción post  Chapoteos MATRO,2025-04-20,audience_network,LINK_CLICKS,Link clicks,3,166,248,0.37,0,3,0.12333333,1.20967742,3,,3,0,,LINK_CLICKS,,0
promoción post  Chapoteos MATRO,2025-04-20,facebook,All,Link clicks,53,2241,2360,3.57,2363,98,0.03642857,4.15254237,56,,53,0,,LINK_CLICKS,,0
promoción post  Chapoteos MATRO,2025-04-20,facebook,LINK_CLICKS,Link clicks,53,2241,2360,3.57,2363,98,0.03642857,4.15254237,56,,53,0,,LINK_CLICKS,,0
promoción post  Chapoteos MATRO,2025-04-19,All,All,Link clicks,26,1751,1864,2.26,1830,33,0.06848485,1.77038627,28,,26,1,,LINK_CLICKS,,0
promoción post  Chapoteos MATRO,2025-04-19,facebook,All,Link clicks,10,1296,1350,1.33,1350,16,0.083125,1.18518519,12,,10,0,,LINK_CLICKS,,0
promoción post  Chapoteos MATRO,2025-04-19,facebook,LINK_CLICKS,Link clicks,10,1296,1350,1.33,1350,16,0.083125,1.18518519,12,,10,0,,LINK_CLICKS,,0
promoción post  Chapoteos MATRO,2025-04-19,instagram,All,Link clicks,16,474,478,0.92,478,17,0.05411765,3.55648536,16,,16,1,,LINK_CLICKS,,0
promoción post  Chapoteos MATRO,2025-04-19,instagram,LINK_CLICKS,Link clicks,16,474,478,0.92,478,17,0.05411765,3.55648536,16,,16,1,,LINK_CLICKS,,0
promoción post  Chapoteos MATRO,2025-04-19,messenger,All,,,2,2,0.00,2,0,,0,,,,0,,LINK_CLICKS,,0
promoción post  Chapoteos MATRO,2025-04-19,messenger,LINK_CLICKS,,,2,2,0.00,2,0,,0,,,,0,,LINK_CLICKS,,0
promoción post  Chapoteos MATRO,2025-04-19,audience_network,All,,,14,34,0.01,0,0,,0,,,,0,,LINK_CLICKS,,0
promoción post  Chapoteos MATRO,2025-04-19,audience_network,LINK_CLICKS,,,14,34,0.01,0,0,,0,,,,0,,LINK_CLICKS,,0
promoción post  Chapoteos MATRO,2025-04-18,All,All,Link clicks,62,2946,2960,3.98,2905,65,0.06123077,2.19594595,62,,62,1,,LINK_CLICKS,,0
promoción post  Chapoteos MATRO,2025-04-18,audience_network,All,,,29,56,0.03,0,0,,0,,,,0,,LINK_CLICKS,,0
promoción post  Chapoteos MATRO,2025-04-18,audience_network,LINK_CLICKS,,,29,56,0.03,0,0,,0,,,,0,,LINK_CLICKS,,0
promoción post  Chapoteos MATRO,2025-04-18,instagram,All,Link clicks,52,1769,1880,3.46,1881,53,0.06528302,2.81914894,52,,52,1,,LINK_CLICKS,,0
promoción post  Chapoteos MATRO,2025-04-18,instagram,LINK_CLICKS,Link clicks,52,1769,1880,3.46,1881,53,0.06528302,2.81914894,52,,52,1,,LINK_CLICKS,,0
promoción post  Chapoteos MATRO,2025-04-18,facebook,All,Link clicks,10,981,1024,0.49,1024,12,0.04083333,1.171875,10,,10,0,,LINK_CLICKS,,0
promoción post  Chapoteos MATRO,2025-04-18,facebook,LINK_CLICKS,Link clicks,10,981,1024,0.49,1024,12,0.04083333,1.171875,10,,10,0,,LINK_CLICKS,,0
EMBARAZADAS conversión - (anuncio),All,All,All,Website leads,25,14984,25365,98.11,52435,476,0.20611345,1.87660162,6579,,274,174,25,OUTCOME_LEADS,,0
EMBARAZADAS conversión - (anuncio),2025-04-24,All,All,Website leads,2,1489,1638,7.23,3368,25,0.2892,1.52625153,380,,15,10,2,OUTCOME_LEADS,,0
EMBARAZADAS conversión - (anuncio),2025-04-24,instagram,All,Website leads,2,1385,1482,6.75,3062,24,0.28125,1.6194332,346,,14,10,2,OUTCOME_LEADS,,0
EMBARAZADAS conversión - (anuncio),2025-04-24,instagram,OUTCOME_LEADS,Website leads,2,1385,1482,6.75,3062,24,0.28125,1.6194332,346,,14,10,2,OUTCOME_LEADS,,0
EMBARAZADAS conversión - (anuncio),2025-04-24,facebook,All,,,139,156,0.48,306,1,0.48,0.64102564,34,,1,0,,OUTCOME_LEADS,,0
EMBARAZADAS conversión - (anuncio),2025-04-24,facebook,OUTCOME_LEADS,,,139,156,0.48,306,1,0.48,0.64102564,34,,1,0,,OUTCOME_LEADS,,0
EMBARAZADAS conversión - (anuncio),2025-04-23,All,All,Website leads,5,1595,1735,6.89,3574,35,0.19685714,2.01729107,476,,26,8,5,OUTCOME_LEADS,,0
EMBARAZADAS conversión - (anuncio),2025-04-23,facebook,All,,,116,130,0.54,264,3,0.18,2.30769231,36,,2,0,,OUTCOME_LEADS,,0
EMBARAZADAS conversión - (anuncio),2025-04-23,facebook,OUTCOME_LEADS,,,116,130,0.54,264,3,0.18,2.30769231,36,,2,0,,OUTCOME_LEADS,,0
EMBARAZADAS conversión - (anuncio),2025-04-23,instagram,All,Website leads,5,1495,1605,6.35,3310,32,0.1984375,1.99376947,440,,24,8,5,OUTCOME_LEADS,,0
EMBARAZADAS conversión - (anuncio),2025-04-23,instagram,OUTCOME_LEADS,Website leads,5,1495,1605,6.35,3310,32,0.1984375,1.99376947,440,,24,8,5,OUTCOME_LEADS,,0
EMBARAZADAS conversión - (anuncio),2025-04-22,All,All,Website leads,2,1454,1610,7.40,3336,41,0.1804878,2.54658385,423,,21,19,2,OUTCOME_LEADS,,0
EMBARAZADAS conversión - (anuncio),2025-04-22,facebook,All,,,131,162,0.44,319,1,0.44,0.61728395,48,,1,0,,OUTCOME_LEADS,,0
EMBARAZADAS conversión - (anuncio),2025-04-22,facebook,OUTCOME_LEADS,,,131,162,0.44,319,1,0.44,0.61728395,48,,1,0,,OUTCOME_LEADS,,0
EMBARAZADAS conversión - (anuncio),2025-04-22,instagram,All,Website leads,2,1308,1448,6.96,3017,40,0.174,2.76243094,375,,20,19,2,OUTCOME_LEADS,,0
EMBARAZADAS conversión - (anuncio),2025-04-22,instagram,OUTCOME_LEADS,Website leads,2,1308,1448,6.96,3017,40,0.174,2.76243094,375,,20,19,2,OUTCOME_LEADS,,0
EMBARAZADAS conversión - (anuncio),2025-04-21,All,All,,,1691,1784,6.89,3647,29,0.23758621,1.62556054,435,,15,11,,OUTCOME_LEADS,,0
EMBARAZADAS conversión - (anuncio),2025-04-21,instagram,All,,,1448,1534,6.16,3146,26,0.23692308,1.69491525,372,,15,11,,OUTCOME_LEADS,,0
EMBARAZADAS conversión - (anuncio),2025-04-21,instagram,OUTCOME_LEADS,,,1448,1534,6.16,3146,26,0.23692308,1.69491525,372,,15,11,,OUTCOME_LEADS,,0
EMBARAZADAS conversión - (anuncio),2025-04-21,facebook,All,,,211,250,0.73,501,3,0.24333333,1.2,63,,,0,,OUTCOME_LEADS,,0
EMBARAZADAS conversión - (anuncio),2025-04-21,facebook,OUTCOME_LEADS,,,211,250,0.73,501,3,0.24333333,1.2,63,,,0,,OUTCOME_LEADS,,0
EMBARAZADAS conversión - (anuncio),2025-04-27,All,All,Website leads,4,1862,1941,7.34,4031,44,0.16681818,2.26687275,519,,23,20,4,OUTCOME_LEADS,,0
EMBARAZADAS conversión - (anuncio),2025-04-27,instagram,All,Website leads,2,1664,1788,6.94,3722,41,0.16926829,2.29306488,471,,21,20,2,OUTCOME_LEADS,,0
EMBARAZADAS conversión - (anuncio),2025-04-27,instagram,OUTCOME_LEADS,Website leads,2,1664,1788,6.94,3722,41,0.16926829,2.29306488,471,,21,20,2,OUTCOME_LEADS,,0
EMBARAZADAS conversión - (anuncio),2025-04-27,facebook,All,Website leads,2,133,153,0.40,309,3,0.13333333,1.96078431,48,,2,0,2,OUTCOME_LEADS,,0
EMBARAZADAS conversión - (anuncio),2025-04-27,facebook,OUTCOME_LEADS,Website leads,2,133,153,0.40,309,3,0.13333333,1.96078431,48,,2,0,2,OUTCOME_LEADS,,0
EMBARAZADAS conversión - (anuncio),2025-04-26,All,All,,,2240,2358,7.10,4860,27,0.26296296,1.14503817,674,,19,8,,OUTCOME_LEADS,,0
EMBARAZADAS conversión - (anuncio),2025-04-26,instagram,All,,,1895,1984,6.51,4114,27,0.24111111,1.3608871,578,,19,8,,OUTCOME_LEADS,,0
EMBARAZADAS conversión - (anuncio),2025-04-26,instagram,OUTCOME_LEADS,,,1895,1984,6.51,4114,27,0.24111111,1.3608871,578,,19,8,,OUTCOME_LEADS,,0
EMBARAZADAS conversión - (anuncio),2025-04-26,facebook,All,,,352,374,0.59,746,0,,0,96,,,0,,OUTCOME_LEADS,,0
EMBARAZADAS conversión - (anuncio),2025-04-26,facebook,OUTCOME_LEADS,,,352,374,0.59,746,0,,0,96,,,0,,OUTCOME_LEADS,,0
EMBARAZADAS conversión - (anuncio),2025-04-25,All,All,Website leads,5,1301,1404,5.59,2918,33,0.16939394,2.35042735,366,,20,11,5,OUTCOME_LEADS,,0
EMBARAZADAS conversión - (anuncio),2025-04-25,facebook,All,,,120,145,0.38,283,4,0.095,2.75862069,46,,2,0,,OUTCOME_LEADS,,0
EMBARAZADAS conversión - (anuncio),2025-04-25,facebook,OUTCOME_LEADS,,,120,145,0.38,283,4,0.095,2.75862069,46,,2,0,,OUTCOME_LEADS,,0
EMBARAZADAS conversión - (anuncio),2025-04-25,instagram,All,Website leads,5,1187,1259,5.21,2635,29,0.17965517,2.30341541,320,,18,11,5,OUTCOME_LEADS,,0
EMBARAZADAS conversión - (anuncio),2025-04-25,instagram,OUTCOME_LEADS,Website leads,5,1187,1259,5.21,2635,29,0.17965517,2.30341541,320,,18,11,5,OUTCOME_LEADS,,0
EMBARAZADAS conversión - (anuncio),2025-04-14,All,All,,,1969,2096,8.01,4322,45,0.178,2.14694656,561,,25,17,,OUTCOME_LEADS,,0
EMBARAZADAS conversión - (anuncio),2025-04-14,instagram,All,,,1641,1748,7.14,3620,38,0.18789474,2.17391304,478,,21,17,,OUTCOME_LEADS,,0
EMBARAZADAS conversión - (anuncio),2025-04-14,instagram,OUTCOME_LEADS,,,1641,1748,7.14,3620,38,0.18789474,2.17391304,478,,21,17,,OUTCOME_LEADS,,0
EMBARAZADAS conversión - (anuncio),2025-04-14,facebook,All,,,313,348,0.87,702,7,0.12428571,2.01149425,83,,4,0,,OUTCOME_LEADS,,0
EMBARAZADAS conversión - (anuncio),2025-04-14,facebook,OUTCOME_LEADS,,,313,348,0.87,702,7,0.12428571,2.01149425,83,,4,0,,OUTCOME_LEADS,,0
EMBARAZADAS conversión - (anuncio),2025-04-17,All,All,,,1760,1881,6.65,3910,32,0.2078125,1.70122275,497,,15,15,,OUTCOME_LEADS,,0
EMBARAZADAS conversión - (anuncio),2025-04-17,facebook,All,,,268,285,0.75,581,4,0.1875,1.40350877,67,,1,0,,OUTCOME_LEADS,,0
EMBARAZADAS conversión - (anuncio),2025-04-17,facebook,OUTCOME_LEADS,,,268,285,0.75,581,4,0.1875,1.40350877,67,,1,0,,OUTCOME_LEADS,,0
EMBARAZADAS conversión - (anuncio),2025-04-17,instagram,All,,,1524,1596,5.90,3329,28,0.21071429,1.75438596,430,,14,15,,OUTCOME_LEADS,,0
EMBARAZADAS conversión - (anuncio),2025-04-17,instagram,OUTCOME_LEADS,,,1524,1596,5.90,3329,28,0.21071429,1.75438596,430,,14,15,,OUTCOME_LEADS,,0
EMBARAZADAS conversión - (anuncio),2025-04-16,All,All,,,1462,1540,6.15,3186,22,0.27954545,1.42857143,356,,13,9,,OUTCOME_LEADS,,0
EMBARAZADAS conversión - (anuncio),2025-04-16,messenger,All,,,2,2,0.00,2,0,,0,,,,0,,OUTCOME_LEADS,,0
EMBARAZADAS conversión - (anuncio),2025-04-16,messenger,OUTCOME_LEADS,,,2,2,0.00,2,0,,0,,,,0,,OUTCOME_LEADS,,0
EMBARAZADAS conversión - (anuncio),2025-04-16,facebook,All,,,165,182,0.58,362,1,0.58,0.54945055,43,,,0,,OUTCOME_LEADS,,0
EMBARAZADAS conversión - (anuncio),2025-04-16,facebook,OUTCOME_LEADS,,,165,182,0.58,362,1,0.58,0.54945055,43,,,0,,OUTCOME_LEADS,,0
EMBARAZADAS conversión - (anuncio),2025-04-16,instagram,All,,,1288,1356,5.57,2822,21,0.2652381,1.54867257,313,,13,9,,OUTCOME_LEADS,,0
EMBARAZADAS conversión - (anuncio),2025-04-16,instagram,OUTCOME_LEADS,,,1288,1356,5.57,2822,21,0.2652381,1.54867257,313,,13,9,,OUTCOME_LEADS,,0
EMBARAZADAS conversión - (anuncio),2025-04-15,All,All,,,1402,1510,6.94,3095,33,0.21030303,2.18543046,422,,17,11,,OUTCOME_LEADS,,0
EMBARAZADAS conversión - (anuncio),2025-04-15,facebook,All,,,217,240,0.97,484,5,0.194,2.08333333,65,,2,0,,OUTCOME_LEADS,,0
EMBARAZADAS conversión - (anuncio),2025-04-15,facebook,OUTCOME_LEADS,,,217,240,0.97,484,5,0.194,2.08333333,65,,2,0,,OUTCOME_LEADS,,0
EMBARAZADAS conversión - (anuncio),2025-04-15,instagram,All,,,1208,1270,5.97,2611,28,0.21321429,2.20472441,357,,15,11,,OUTCOME_LEADS,,0
EMBARAZADAS conversión - (anuncio),2025-04-15,instagram,OUTCOME_LEADS,,,1208,1270,5.97,2611,28,0.21321429,2.20472441,357,,15,11,,OUTCOME_LEADS,,0
EMBARAZADAS conversión - (anuncio),2025-04-20,All,All,,,1756,2000,7.81,4148,34,0.22970588,1.7,510,,22,10,,OUTCOME_LEADS,,0
EMBARAZADAS conversión - (anuncio),2025-04-20,facebook,All,,,277,330,1.05,663,6,0.175,1.81818182,93,,3,0,,OUTCOME_LEADS,,0
EMBARAZADAS conversión - (anuncio),2025-04-20,facebook,OUTCOME_LEADS,,,277,330,1.05,663,6,0.175,1.81818182,93,,3,0,,OUTCOME_LEADS,,0
EMBARAZADAS conversión - (anuncio),2025-04-20,instagram,All,,,1575,1670,6.76,3485,28,0.24142857,1.67664671,417,,19,10,,OUTCOME_LEADS,,0
EMBARAZADAS conversión - (anuncio),2025-04-20,instagram,OUTCOME_LEADS,,,1575,1670,6.76,3485,28,0.24142857,1.67664671,417,,19,10,,OUTCOME_LEADS,,0
EMBARAZADAS conversión - (anuncio),2025-04-19,All,All,Website leads,7,1688,1781,7.04,3671,46,0.15304348,2.58281864,473,,27,15,7,OUTCOME_LEADS,,0
EMBARAZADAS conversión - (anuncio),2025-04-19,facebook,All,Website leads,1,297,338,1.15,676,5,0.23,1.47928994,91,,1,0,1,OUTCOME_LEADS,,0
EMBARAZADAS conversión - (anuncio),2025-04-19,facebook,OUTCOME_LEADS,Website leads,1,297,338,1.15,676,5,0.23,1.47928994,91,,1,0,1,OUTCOME_LEADS,,0
EMBARAZADAS conversión - (anuncio),2025-04-19,instagram,All,Website leads,6,1386,1443,5.89,2995,41,0.14365854,2.84130284,382,,26,15,6,OUTCOME_LEADS,,0
EMBARAZADAS conversión - (anuncio),2025-04-19,instagram,OUTCOME_LEADS,Website leads,6,1386,1443,5.89,2995,41,0.14365854,2.84130284,382,,26,15,6,OUTCOME_LEADS,,0
EMBARAZADAS conversión - (anuncio),2025-04-18,All,All,,,1985,2087,7.07,4369,30,0.23566667,1.43747005,487,,16,10,,OUTCOME_LEADS,,0
EMBARAZADAS conversión - (anuncio),2025-04-18,instagram,All,,,1761,1837,6.35,3864,27,0.23518519,1.4697877,423,,16,10,,OUTCOME_LEADS,,0
EMBARAZADAS conversión - (anuncio),2025-04-18,instagram,OUTCOME_LEADS,,,1761,1837,6.35,3864,27,0.23518519,1.4697877,423,,16,10,,OUTCOME_LEADS,,0
EMBARAZADAS conversión - (anuncio),2025-04-18,facebook,All,,,226,248,0.72,503,3,0.24,1.20967742,62,,,0,,OUTCOME_LEADS,,0
EMBARAZADAS conversión - (anuncio),2025-04-18,facebook,OUTCOME_LEADS,,,226,248,0.72,503,3,0.24,1.20967742,62,,,0,,OUTCOME_LEADS,,0
EMBARAZADAS conversión - (anuncio),2025-04-18,audience_network,All,,,1,2,0.00,2,0,,0,2,,,0,,OUTCOME_LEADS,,0
EMBARAZADAS conversión - (anuncio),2025-04-18,audience_network,OUTCOME_LEADS,,,1,2,0.00,2,0,,0,2,,,0,,OUTCOME_LEADS,,0
Reconocimiento de la marca - Copia,All,All,All,Estimated ad recall lift (people),13300,132701,283265,168.54,438001,502,0.33573705,0.17721921,11917,,270,60,,OUTCOME_AWARENESS,,13300
Reconocimiento de la marca - Copia,2025-04-24,All,All,Estimated ad recall lift (people),1820,14749,17208,11.46,29220,41,0.2795122,0.23826127,593,,28,7,,OUTCOME_AWARENESS,,1820
Reconocimiento de la marca - Copia,2025-04-24,messenger,All,,,0,1,0.00,1,0,,0,,,,0,,OUTCOME_AWARENESS,,0
Reconocimiento de la marca - Copia,2025-04-24,messenger,OUTCOME_AWARENESS,,,0,1,0.00,1,0,,0,,,,0,,OUTCOME_AWARENESS,,0
Reconocimiento de la marca - Copia,2025-04-24,instagram,All,Estimated ad recall lift (people),1830,12740,14239,10.14,26119,32,0.316875,0.22473488,395,,25,7,,OUTCOME_AWARENESS,,1830
Reconocimiento de la marca - Copia,2025-04-24,instagram,OUTCOME_AWARENESS,Estimated ad recall lift (people),1830,12740,14239,10.14,26119,32,0.316875,0.22473488,395,,25,7,,OUTCOME_AWARENESS,,1830
Reconocimiento de la marca - Copia,2025-04-24,facebook,All,Estimated ad recall lift (people),60,2476,2968,1.32,3100,9,0.14666667,0.3032345,198,,3,0,,OUTCOME_AWARENESS,,60
Reconocimiento de la marca - Copia,2025-04-24,facebook,OUTCOME_AWARENESS,Estimated ad recall lift (people),60,2476,2968,1.32,3100,9,0.14666667,0.3032345,198,,3,0,,OUTCOME_AWARENESS,,60
Reconocimiento de la marca - Copia,2025-04-23,All,All,Estimated ad recall lift (people),2090,16081,18590,11.44,32208,45,0.25422222,0.24206563,590,,28,6,,OUTCOME_AWARENESS,,2090
Reconocimiento de la marca - Copia,2025-04-23,messenger,All,Estimated ad recall lift (people),1,8,12,0.00,22,0,,0,1,,,0,,OUTCOME_AWARENESS,,1
Reconocimiento de la marca - Copia,2025-04-23,messenger,OUTCOME_AWARENESS,Estimated ad recall lift (people),1,8,12,0.00,22,0,,0,1,,,0,,OUTCOME_AWARENESS,,1
Reconocimiento de la marca - Copia,2025-04-23,facebook,All,Estimated ad recall lift (people),100,2780,3263,1.66,3400,10,0.166,0.30646644,195,,3,0,,OUTCOME_AWARENESS,,100
Reconocimiento de la marca - Copia,2025-04-23,facebook,OUTCOME_AWARENESS,Estimated ad recall lift (people),100,2780,3263,1.66,3400,10,0.166,0.30646644,195,,3,0,,OUTCOME_AWARENESS,,100
Reconocimiento de la marca - Copia,2025-04-23,instagram,All,Estimated ad recall lift (people),2040,13529,15315,9.78,28786,35,0.27942857,0.22853412,394,,25,6,,OUTCOME_AWARENESS,,2040
Reconocimiento de la marca - Copia,2025-04-23,instagram,OUTCOME_AWARENESS,Estimated ad recall lift (people),2040,13529,15315,9.78,28786,35,0.27942857,0.22853412,394,,25,6,,OUTCOME_AWARENESS,,2040
Reconocimiento de la marca - Copia,2025-04-22,All,All,Estimated ad recall lift (people),2230,18052,20682,11.63,34943,40,0.29075,0.19340489,788,,20,6,,OUTCOME_AWARENESS,,2230
Reconocimiento de la marca - Copia,2025-04-22,messenger,All,Estimated ad recall lift (people),1,4,12,0.00,18,0,,0,1,,,0,,OUTCOME_AWARENESS,,1
Reconocimiento de la marca - Copia,2025-04-22,messenger,OUTCOME_AWARENESS,Estimated ad recall lift (people),1,4,12,0.00,18,0,,0,1,,,0,,OUTCOME_AWARENESS,,1
Reconocimiento de la marca - Copia,2025-04-22,instagram,All,Estimated ad recall lift (people),2140,14799,16447,9.72,30490,29,0.33517241,0.17632395,502,,18,6,,OUTCOME_AWARENESS,,2140
Reconocimiento de la marca - Copia,2025-04-22,instagram,OUTCOME_AWARENESS,Estimated ad recall lift (people),2140,14799,16447,9.72,30490,29,0.33517241,0.17632395,502,,18,6,,OUTCOME_AWARENESS,,2140
Reconocimiento de la marca - Copia,2025-04-22,facebook,All,Estimated ad recall lift (people),150,3632,4223,1.91,4435,11,0.17363636,0.26047833,285,,2,0,,OUTCOME_AWARENESS,,150
Reconocimiento de la marca - Copia,2025-04-22,facebook,OUTCOME_AWARENESS,Estimated ad recall lift (people),150,3632,4223,1.91,4435,11,0.17363636,0.26047833,285,,2,0,,OUTCOME_AWARENESS,,150
Reconocimiento de la marca - Copia,2025-04-27,All,All,Estimated ad recall lift (people),1880,18312,21431,13.48,34233,28,0.48142857,0.13065186,790,,16,3,,OUTCOME_AWARENESS,,1880
Reconocimiento de la marca - Copia,2025-04-27,instagram,All,Estimated ad recall lift (people),1780,13525,15495,10.68,28110,23,0.46434783,0.14843498,425,,15,3,,OUTCOME_AWARENESS,,1780
Reconocimiento de la marca - Copia,2025-04-27,instagram,OUTCOME_AWARENESS,Estimated ad recall lift (people),1780,13525,15495,10.68,28110,23,0.46434783,0.14843498,425,,15,3,,OUTCOME_AWARENESS,,1780
Reconocimiento de la marca - Copia,2025-04-27,facebook,All,Estimated ad recall lift (people),130,4776,5926,2.80,6103,5,0.56,0.08437395,365,,1,0,,OUTCOME_AWARENESS,,130
Reconocimiento de la marca - Copia,2025-04-27,facebook,OUTCOME_AWARENESS,Estimated ad recall lift (people),130,4776,5926,2.80,6103,5,0.56,0.08437395,365,,1,0,,OUTCOME_AWARENESS,,130
Reconocimiento de la marca - Copia,2025-04-27,messenger,All,Estimated ad recall lift (people),1,8,10,0.00,20,0,,0,,,,0,,OUTCOME_AWARENESS,,1
Reconocimiento de la marca - Copia,2025-04-27,messenger,OUTCOME_AWARENESS,Estimated ad recall lift (people),1,8,10,0.00,20,0,,0,,,,0,,OUTCOME_AWARENESS,,1
Reconocimiento de la marca - Copia,2025-04-26,All,All,Estimated ad recall lift (people),1040,15520,18633,12.51,22520,24,0.52125,0.12880374,1003,,5,1,,OUTCOME_AWARENESS,,1040
Reconocimiento de la marca - Copia,2025-04-26,messenger,All,Estimated ad recall lift (people),10,81,81,0.01,140,1,0.01,1.2345679,5,,1,0,,OUTCOME_AWARENESS,,10
Reconocimiento de la marca - Copia,2025-04-26,messenger,OUTCOME_AWARENESS,Estimated ad recall lift (people),10,81,81,0.01,140,1,0.01,1.2345679,5,,1,0,,OUTCOME_AWARENESS,,10
Reconocimiento de la marca - Copia,2025-04-26,facebook,All,Estimated ad recall lift (people),290,7928,9709,5.63,10121,18,0.31277778,0.18539499,699,,,0,,OUTCOME_AWARENESS,,290
Reconocimiento de la marca - Copia,2025-04-26,facebook,OUTCOME_AWARENESS,Estimated ad recall lift (people),290,7928,9709,5.63,10121,18,0.31277778,0.18539499,699,,,0,,OUTCOME_AWARENESS,,290
Reconocimiento de la marca - Copia,2025-04-26,instagram,All,Estimated ad recall lift (people),790,7820,8843,6.87,12259,5,1.374,0.0565419,299,,4,1,,OUTCOME_AWARENESS,,790
Reconocimiento de la marca - Copia,2025-04-26,instagram,OUTCOME_AWARENESS,Estimated ad recall lift (people),790,7820,8843,6.87,12259,5,1.374,0.0565419,299,,4,1,,OUTCOME_AWARENESS,,790
Reconocimiento de la marca - Copia,2025-04-25,All,All,Estimated ad recall lift (people),1300,14985,16742,11.76,23050,26,0.45230769,0.15529805,785,,14,2,,OUTCOME_AWARENESS,,1300
Reconocimiento de la marca - Copia,2025-04-25,instagram,All,Estimated ad recall lift (people),1120,8808,9719,7.26,15698,15,0.484,0.15433687,302,,11,2,,OUTCOME_AWARENESS,,1120
Reconocimiento de la marca - Copia,2025-04-25,instagram,OUTCOME_AWARENESS,Estimated ad recall lift (people),1120,8808,9719,7.26,15698,15,0.484,0.15433687,302,,11,2,,OUTCOME_AWARENESS,,1120
Reconocimiento de la marca - Copia,2025-04-25,messenger,All,Estimated ad recall lift (people),1,6,6,0.00,10,0,,0,,,,0,,OUTCOME_AWARENESS,,1
Reconocimiento de la marca - Copia,2025-04-25,messenger,OUTCOME_AWARENESS,Estimated ad recall lift (people),1,6,6,0.00,10,0,,0,,,,0,,OUTCOME_AWARENESS,,1
Reconocimiento de la marca - Copia,2025-04-25,facebook,All,Estimated ad recall lift (people),180,5772,7017,4.50,7342,11,0.40909091,0.15676215,483,,3,0,,OUTCOME_AWARENESS,,180
Reconocimiento de la marca - Copia,2025-04-25,facebook,OUTCOME_AWARENESS,Estimated ad recall lift (people),180,5772,7017,4.50,7342,11,0.40909091,0.15676215,483,,3,0,,OUTCOME_AWARENESS,,180
Reconocimiento de la marca - Copia,2025-04-21,All,All,Estimated ad recall lift (people),2220,19936,22557,11.81,38060,43,0.27465116,0.19062819,798,,25,8,,OUTCOME_AWARENESS,,2220
Reconocimiento de la marca - Copia,2025-04-21,messenger,All,Estimated ad recall lift (people),1,7,7,0.00,12,0,,0,,,,0,,OUTCOME_AWARENESS,,1
Reconocimiento de la marca - Copia,2025-04-21,messenger,OUTCOME_AWARENESS,Estimated ad recall lift (people),1,7,7,0.00,12,0,,0,,,,0,,OUTCOME_AWARENESS,,1
Reconocimiento de la marca - Copia,2025-04-21,facebook,All,Estimated ad recall lift (people),120,4552,5285,2.24,5556,7,0.32,0.13245033,317,,1,0,,OUTCOME_AWARENESS,,120
Reconocimiento de la marca - Copia,2025-04-21,facebook,OUTCOME_AWARENESS,Estimated ad recall lift (people),120,4552,5285,2.24,5556,7,0.32,0.13245033,317,,1,0,,OUTCOME_AWARENESS,,120
Reconocimiento de la marca - Copia,2025-04-21,instagram,All,Estimated ad recall lift (people),2190,15896,17265,9.57,32492,36,0.26583333,0.20851434,481,,24,8,,OUTCOME_AWARENESS,,2190
Reconocimiento de la marca - Copia,2025-04-21,instagram,OUTCOME_AWARENESS,Estimated ad recall lift (people),2190,15896,17265,9.57,32492,36,0.26583333,0.20851434,481,,24,8,,OUTCOME_AWARENESS,,2190
Reconocimiento de la marca - Copia,2025-04-16,All,All,Estimated ad recall lift (people),1340,16594,18488,11.69,25251,21,0.55666667,0.11358719,969,,8,0,,OUTCOME_AWARENESS,,1340
Reconocimiento de la marca - Copia,2025-04-16,instagram,All,Estimated ad recall lift (people),980,7976,8880,6.62,15178,8,0.8275,0.09009009,207,,6,0,,OUTCOME_AWARENESS,,980
Reconocimiento de la marca - Copia,2025-04-16,instagram,OUTCOME_AWARENESS,Estimated ad recall lift (people),980,7976,8880,6.62,15178,8,0.8275,0.09009009,207,,6,0,,OUTCOME_AWARENESS,,980
Reconocimiento de la marca - Copia,2025-04-16,facebook,All,Estimated ad recall lift (people),360,8376,9608,5.07,10073,13,0.39,0.13530391,762,,2,0,,OUTCOME_AWARENESS,,360
Reconocimiento de la marca - Copia,2025-04-16,facebook,OUTCOME_AWARENESS,Estimated ad recall lift (people),360,8376,9608,5.07,10073,13,0.39,0.13530391,762,,2,0,,OUTCOME_AWARENESS,,360
Reconocimiento de la marca - Copia,2025-04-15,All,All,Estimated ad recall lift (people),1090,17316,20715,11.59,25293,31,0.37387097,0.14965001,1294,,10,3,,OUTCOME_AWARENESS,,1090
Reconocimiento de la marca - Copia,2025-04-15,facebook,All,Estimated ad recall lift (people),410,11384,14090,6.90,14524,21,0.32857143,0.14904187,1113,,3,0,,OUTCOME_AWARENESS,,410
Reconocimiento de la marca - Copia,2025-04-15,facebook,OUTCOME_AWARENESS,Estimated ad recall lift (people),410,11384,14090,6.90,14524,21,0.32857143,0.14904187,1113,,3,0,,OUTCOME_AWARENESS,,410
Reconocimiento de la marca - Copia,2025-04-15,instagram,All,Estimated ad recall lift (people),740,6140,6623,4.69,10765,10,0.469,0.15098898,181,,7,3,,OUTCOME_AWARENESS,,740
Reconocimiento de la marca - Copia,2025-04-15,instagram,OUTCOME_AWARENESS,Estimated ad recall lift (people),740,6140,6623,4.69,10765,10,0.469,0.15098898,181,,7,3,,OUTCOME_AWARENESS,,740
Reconocimiento de la marca - Copia,2025-04-15,messenger,All,,,0,2,0.00,4,0,,0,,,,0,,OUTCOME_AWARENESS,,0
Reconocimiento de la marca - Copia,2025-04-15,messenger,OUTCOME_AWARENESS,,,0,2,0.00,4,0,,0,,,,0,,OUTCOME_AWARENESS,,0
Reconocimiento de la marca - Copia,2025-04-14,All,All,Estimated ad recall lift (people),1620,16938,20198,11.90,28279,40,0.2975,0.19803941,1025,,19,3,,OUTCOME_AWARENESS,,1620
Reconocimiento de la marca - Copia,2025-04-14,facebook,All,Estimated ad recall lift (people),450,8384,10289,4.82,10800,20,0.241,0.19438235,778,,3,0,,OUTCOME_AWARENESS,,450
Reconocimiento de la marca - Copia,2025-04-14,facebook,OUTCOME_AWARENESS,Estimated ad recall lift (people),450,8384,10289,4.82,10800,20,0.241,0.19438235,778,,3,0,,OUTCOME_AWARENESS,,450
Reconocimiento de la marca - Copia,2025-04-14,instagram,All,Estimated ad recall lift (people),1250,8968,9903,7.08,17469,20,0.354,0.201959,247,,16,3,,OUTCOME_AWARENESS,,1250
Reconocimiento de la marca - Copia,2025-04-14,instagram,OUTCOME_AWARENESS,Estimated ad recall lift (people),1250,8968,9903,7.08,17469,20,0.354,0.201959,247,,16,3,,OUTCOME_AWARENESS,,1250
Reconocimiento de la marca - Copia,2025-04-14,messenger,All,Estimated ad recall lift (people),1,4,6,0.00,10,0,,0,,,,0,,OUTCOME_AWARENESS,,1
Reconocimiento de la marca - Copia,2025-04-14,messenger,OUTCOME_AWARENESS,Estimated ad recall lift (people),1,4,6,0.00,10,0,,0,,,,0,,OUTCOME_AWARENESS,,1
Reconocimiento de la marca - Copia,2025-04-17,All,All,Estimated ad recall lift (people),1560,14522,18201,11.60,30992,37,0.31351351,0.20328553,589,,24,4,,OUTCOME_AWARENESS,,1560
Reconocimiento de la marca - Copia,2025-04-17,instagram,All,Estimated ad recall lift (people),1520,11448,13528,9.27,26021,32,0.2896875,0.23654642,313,,24,4,,OUTCOME_AWARENESS,,1520
Reconocimiento de la marca - Copia,2025-04-17,instagram,OUTCOME_AWARENESS,Estimated ad recall lift (people),1520,11448,13528,9.27,26021,32,0.2896875,0.23654642,313,,24,4,,OUTCOME_AWARENESS,,1520
Reconocimiento de la marca - Copia,2025-04-17,facebook,All,Estimated ad recall lift (people),140,3952,4671,2.33,4967,5,0.466,0.10704346,276,,,0,,OUTCOME_AWARENESS,,140
Reconocimiento de la marca - Copia,2025-04-17,facebook,OUTCOME_AWARENESS,Estimated ad recall lift (people),140,3952,4671,2.33,4967,5,0.466,0.10704346,276,,,0,,OUTCOME_AWARENESS,,140
Reconocimiento de la marca - Copia,2025-04-17,messenger,All,,,0,2,0.00,4,0,,0,,,,0,,OUTCOME_AWARENESS,,0
Reconocimiento de la marca - Copia,2025-04-17,messenger,OUTCOME_AWARENESS,,,0,2,0.00,4,0,,0,,,,0,,OUTCOME_AWARENESS,,0
Reconocimiento de la marca - Copia,2025-04-20,All,All,Estimated ad recall lift (people),2030,21671,25873,13.39,43455,46,0.29108696,0.17779152,924,,26,8,,OUTCOME_AWARENESS,,2030
Reconocimiento de la marca - Copia,2025-04-20,facebook,All,Estimated ad recall lift (people),80,5708,7023,2.68,7200,8,0.335,0.11391143,456,,,0,,OUTCOME_AWARENESS,,80
Reconocimiento de la marca - Copia,2025-04-20,facebook,OUTCOME_AWARENESS,Estimated ad recall lift (people),80,5708,7023,2.68,7200,8,0.335,0.11391143,456,,,0,,OUTCOME_AWARENESS,,80
Reconocimiento de la marca - Copia,2025-04-20,instagram,All,Estimated ad recall lift (people),1990,16216,18840,10.71,36238,38,0.28184211,0.20169851,466,,26,8,,OUTCOME_AWARENESS,,1990
Reconocimiento de la marca - Copia,2025-04-20,instagram,OUTCOME_AWARENESS,Estimated ad recall lift (people),1990,16216,18840,10.71,36238,38,0.28184211,0.20169851,466,,26,8,,OUTCOME_AWARENESS,,1990
Reconocimiento de la marca - Copia,2025-04-20,messenger,All,Estimated ad recall lift (people),1,10,10,0.00,17,0,,0,2,,,0,,OUTCOME_AWARENESS,,1
Reconocimiento de la marca - Copia,2025-04-20,messenger,OUTCOME_AWARENESS,Estimated ad recall lift (people),1,10,10,0.00,17,0,,0,2,,,0,,OUTCOME_AWARENESS,,1
Reconocimiento de la marca - Copia,2025-04-19,All,All,Estimated ad recall lift (people),1950,19667,23023,12.45,36580,34,0.36617647,0.14767841,905,,17,5,,OUTCOME_AWARENESS,,1950
Reconocimiento de la marca - Copia,2025-04-19,instagram,All,Estimated ad recall lift (people),1820,13876,15899,9.51,29109,23,0.41347826,0.14466319,445,,13,5,,OUTCOME_AWARENESS,,1820
Reconocimiento de la marca - Copia,2025-04-19,instagram,OUTCOME_AWARENESS,Estimated ad recall lift (people),1820,13876,15899,9.51,29109,23,0.41347826,0.14466319,445,,13,5,,OUTCOME_AWARENESS,,1820
Reconocimiento de la marca - Copia,2025-04-19,facebook,All,Estimated ad recall lift (people),160,5808,7102,2.93,7432,11,0.26636364,0.15488595,459,,4,0,,OUTCOME_AWARENESS,,160
Reconocimiento de la marca - Copia,2025-04-19,facebook,OUTCOME_AWARENESS,Estimated ad recall lift (people),160,5808,7102,2.93,7432,11,0.26636364,0.15488595,459,,4,0,,OUTCOME_AWARENESS,,160
Reconocimiento de la marca - Copia,2025-04-19,messenger,All,Estimated ad recall lift (people),1,22,22,0.01,39,0,,0,1,,,0,,OUTCOME_AWARENESS,,1
Reconocimiento de la marca - Copia,2025-04-19,messenger,OUTCOME_AWARENESS,Estimated ad recall lift (people),1,22,22,0.01,39,0,,0,1,,,0,,OUTCOME_AWARENESS,,1
Reconocimiento de la marca - Copia,2025-04-18,All,All,Estimated ad recall lift (people),1970,17448,20924,11.83,33917,46,0.25717391,0.21984324,864,,30,4,,OUTCOME_AWARENESS,,1970
Reconocimiento de la marca - Copia,2025-04-18,messenger,All,Estimated ad recall lift (people),1,23,23,0.01,45,0,,0,2,,,0,,OUTCOME_AWARENESS,,1
Reconocimiento de la marca - Copia,2025-04-18,messenger,OUTCOME_AWARENESS,Estimated ad recall lift (people),1,23,23,0.01,45,0,,0,2,,,0,,OUTCOME_AWARENESS,,1
Reconocimiento de la marca - Copia,2025-04-18,instagram,All,Estimated ad recall lift (people),1790,12260,14343,8.76,26881,35,0.25028571,0.24402147,425,,29,4,,OUTCOME_AWARENESS,,1790
Reconocimiento de la marca - Copia,2025-04-18,instagram,OUTCOME_AWARENESS,Estimated ad recall lift (people),1790,12260,14343,8.76,26881,35,0.25028571,0.24402147,425,,29,4,,OUTCOME_AWARENESS,,1790
Reconocimiento de la marca - Copia,2025-04-18,facebook,All,Estimated ad recall lift (people),230,5512,6558,3.06,6991,11,0.27818182,0.16773407,437,,1,0,,OUTCOME_AWARENESS,,230
Reconocimiento de la marca - Copia,2025-04-18,facebook,OUTCOME_AWARENESS,Estimated ad recall lift (people),230,5512,6558,3.06,6991,11,0.27818182,0.16773407,437,,1,0,,OUTCOME_AWARENESS,,230
Redes seguidores,All,All,All,Facebook follows or likes,105,28564,64578,97.79,58489,539,0.18142857,0.83464957,12226,105,9,0,,OUTCOME_ENGAGEMENT,,0
Redes seguidores,2025-04-23,All,All,Facebook follows or likes,5,6215,7984,6.99,7110,34,0.20558824,0.4258517,1444,5,1,0,,OUTCOME_ENGAGEMENT,,0
Redes seguidores,2025-04-23,facebook,All,Facebook follows or likes,5,6224,7984,6.99,7110,34,0.20558824,0.4258517,1444,5,1,0,,OUTCOME_ENGAGEMENT,,0
Redes seguidores,2025-04-23,facebook,OUTCOME_ENGAGEMENT,Facebook follows or likes,5,6224,7984,6.99,7110,34,0.20558824,0.4258517,1444,5,1,0,,OUTCOME_ENGAGEMENT,,0
Redes seguidores,2025-04-22,All,All,Facebook follows or likes,15,3961,5029,7.01,4567,60,0.11683333,1.19308014,1105,15,,0,,OUTCOME_ENGAGEMENT,,0
Redes seguidores,2025-04-22,facebook,All,Facebook follows or likes,15,4033,5029,7.01,4567,60,0.11683333,1.19308014,1105,15,,0,,OUTCOME_ENGAGEMENT,,0
Redes seguidores,2025-04-22,facebook,OUTCOME_ENGAGEMENT,Facebook follows or likes,15,4033,5029,7.01,4567,60,0.11683333,1.19308014,1105,15,,0,,OUTCOME_ENGAGEMENT,,0
Redes seguidores,2025-04-21,All,All,Facebook follows or likes,7,3279,3875,6.32,3544,52,0.12153846,1.34193548,982,7,,0,,OUTCOME_ENGAGEMENT,,0
Redes seguidores,2025-04-21,facebook,All,Facebook follows or likes,7,3238,3875,6.32,3544,52,0.12153846,1.34193548,982,7,,0,,OUTCOME_ENGAGEMENT,,0
Redes seguidores,2025-04-21,facebook,OUTCOME_ENGAGEMENT,Facebook follows or likes,7,3238,3875,6.32,3544,52,0.12153846,1.34193548,982,7,,0,,OUTCOME_ENGAGEMENT,,0
Redes seguidores,2025-04-24,All,All,Facebook follows or likes,5,5785,7283,7.11,6454,33,0.21545455,0.45310998,1215,5,,0,,OUTCOME_ENGAGEMENT,,0
Redes seguidores,2025-04-24,facebook,All,Facebook follows or likes,5,5744,7283,7.11,6454,33,0.21545455,0.45310998,1215,5,,0,,OUTCOME_ENGAGEMENT,,0
Redes seguidores,2025-04-24,facebook,OUTCOME_ENGAGEMENT,Facebook follows or likes,5,5744,7283,7.11,6454,33,0.21545455,0.45310998,1215,5,,0,,OUTCOME_ENGAGEMENT,,0
Redes seguidores,2025-04-26,All,All,Facebook follows or likes,6,6788,8542,7.15,7650,29,0.24655172,0.33949895,1232,6,2,0,,OUTCOME_ENGAGEMENT,,0
Redes seguidores,2025-04-26,facebook,All,Facebook follows or likes,6,6686,8542,7.15,7650,29,0.24655172,0.33949895,1232,6,2,0,,OUTCOME_ENGAGEMENT,,0
Redes seguidores,2025-04-26,facebook,OUTCOME_ENGAGEMENT,Facebook follows or likes,6,6686,8542,7.15,7650,29,0.24655172,0.33949895,1232,6,2,0,,OUTCOME_ENGAGEMENT,,0
Redes seguidores,2025-04-27,All,All,Facebook follows or likes,5,8046,11210,7.51,10094,41,0.18317073,0.36574487,1577,5,3,0,,OUTCOME_ENGAGEMENT,,0
Redes seguidores,2025-04-27,facebook,All,Facebook follows or likes,5,8372,11210,7.51,10094,41,0.18317073,0.36574487,1577,5,3,0,,OUTCOME_ENGAGEMENT,,0
Redes seguidores,2025-04-27,facebook,OUTCOME_ENGAGEMENT,Facebook follows or likes,5,8372,11210,7.51,10094,41,0.18317073,0.36574487,1577,5,3,0,,OUTCOME_ENGAGEMENT,,0
Redes seguidores,2025-04-25,All,All,Facebook follows or likes,6,4112,4975,6.76,4407,22,0.30727273,0.44221106,828,6,1,0,,OUTCOME_ENGAGEMENT,,0
Redes seguidores,2025-04-25,facebook,All,Facebook follows or likes,6,4186,4975,6.76,4407,22,0.30727273,0.44221106,828,6,1,0,,OUTCOME_ENGAGEMENT,,0
Redes seguidores,2025-04-25,facebook,OUTCOME_ENGAGEMENT,Facebook follows or likes,6,4186,4975,6.76,4407,22,0.30727273,0.44221106,828,6,1,0,,OUTCOME_ENGAGEMENT,,0
Redes seguidores,2025-04-16,All,All,Facebook follows or likes,9,2693,3244,7.35,3020,36,0.20416667,1.10974106,686,9,1,0,,OUTCOME_ENGAGEMENT,,0
Redes seguidores,2025-04-16,facebook,All,Facebook follows or likes,9,2699,3244,7.35,3020,36,0.20416667,1.10974106,686,9,1,0,,OUTCOME_ENGAGEMENT,,0
Redes seguidores,2025-04-16,facebook,OUTCOME_ENGAGEMENT,Facebook follows or likes,9,2699,3244,7.35,3020,36,0.20416667,1.10974106,686,9,1,0,,OUTCOME_ENGAGEMENT,,0
Redes seguidores,2025-04-17,All,All,Facebook follows or likes,11,1322,1466,6.28,1384,58,0.10827586,3.95634379,577,11,,0,,OUTCOME_ENGAGEMENT,,0
Redes seguidores,2025-04-17,facebook,All,Facebook follows or likes,11,1319,1466,6.28,1384,58,0.10827586,3.95634379,577,11,,0,,OUTCOME_ENGAGEMENT,,0
Redes seguidores,2025-04-17,facebook,OUTCOME_ENGAGEMENT,Facebook follows or likes,11,1319,1466,6.28,1384,58,0.10827586,3.95634379,577,11,,0,,OUTCOME_ENGAGEMENT,,0
Redes seguidores,2025-04-15,All,All,Facebook follows or likes,4,2164,2572,6.43,2397,30,0.21433333,1.16640747,488,4,,0,,OUTCOME_ENGAGEMENT,,0
Redes seguidores,2025-04-15,facebook,All,Facebook follows or likes,4,2203,2572,6.43,2397,30,0.21433333,1.16640747,488,4,,0,,OUTCOME_ENGAGEMENT,,0
Redes seguidores,2025-04-15,facebook,OUTCOME_ENGAGEMENT,Facebook follows or likes,4,2203,2572,6.43,2397,30,0.21433333,1.16640747,488,4,,0,,OUTCOME_ENGAGEMENT,,0
Redes seguidores,2025-04-14,All,All,Facebook follows or likes,7,3090,4066,7.65,3857,43,0.17790698,1.05755042,718,7,,0,,OUTCOME_ENGAGEMENT,,0
Redes seguidores,2025-04-14,facebook,All,Facebook follows or likes,7,3193,4066,7.65,3857,43,0.17790698,1.05755042,718,7,,0,,OUTCOME_ENGAGEMENT,,0
Redes seguidores,2025-04-14,facebook,OUTCOME_ENGAGEMENT,Facebook follows or likes,7,3193,4066,7.65,3857,43,0.17790698,1.05755042,718,7,,0,,OUTCOME_ENGAGEMENT,,0
Redes seguidores,2025-04-19,All,All,Facebook follows or likes,7,1168,1336,6.60,1226,26,0.25384615,1.94610778,408,7,1,0,,OUTCOME_ENGAGEMENT,,0
Redes seguidores,2025-04-19,facebook,All,Facebook follows or likes,7,1165,1336,6.60,1226,26,0.25384615,1.94610778,408,7,1,0,,OUTCOME_ENGAGEMENT,,0
Redes seguidores,2025-04-19,facebook,OUTCOME_ENGAGEMENT,Facebook follows or likes,7,1165,1336,6.60,1226,26,0.25384615,1.94610778,408,7,1,0,,OUTCOME_ENGAGEMENT,,0
Redes seguidores,2025-04-20,All,All,Facebook follows or likes,7,1223,1375,7.64,1274,23,0.33217391,1.67272727,367,7,,0,,OUTCOME_ENGAGEMENT,,0
Redes seguidores,2025-04-20,facebook,All,Facebook follows or likes,7,1200,1375,7.64,1274,23,0.33217391,1.67272727,367,7,,0,,OUTCOME_ENGAGEMENT,,0
Redes seguidores,2025-04-20,facebook,OUTCOME_ENGAGEMENT,Facebook follows or likes,7,1200,1375,7.64,1274,23,0.33217391,1.67272727,367,7,,0,,OUTCOME_ENGAGEMENT,,0
Redes seguidores,2025-04-18,All,All,Facebook follows or likes,11,1444,1621,6.99,1505,52,0.13442308,3.20789636,599,11,,0,,OUTCOME_ENGAGEMENT,,0
Redes seguidores,2025-04-18,facebook,All,Facebook follows or likes,11,1457,1621,6.99,1505,52,0.13442308,3.20789636,599,11,,0,,OUTCOME_ENGAGEMENT,,0
Redes seguidores,2025-04-18,facebook,OUTCOME_ENGAGEMENT,Facebook follows or likes,11,1457,1621,6.99,1505,52,0.13442308,3.20789636,599,11,,0,,OUTCOME_ENGAGEMENT,,0
matronatacion conversion,All,All,All,Website leads,59,75358,121166,349.94,240632,1705,0.2052434,1.40716042,29220,5,1110,315,59,OUTCOME_LEADS,,0
matronatacion conversion,2025-04-23,All,All,Website leads,4,7889,8351,25.98,17075,123,0.21121951,1.4728775,2107,,83,21,4,OUTCOME_LEADS,,0
matronatacion conversion,2025-04-23,audience_network,All,,,0,1,0.00,1,0,,0,1,,,0,,OUTCOME_LEADS,,0
matronatacion conversion,2025-04-23,audience_network,OUTCOME_LEADS,,,0,1,0.00,1,0,,0,1,,,0,,OUTCOME_LEADS,,0
matronatacion conversion,2025-04-23,instagram,All,Website leads,4,6294,6428,21.26,13158,93,0.22860215,1.44679527,1508,,73,21,4,OUTCOME_LEADS,,0
matronatacion conversion,2025-04-23,instagram,OUTCOME_LEADS,Website leads,4,6294,6428,21.26,13158,93,0.22860215,1.44679527,1508,,73,21,4,OUTCOME_LEADS,,0
matronatacion conversion,2025-04-23,facebook,All,,,1860,1922,4.72,3916,30,0.15733333,1.56087409,598,,10,0,,OUTCOME_LEADS,,0
matronatacion conversion,2025-04-23,facebook,OUTCOME_LEADS,,,1860,1922,4.72,3916,30,0.15733333,1.56087409,598,,10,0,,OUTCOME_LEADS,,0
matronatacion conversion,2025-04-24,All,All,Website leads,4,8032,8128,24.71,16637,136,0.18169118,1.67322835,2276,,92,21,4,OUTCOME_LEADS,,0
matronatacion conversion,2025-04-24,instagram,All,Website leads,4,5388,5549,18.35,11399,92,0.19945652,1.65795639,1440,,71,21,4,OUTCOME_LEADS,,0
matronatacion conversion,2025-04-24,instagram,OUTCOME_LEADS,Website leads,4,5388,5549,18.35,11399,92,0.19945652,1.65795639,1440,,71,21,4,OUTCOME_LEADS,,0
matronatacion conversion,2025-04-24,facebook,All,,,2544,2579,6.36,5238,44,0.14454545,1.70608763,836,,21,0,,OUTCOME_LEADS,,0
matronatacion conversion,2025-04-24,facebook,OUTCOME_LEADS,,,2544,2579,6.36,5238,44,0.14454545,1.70608763,836,,21,0,,OUTCOME_LEADS,,0
matronatacion conversion,2025-04-22,All,All,Website leads,8,6629,6802,24.73,14033,120,0.20608333,1.764187,1898,,86,19,8,OUTCOME_LEADS,,0
matronatacion conversion,2025-04-22,facebook,All,,,2044,2134,5.88,4381,34,0.17294118,1.59325211,705,,20,0,,OUTCOME_LEADS,,0
matronatacion conversion,2025-04-22,facebook,OUTCOME_LEADS,,,2044,2134,5.88,4381,34,0.17294118,1.59325211,705,,20,0,,OUTCOME_LEADS,,0
matronatacion conversion,2025-04-22,instagram,All,Website leads,8,4416,4666,18.84,9650,86,0.21906977,1.84312045,1191,,66,19,8,OUTCOME_LEADS,,0
matronatacion conversion,2025-04-22,instagram,OUTCOME_LEADS,Website leads,8,4416,4666,18.84,9650,86,0.21906977,1.84312045,1191,,66,19,8,OUTCOME_LEADS,,0
matronatacion conversion,2025-04-22,audience_network,All,,,2,2,0.01,2,0,,0,2,,,0,,OUTCOME_LEADS,,0
matronatacion conversion,2025-04-22,audience_network,OUTCOME_LEADS,,,2,2,0.01,2,0,,0,2,,,0,,OUTCOME_LEADS,,0
matronatacion conversion,2025-04-21,All,All,,,7419,8065,24.30,16544,103,0.23592233,1.27712337,2018,2,73,11,,OUTCOME_LEADS,,0
matronatacion conversion,2025-04-21,instagram,All,,,5046,5280,17.08,10845,58,0.29448276,1.09848485,1129,,47,11,,OUTCOME_LEADS,,0
matronatacion conversion,2025-04-21,instagram,OUTCOME_LEADS,,,5046,5280,17.08,10845,58,0.29448276,1.09848485,1129,,47,11,,OUTCOME_LEADS,,0
matronatacion conversion,2025-04-21,audience_network,All,,,4,7,0.05,7,2,0.025,28.57142857,9,,2,0,,OUTCOME_LEADS,,0
matronatacion conversion,2025-04-21,audience_network,OUTCOME_LEADS,,,4,7,0.05,7,2,0.025,28.57142857,9,,2,0,,OUTCOME_LEADS,,0
matronatacion conversion,2025-04-21,facebook,All,,,2608,2778,7.17,5692,43,0.16674419,1.54787617,880,2,24,0,,OUTCOME_LEADS,,0
matronatacion conversion,2025-04-21,facebook,OUTCOME_LEADS,,,2608,2778,7.17,5692,43,0.16674419,1.54787617,880,2,24,0,,OUTCOME_LEADS,,0
matronatacion conversion,2025-04-27,All,All,Website leads,6,9962,10180,27.25,20986,156,0.17467949,1.5324165,2892,,95,24,6,OUTCOME_LEADS,,0
matronatacion conversion,2025-04-27,audience_network,All,,,2,2,0.01,2,1,0.01,50,3,,1,0,,OUTCOME_LEADS,,0
matronatacion conversion,2025-04-27,audience_network,OUTCOME_LEADS,,,2,2,0.01,2,1,0.01,50,3,,1,0,,OUTCOME_LEADS,,0
matronatacion conversion,2025-04-27,facebook,All,Website leads,2,3308,3605,7.95,7373,64,0.12421875,1.77531207,1287,,29,0,2,OUTCOME_LEADS,,0
matronatacion conversion,2025-04-27,facebook,OUTCOME_LEADS,Website leads,2,3308,3605,7.95,7373,64,0.12421875,1.77531207,1287,,29,0,2,OUTCOME_LEADS,,0
matronatacion conversion,2025-04-27,instagram,All,Website leads,4,6310,6573,19.29,13611,91,0.21197802,1.38445154,1602,,65,24,4,OUTCOME_LEADS,,0
matronatacion conversion,2025-04-27,instagram,OUTCOME_LEADS,Website leads,4,6310,6573,19.29,13611,91,0.21197802,1.38445154,1602,,65,24,4,OUTCOME_LEADS,,0
matronatacion conversion,2025-04-26,All,All,,,8013,8417,24.76,17370,157,0.15770701,1.86527266,2533,,97,30,,OUTCOME_LEADS,,0
matronatacion conversion,2025-04-26,instagram,All,,,5394,5594,17.59,11590,111,0.15846847,1.98426886,1530,,79,30,,OUTCOME_LEADS,,0
matronatacion conversion,2025-04-26,instagram,OUTCOME_LEADS,,,5394,5594,17.59,11590,111,0.15846847,1.98426886,1530,,79,30,,OUTCOME_LEADS,,0
matronatacion conversion,2025-04-26,facebook,All,,,2674,2823,7.17,5780,46,0.15586957,1.62947219,1003,,18,0,,OUTCOME_LEADS,,0
matronatacion conversion,2025-04-26,facebook,OUTCOME_LEADS,,,2674,2823,7.17,5780,46,0.15586957,1.62947219,1003,,18,0,,OUTCOME_LEADS,,0
matronatacion conversion,2025-04-25,All,All,Website leads,2,7457,7703,23.33,15851,134,0.17410448,1.73958198,2335,1,76,27,2,OUTCOME_LEADS,,0
matronatacion conversion,2025-04-25,instagram,All,,,4658,4773,16.36,9883,74,0.22108108,1.5503876,1261,,46,27,,OUTCOME_LEADS,,0
matronatacion conversion,2025-04-25,instagram,OUTCOME_LEADS,,,4658,4773,16.36,9883,74,0.22108108,1.5503876,1261,,46,27,,OUTCOME_LEADS,,0
matronatacion conversion,2025-04-25,facebook,All,Website leads,2,2854,2929,6.96,5967,60,0.116,2.04848071,1073,1,30,0,2,OUTCOME_LEADS,,0
matronatacion conversion,2025-04-25,facebook,OUTCOME_LEADS,Website leads,2,2854,2929,6.96,5967,60,0.116,2.04848071,1073,1,30,0,2,OUTCOME_LEADS,,0
matronatacion conversion,2025-04-25,audience_network,All,,,1,1,0.01,1,0,,0,1,,,0,,OUTCOME_LEADS,,0
matronatacion conversion,2025-04-25,audience_network,OUTCOME_LEADS,,,1,1,0.01,1,0,,0,1,,,0,,OUTCOME_LEADS,,0
matronatacion conversion,2025-04-16,All,All,Website leads,4,6897,7258,21.38,12694,91,0.23494505,1.25378892,1172,,67,14,4,OUTCOME_LEADS,,0
matronatacion conversion,2025-04-16,facebook,All,Website leads,4,2142,2357,6.34,3316,23,0.27565217,0.97581672,364,,13,0,4,OUTCOME_LEADS,,0
matronatacion conversion,2025-04-16,facebook,OUTCOME_LEADS,Website leads,4,2142,2357,6.34,3316,23,0.27565217,0.97581672,364,,13,0,4,OUTCOME_LEADS,,0
matronatacion conversion,2025-04-16,instagram,All,,,4810,4901,15.04,9378,68,0.22117647,1.38747194,808,,54,14,,OUTCOME_LEADS,,0
matronatacion conversion,2025-04-16,instagram,OUTCOME_LEADS,,,4810,4901,15.04,9378,68,0.22117647,1.38747194,808,,54,14,,OUTCOME_LEADS,,0
matronatacion conversion,2025-04-15,All,All,,,8378,8959,24.21,15720,99,0.24454545,1.10503404,1410,,65,22,,OUTCOME_LEADS,,0
matronatacion conversion,2025-04-15,instagram,All,,,6732,6774,19.48,12892,78,0.24974359,1.15146147,1065,,57,22,,OUTCOME_LEADS,,0
matronatacion conversion,2025-04-15,instagram,OUTCOME_LEADS,,,6732,6774,19.48,12892,78,0.24974359,1.15146147,1065,,57,22,,OUTCOME_LEADS,,0
matronatacion conversion,2025-04-15,facebook,All,,,2072,2184,4.72,2826,21,0.2247619,0.96153846,343,,8,0,,OUTCOME_LEADS,,0
matronatacion conversion,2025-04-15,facebook,OUTCOME_LEADS,,,2072,2184,4.72,2826,21,0.2247619,0.96153846,343,,8,0,,OUTCOME_LEADS,,0
matronatacion conversion,2025-04-15,audience_network,All,,,1,1,0.01,2,0,,0,2,,,0,,OUTCOME_LEADS,,0
matronatacion conversion,2025-04-15,audience_network,OUTCOME_LEADS,,,1,1,0.01,2,0,,0,2,,,0,,OUTCOME_LEADS,,0
matronatacion conversion,2025-04-14,All,All,Website leads,4,9308,9536,24.93,16331,109,0.2287156,1.14303691,1449,,77,17,4,OUTCOME_LEADS,,0
matronatacion conversion,2025-04-14,instagram,All,Website leads,2,6366,6478,18.65,12334,78,0.23910256,1.20407533,960,,58,17,2,OUTCOME_LEADS,,0
matronatacion conversion,2025-04-14,instagram,OUTCOME_LEADS,Website leads,2,6366,6478,18.65,12334,78,0.23910256,1.20407533,960,,58,17,2,OUTCOME_LEADS,,0
matronatacion conversion,2025-04-14,audience_network,All,,,4,4,0.07,4,1,0.07,25,4,,1,0,,OUTCOME_LEADS,,0
matronatacion conversion,2025-04-14,audience_network,OUTCOME_LEADS,,,4,4,0.07,4,1,0.07,25,4,,1,0,,OUTCOME_LEADS,,0
matronatacion conversion,2025-04-14,facebook,All,Website leads,2,2960,3054,6.21,3993,30,0.207,0.98231827,485,,18,0,2,OUTCOME_LEADS,,0
matronatacion conversion,2025-04-14,facebook,OUTCOME_LEADS,Website leads,2,2960,3054,6.21,3993,30,0.207,0.98231827,485,,18,0,2,OUTCOME_LEADS,,0
matronatacion conversion,2025-04-17,All,All,Website leads,2,7806,8618,25.26,17763,112,0.22553571,1.29960548,2054,1,64,35,2,OUTCOME_LEADS,,0
matronatacion conversion,2025-04-17,instagram,All,Website leads,2,6700,7099,21.23,14713,91,0.2332967,1.28187069,1601,,55,35,2,OUTCOME_LEADS,,0
matronatacion conversion,2025-04-17,instagram,OUTCOME_LEADS,Website leads,2,6700,7099,21.23,14713,91,0.2332967,1.28187069,1601,,55,35,2,OUTCOME_LEADS,,0
matronatacion conversion,2025-04-17,facebook,All,,,1326,1519,4.03,3050,21,0.19190476,1.38248848,453,1,9,0,,OUTCOME_LEADS,,0
matronatacion conversion,2025-04-17,facebook,OUTCOME_LEADS,,,1326,1519,4.03,3050,21,0.19190476,1.38248848,453,1,9,0,,OUTCOME_LEADS,,0
matronatacion conversion,2025-04-20,All,All,Website leads,11,9268,9846,27.18,20221,123,0.22097561,1.24923827,2423,1,80,18,11,OUTCOME_LEADS,,0
matronatacion conversion,2025-04-20,facebook,All,,,3182,3450,8.20,7029,45,0.18222222,1.30434783,1109,1,21,0,,OUTCOME_LEADS,,0
matronatacion conversion,2025-04-20,facebook,OUTCOME_LEADS,,,3182,3450,8.20,7029,45,0.18222222,1.30434783,1109,1,21,0,,OUTCOME_LEADS,,0
matronatacion conversion,2025-04-20,instagram,All,Website leads,11,6246,6391,18.96,13187,78,0.24307692,1.22046628,1311,,59,18,11,OUTCOME_LEADS,,0
matronatacion conversion,2025-04-20,instagram,OUTCOME_LEADS,Website leads,11,6246,6391,18.96,13187,78,0.24307692,1.22046628,1311,,59,18,11,OUTCOME_LEADS,,0
matronatacion conversion,2025-04-20,audience_network,All,,,2,5,0.02,5,0,,0,3,,,0,,OUTCOME_LEADS,,0
matronatacion conversion,2025-04-20,audience_network,OUTCOME_LEADS,,,2,5,0.02,5,0,,0,3,,,0,,OUTCOME_LEADS,,0
matronatacion conversion,2025-04-19,All,All,Website leads,4,9142,9921,27.47,20250,134,0.205,1.3506703,2603,,82,28,4,OUTCOME_LEADS,,0
matronatacion conversion,2025-04-19,instagram,All,Website leads,2,6532,6828,20.19,13957,83,0.24325301,1.21558289,1616,,57,28,2,OUTCOME_LEADS,,0
matronatacion conversion,2025-04-19,instagram,OUTCOME_LEADS,Website leads,2,6532,6828,20.19,13957,83,0.24325301,1.21558289,1616,,57,28,2,OUTCOME_LEADS,,0
matronatacion conversion,2025-04-19,facebook,All,Website leads,2,2904,3093,7.28,6293,51,0.1427451,1.64888458,987,,25,0,2,OUTCOME_LEADS,,0
matronatacion conversion,2025-04-19,facebook,OUTCOME_LEADS,Website leads,2,2904,3093,7.28,6293,51,0.1427451,1.64888458,987,,25,0,2,OUTCOME_LEADS,,0
matronatacion conversion,2025-04-18,All,All,Website leads,10,8760,9382,24.45,19157,108,0.22638889,1.15114048,2050,,73,28,10,OUTCOME_LEADS,,0
matronatacion conversion,2025-04-18,instagram,All,Website leads,7,7616,7995,21.12,16364,97,0.21773196,1.21325829,1634,,67,28,7,OUTCOME_LEADS,,0
matronatacion conversion,2025-04-18,instagram,OUTCOME_LEADS,Website leads,7,7616,7995,21.12,16364,97,0.21773196,1.21325829,1634,,67,28,7,OUTCOME_LEADS,,0
matronatacion conversion,2025-04-18,facebook,All,Website leads,3,1276,1387,3.33,2793,11,0.30272727,0.79307859,416,,6,0,3,OUTCOME_LEADS,,0
matronatacion conversion,2025-04-18,facebook,OUTCOME_LEADS,Website leads,3,1276,1387,3.33,2793,11,0.30272727,0.79307859,416,,6,0,3,OUTCOME_LEADS,,0
Nueva campaña de Clientes potenciales instagram..,All,All,All,,,18001,30644,166.54,49804,369,0.45132791,1.20415089,4526,,191,229,6,OUTCOME_LEADS,,0
Nueva campaña de Clientes potenciales instagram..,2025-04-23,All,All,,,1450,1540,10.12,2645,21,0.48190476,1.36363636,314,,12,14,,OUTCOME_LEADS,,0
Nueva campaña de Clientes potenciales instagram..,2025-04-23,instagram,All,,,1464,1540,10.12,2645,21,0.48190476,1.36363636,314,,12,14,,OUTCOME_LEADS,,0
Nueva campaña de Clientes potenciales instagram..,2025-04-23,instagram,OUTCOME_LEADS,,,1464,1540,10.12,2645,21,0.48190476,1.36363636,314,,12,14,,OUTCOME_LEADS,,0
Nueva campaña de Clientes potenciales instagram..,2025-04-22,All,All,,,1623,1944,10.47,3188,35,0.29914286,1.80041152,395,,17,21,3,OUTCOME_LEADS,,0
Nueva campaña de Clientes potenciales instagram..,2025-04-22,instagram,All,,,1635,1944,10.47,3188,35,0.29914286,1.80041152,395,,17,21,3,OUTCOME_LEADS,,0
Nueva campaña de Clientes potenciales instagram..,2025-04-22,instagram,OUTCOME_LEADS,,,1635,1944,10.47,3188,35,0.29914286,1.80041152,395,,17,21,3,OUTCOME_LEADS,,0
Nueva campaña de Clientes potenciales instagram..,2025-04-21,All,All,,,2681,3003,14.98,5397,35,0.428,1.16550117,531,,22,16,3,OUTCOME_LEADS,,0
Nueva campaña de Clientes potenciales instagram..,2025-04-21,instagram,All,,,2704,3003,14.98,5397,35,0.428,1.16550117,531,,22,16,3,OUTCOME_LEADS,,0
Nueva campaña de Clientes potenciales instagram..,2025-04-21,instagram,OUTCOME_LEADS,,,2704,3003,14.98,5397,35,0.428,1.16550117,531,,22,16,3,OUTCOME_LEADS,,0
Nueva campaña de Clientes potenciales instagram..,2025-04-24,All,All,,,1655,1833,11.83,3057,25,0.4732,1.36388434,358,,12,19,,OUTCOME_LEADS,,0
Nueva campaña de Clientes potenciales instagram..,2025-04-24,instagram,All,,,1682,1833,11.83,3057,25,0.4732,1.36388434,358,,12,19,,OUTCOME_LEADS,,0
Nueva campaña de Clientes potenciales instagram..,2025-04-24,instagram,OUTCOME_LEADS,,,1682,1833,11.83,3057,25,0.4732,1.36388434,358,,12,19,,OUTCOME_LEADS,,0
Nueva campaña de Clientes potenciales instagram..,2025-04-27,All,All,,,1811,1912,11.68,3110,27,0.43259259,1.41213389,391,,11,21,,OUTCOME_LEADS,,0
Nueva campaña de Clientes potenciales instagram..,2025-04-27,instagram,All,,,1783,1912,11.68,3110,27,0.43259259,1.41213389,391,,11,21,,OUTCOME_LEADS,,0
Nueva campaña de Clientes potenciales instagram..,2025-04-27,instagram,OUTCOME_LEADS,,,1783,1912,11.68,3110,27,0.43259259,1.41213389,391,,11,21,,OUTCOME_LEADS,,0
Nueva campaña de Clientes potenciales instagram..,2025-04-26,All,All,,,1837,2008,12.69,3387,27,0.47,1.34462151,368,,11,19,,OUTCOME_LEADS,,0
Nueva campaña de Clientes potenciales instagram..,2025-04-26,instagram,All,,,1844,2008,12.69,3387,27,0.47,1.34462151,368,,11,19,,OUTCOME_LEADS,,0
Nueva campaña de Clientes potenciales instagram..,2025-04-26,instagram,OUTCOME_LEADS,,,1844,2008,12.69,3387,27,0.47,1.34462151,368,,11,19,,OUTCOME_LEADS,,0
Nueva campaña de Clientes potenciales instagram..,2025-04-25,All,All,,,1552,1653,10.55,2987,27,0.39074074,1.63339383,286,,11,16,,OUTCOME_LEADS,,0
Nueva campaña de Clientes potenciales instagram..,2025-04-25,instagram,All,,,1549,1653,10.55,2987,27,0.39074074,1.63339383,286,,11,16,,OUTCOME_LEADS,,0
Nueva campaña de Clientes potenciales instagram..,2025-04-25,instagram,OUTCOME_LEADS,,,1549,1653,10.55,2987,27,0.39074074,1.63339383,286,,11,16,,OUTCOME_LEADS,,0
Nueva campaña de Clientes potenciales instagram..,2025-04-16,All,All,,,1606,1870,11.17,3279,18,0.62055556,0.96256684,395,,9,16,,OUTCOME_LEADS,,0
Nueva campaña de Clientes potenciales instagram..,2025-04-16,instagram,All,,,1649,1870,11.17,3279,18,0.62055556,0.96256684,395,,9,16,,OUTCOME_LEADS,,0
Nueva campaña de Clientes potenciales instagram..,2025-04-16,instagram,OUTCOME_LEADS,,,1649,1870,11.17,3279,18,0.62055556,0.96256684,395,,9,16,,OUTCOME_LEADS,,0
Nueva campaña de Clientes potenciales instagram..,2025-04-15,All,All,,,1938,2717,12.09,2760,24,0.50375,0.8833272,36,,15,12,,OUTCOME_LEADS,,0
Nueva campaña de Clientes potenciales instagram..,2025-04-15,instagram,All,,,1921,2717,12.09,2760,24,0.50375,0.8833272,36,,15,12,,OUTCOME_LEADS,,0
Nueva campaña de Clientes potenciales instagram..,2025-04-15,instagram,OUTCOME_LEADS,,,1921,2717,12.09,2760,24,0.50375,0.8833272,36,,15,12,,OUTCOME_LEADS,,0
Nueva campaña de Clientes potenciales instagram..,2025-04-14,All,All,,,1833,2819,12.57,2821,16,0.785625,0.56757716,10,,8,10,,OUTCOME_LEADS,,0
Nueva campaña de Clientes potenciales instagram..,2025-04-14,instagram,All,,,1845,2819,12.57,2821,16,0.785625,0.56757716,10,,8,10,,OUTCOME_LEADS,,0
Nueva campaña de Clientes potenciales instagram..,2025-04-14,instagram,OUTCOME_LEADS,,,1845,2819,12.57,2821,16,0.785625,0.56757716,10,,8,10,,OUTCOME_LEADS,,0
Nueva campaña de Clientes potenciales instagram..,2025-04-20,All,All,,,2301,2631,13.11,4780,25,0.5244,0.95020905,386,,12,18,,OUTCOME_LEADS,,0
Nueva campaña de Clientes potenciales instagram..,2025-04-20,instagram,All,,,2257,2631,13.11,4780,25,0.5244,0.95020905,386,,12,18,,OUTCOME_LEADS,,0
Nueva campaña de Clientes potenciales instagram..,2025-04-20,instagram,OUTCOME_LEADS,,,2257,2631,13.11,4780,25,0.5244,0.95020905,386,,12,18,,OUTCOME_LEADS,,0
Nueva campaña de Clientes potenciales instagram..,2025-04-19,All,All,,,2276,2660,13.17,4903,34,0.38735294,1.27819549,420,,21,21,,OUTCOME_LEADS,,0
Nueva campaña de Clientes potenciales instagram..,2025-04-19,instagram,All,,,2312,2660,13.17,4903,34,0.38735294,1.27819549,420,,21,21,,OUTCOME_LEADS,,0
Nueva campaña de Clientes potenciales instagram..,2025-04-19,instagram,OUTCOME_LEADS,,,2312,2660,13.17,4903,34,0.38735294,1.27819549,420,,21,21,,OUTCOME_LEADS,,0
Nueva campaña de Clientes potenciales instagram..,2025-04-17,All,All,,,1632,1866,10.98,3461,30,0.366,1.60771704,307,,13,17,,OUTCOME_LEADS,,0
Nueva campaña de Clientes potenciales instagram..,2025-04-17,instagram,All,,,1679,1866,10.98,3461,30,0.366,1.60771704,307,,13,17,,OUTCOME_LEADS,,0
Nueva campaña de Clientes potenciales instagram..,2025-04-17,instagram,OUTCOME_LEADS,,,1679,1866,10.98,3461,30,0.366,1.60771704,307,,13,17,,OUTCOME_LEADS,,0
Nueva campaña de Clientes potenciales instagram..,2025-04-18,All,All,,,1951,2188,11.13,4029,25,0.4452,1.14259598,329,,17,9,,OUTCOME_LEADS,,0
Nueva campaña de Clientes potenciales instagram..,2025-04-18,instagram,All,,,1896,2188,11.13,4029,25,0.4452,1.14259598,329,,17,9,,OUTCOME_LEADS,,0
Nueva campaña de Clientes potenciales instagram..,2025-04-18,instagram,OUTCOME_LEADS,,,1896,2188,11.13,4029,25,0.4452,1.14259598,329,,17,9,,OUTCOME_LEADS,,0
Nueva campaña de Ventas,All,All,All,Website purchases,1,24102,49006,209.44,48915,933,0.22448017,1.90384851,336,1,314,66,22,OUTCOME_SALES,30,0
Nueva campaña de Ventas,2025-04-23,All,All,,,2234,3003,13.10,2984,67,0.19552239,2.23110223,23,,23,4,2,OUTCOME_SALES,,0
Nueva campaña de Ventas,2025-04-23,unknown,All,,,0,0,0.00,0,0,,,,,,0,,OUTCOME_SALES,,0
Nueva campaña de Ventas,2025-04-23,unknown,OUTCOME_SALES,,,0,0,0.00,0,0,,,,,,0,,OUTCOME_SALES,,0
Nueva campaña de Ventas,2025-04-23,instagram,All,,,780,1050,6.75,1051,5,1.35,0.47619048,1,,1,4,2,OUTCOME_SALES,,0
Nueva campaña de Ventas,2025-04-23,instagram,OUTCOME_SALES,,,780,1050,6.75,1051,5,1.35,0.47619048,1,,1,4,2,OUTCOME_SALES,,0
Nueva campaña de Ventas,2025-04-23,facebook,All,,,1614,1922,6.34,1927,62,0.10225806,3.22580645,22,,22,0,,OUTCOME_SALES,,0
Nueva campaña de Ventas,2025-04-23,facebook,OUTCOME_SALES,,,1614,1922,6.34,1927,62,0.10225806,3.22580645,22,,22,0,,OUTCOME_SALES,,0
Nueva campaña de Ventas,2025-04-23,audience_network,All,,,13,25,0.01,0,0,,0,,,,0,,OUTCOME_SALES,,0
Nueva campaña de Ventas,2025-04-23,audience_network,OUTCOME_SALES,,,13,25,0.01,0,0,,0,,,,0,,OUTCOME_SALES,,0
Nueva campaña de Ventas,2025-04-23,messenger,All,,,6,6,0.00,6,0,,0,,,,0,,OUTCOME_SALES,,0
Nueva campaña de Ventas,2025-04-23,messenger,OUTCOME_SALES,,,6,6,0.00,6,0,,0,,,,0,,OUTCOME_SALES,,0
Nueva campaña de Ventas,2025-04-22,All,All,Website purchases,1,2395,2797,13.35,2785,36,0.37083333,1.28709331,9,,9,11,,OUTCOME_SALES,30,0
Nueva campaña de Ventas,2025-04-22,facebook,All,,,1231,1441,5.37,1444,26,0.20653846,1.80430257,8,,8,0,,OUTCOME_SALES,,0
Nueva campaña de Ventas,2025-04-22,facebook,OUTCOME_SALES,,,1231,1441,5.37,1444,26,0.20653846,1.80430257,8,,8,0,,OUTCOME_SALES,,0
Nueva campaña de Ventas,2025-04-22,audience_network,All,,,8,16,0.08,0,0,,0,,,,0,,OUTCOME_SALES,,0
Nueva campaña de Ventas,2025-04-22,audience_network,OUTCOME_SALES,,,8,16,0.08,0,0,,0,,,,0,,OUTCOME_SALES,,0
Nueva campaña de Ventas,2025-04-22,instagram,All,Website purchases,1,1194,1336,7.90,1337,10,0.79,0.74850299,1,,1,11,,OUTCOME_SALES,30,0
Nueva campaña de Ventas,2025-04-22,instagram,OUTCOME_SALES,Website purchases,1,1194,1336,7.90,1337,10,0.79,0.74850299,1,,1,11,,OUTCOME_SALES,30,0
Nueva campaña de Ventas,2025-04-22,messenger,All,,,4,4,0.00,4,0,,0,,,,0,,OUTCOME_SALES,,0
Nueva campaña de Ventas,2025-04-22,messenger,OUTCOME_SALES,,,4,4,0.00,4,0,,0,,,,0,,OUTCOME_SALES,,0
Nueva campaña de Ventas,2025-04-21,All,All,,,4532,5423,19.70,5431,109,0.18073394,2.00995759,36,,31,3,,OUTCOME_SALES,,0
Nueva campaña de Ventas,2025-04-21,messenger,All,,,10,11,0.00,11,0,,0,,,,0,,OUTCOME_SALES,,0
Nueva campaña de Ventas,2025-04-21,messenger,OUTCOME_SALES,,,10,11,0.00,11,0,,0,,,,0,,OUTCOME_SALES,,0
Nueva campaña de Ventas,2025-04-21,facebook,All,,,3462,3919,11.15,3941,101,0.11039604,2.57718806,29,,26,0,,OUTCOME_SALES,,0
Nueva campaña de Ventas,2025-04-21,facebook,OUTCOME_SALES,,,3462,3919,11.15,3941,101,0.11039604,2.57718806,29,,26,0,,OUTCOME_SALES,,0
Nueva campaña de Ventas,2025-04-21,instagram,All,,,1249,1474,8.37,1477,7,1.19571429,0.47489824,6,,4,3,,OUTCOME_SALES,,0
Nueva campaña de Ventas,2025-04-21,instagram,OUTCOME_SALES,,,1249,1474,8.37,1477,7,1.19571429,0.47489824,6,,4,3,,OUTCOME_SALES,,0
Nueva campaña de Ventas,2025-04-21,audience_network,All,,,3,19,0.18,2,1,0.18,5.26315789,1,,1,0,,OUTCOME_SALES,,0
Nueva campaña de Ventas,2025-04-21,audience_network,OUTCOME_SALES,,,3,19,0.18,2,1,0.18,5.26315789,1,,1,0,,OUTCOME_SALES,,0
Nueva campaña de Ventas,2025-04-27,All,All,,,2501,3480,15.85,3481,63,0.2515873,1.81034483,29,,25,3,4,OUTCOME_SALES,,0
Nueva campaña de Ventas,2025-04-27,facebook,All,,,1669,2042,7.11,2049,51,0.13941176,2.49755142,20,,16,0,,OUTCOME_SALES,,0
Nueva campaña de Ventas,2025-04-27,facebook,OUTCOME_SALES,,,1669,2042,7.11,2049,51,0.13941176,2.49755142,20,,16,0,,OUTCOME_SALES,,0
Nueva campaña de Ventas,2025-04-27,instagram,All,,,1075,1422,8.73,1426,12,0.7275,0.84388186,9,,9,3,4,OUTCOME_SALES,,0
Nueva campaña de Ventas,2025-04-27,instagram,OUTCOME_SALES,,,1075,1422,8.73,1426,12,0.7275,0.84388186,9,,9,3,4,OUTCOME_SALES,,0
Nueva campaña de Ventas,2025-04-27,messenger,All,,,6,6,0.00,6,0,,0,,,,0,,OUTCOME_SALES,,0
Nueva campaña de Ventas,2025-04-27,messenger,OUTCOME_SALES,,,6,6,0.00,6,0,,0,,,,0,,OUTCOME_SALES,,0
Nueva campaña de Ventas,2025-04-27,audience_network,All,,,5,10,0.01,0,0,,0,,,,0,,OUTCOME_SALES,,0
Nueva campaña de Ventas,2025-04-27,audience_network,OUTCOME_SALES,,,5,10,0.01,0,0,,0,,,,0,,OUTCOME_SALES,,0
Nueva campaña de Ventas,2025-04-26,All,All,,,2322,3136,15.06,3143,51,0.29529412,1.62627551,18,,18,7,2,OUTCOME_SALES,,0
Nueva campaña de Ventas,2025-04-26,messenger,All,,,7,8,0.02,8,0,,0,,,,0,,OUTCOME_SALES,,0
Nueva campaña de Ventas,2025-04-26,messenger,OUTCOME_SALES,,,7,8,0.02,8,0,,0,,,,0,,OUTCOME_SALES,,0
Nueva campaña de Ventas,2025-04-26,audience_network,All,,,2,2,0.00,0,0,,0,,,,0,,OUTCOME_SALES,,0
Nueva campaña de Ventas,2025-04-26,audience_network,OUTCOME_SALES,,,2,2,0.00,0,0,,0,,,,0,,OUTCOME_SALES,,0
Nueva campaña de Ventas,2025-04-26,instagram,All,,,1112,1440,8.08,1445,13,0.62153846,0.90277778,6,,6,7,,OUTCOME_SALES,,0
Nueva campaña de Ventas,2025-04-26,instagram,OUTCOME_SALES,,,1112,1440,8.08,1445,13,0.62153846,0.90277778,6,,6,7,,OUTCOME_SALES,,0
Nueva campaña de Ventas,2025-04-26,facebook,All,,,1347,1686,6.96,1690,38,0.18315789,2.25385528,12,,12,0,2,OUTCOME_SALES,,0
Nueva campaña de Ventas,2025-04-26,facebook,OUTCOME_SALES,,,1347,1686,6.96,1690,38,0.18315789,2.25385528,12,,12,0,2,OUTCOME_SALES,,0
Nueva campaña de Ventas,2025-04-24,All,All,,,2566,3361,13.84,3359,73,0.18958904,2.17197263,21,,20,4,,OUTCOME_SALES,,0
Nueva campaña de Ventas,2025-04-24,audience_network,All,,,6,13,0.03,0,1,0.03,7.69230769,1,,1,0,,OUTCOME_SALES,,0
Nueva campaña de Ventas,2025-04-24,audience_network,OUTCOME_SALES,,,6,13,0.03,0,1,0.03,7.69230769,1,,1,0,,OUTCOME_SALES,,0
Nueva campaña de Ventas,2025-04-24,facebook,All,,,1802,2209,7.53,2216,60,0.1255,2.71616116,12,,11,0,,OUTCOME_SALES,,0
Nueva campaña de Ventas,2025-04-24,facebook,OUTCOME_SALES,,,1802,2209,7.53,2216,60,0.1255,2.71616116,12,,11,0,,OUTCOME_SALES,,0
Nueva campaña de Ventas,2025-04-24,instagram,All,,,831,1129,6.27,1133,12,0.5225,1.06288751,8,,8,4,,OUTCOME_SALES,,0
Nueva campaña de Ventas,2025-04-24,instagram,OUTCOME_SALES,,,831,1129,6.27,1133,12,0.5225,1.06288751,8,,8,4,,OUTCOME_SALES,,0
Nueva campaña de Ventas,2025-04-24,messenger,All,,,10,10,0.01,10,0,,0,,,,0,,OUTCOME_SALES,,0
Nueva campaña de Ventas,2025-04-24,messenger,OUTCOME_SALES,,,10,10,0.01,10,0,,0,,,,0,,OUTCOME_SALES,,0
Nueva campaña de Ventas,2025-04-25,All,All,,,2001,2609,13.42,2610,37,0.3627027,1.41816788,19,,17,4,,OUTCOME_SALES,,0
Nueva campaña de Ventas,2025-04-25,instagram,All,,,856,1136,7.72,1140,10,0.772,0.88028169,7,,6,4,,OUTCOME_SALES,,0
Nueva campaña de Ventas,2025-04-25,instagram,OUTCOME_SALES,,,856,1136,7.72,1140,10,0.772,0.88028169,7,,6,4,,OUTCOME_SALES,,0
Nueva campaña de Ventas,2025-04-25,facebook,All,,,1163,1461,5.68,1466,27,0.21037037,1.84804928,12,,11,0,,OUTCOME_SALES,,0
Nueva campaña de Ventas,2025-04-25,facebook,OUTCOME_SALES,,,1163,1461,5.68,1466,27,0.21037037,1.84804928,12,,11,0,,OUTCOME_SALES,,0
Nueva campaña de Ventas,2025-04-25,messenger,All,,,4,4,0.01,4,0,,0,,,,0,,OUTCOME_SALES,,0
Nueva campaña de Ventas,2025-04-25,messenger,OUTCOME_SALES,,,4,4,0.01,4,0,,0,,,,0,,OUTCOME_SALES,,0
Nueva campaña de Ventas,2025-04-25,audience_network,All,,,2,8,0.01,0,0,,0,,,,0,,OUTCOME_SALES,,0
Nueva campaña de Ventas,2025-04-25,audience_network,OUTCOME_SALES,,,2,8,0.01,0,0,,0,,,,0,,OUTCOME_SALES,,0
Nueva campaña de Ventas,2025-04-15,All,All,,,2450,3282,14.16,3279,55,0.25745455,1.67580743,17,,16,8,,OUTCOME_SALES,,0
Nueva campaña de Ventas,2025-04-15,instagram,All,,,988,1272,7.27,1274,9,0.80777778,0.70754717,1,,1,8,,OUTCOME_SALES,,0
Nueva campaña de Ventas,2025-04-15,instagram,OUTCOME_SALES,,,988,1272,7.27,1274,9,0.80777778,0.70754717,1,,1,8,,OUTCOME_SALES,,0
Nueva campaña de Ventas,2025-04-15,facebook,All,,,1572,1983,6.88,1989,46,0.14956522,2.3197176,16,,15,0,,OUTCOME_SALES,,0
Nueva campaña de Ventas,2025-04-15,facebook,OUTCOME_SALES,,,1572,1983,6.88,1989,46,0.14956522,2.3197176,16,,15,0,,OUTCOME_SALES,,0
Nueva campaña de Ventas,2025-04-15,messenger,All,,,16,16,0.01,16,0,,0,,,,0,,OUTCOME_SALES,,0
Nueva campaña de Ventas,2025-04-15,messenger,OUTCOME_SALES,,,16,16,0.01,16,0,,0,,,,0,,OUTCOME_SALES,,0
Nueva campaña de Ventas,2025-04-15,audience_network,All,,,4,11,0.00,0,0,,0,,,,0,,OUTCOME_SALES,,0
Nueva campaña de Ventas,2025-04-15,audience_network,OUTCOME_SALES,,,4,11,0.00,0,0,,0,,,,0,,OUTCOME_SALES,,0
Nueva campaña de Ventas,2025-04-16,All,All,,,2984,3857,15.91,3843,92,0.17293478,2.38527353,31,1,30,7,4,OUTCOME_SALES,,0
Nueva campaña de Ventas,2025-04-16,instagram,All,,,1012,1281,7.05,1286,15,0.47,1.17096019,8,,8,7,4,OUTCOME_SALES,,0
Nueva campaña de Ventas,2025-04-16,instagram,OUTCOME_SALES,,,1012,1281,7.05,1286,15,0.47,1.17096019,8,,8,7,4,OUTCOME_SALES,,0
Nueva campaña de Ventas,2025-04-16,facebook,All,,,2082,2524,8.84,2536,77,0.11480519,3.05071315,23,1,22,0,,OUTCOME_SALES,,0
Nueva campaña de Ventas,2025-04-16,facebook,OUTCOME_SALES,,,2082,2524,8.84,2536,77,0.11480519,3.05071315,23,1,22,0,,OUTCOME_SALES,,0
Nueva campaña de Ventas,2025-04-16,audience_network,All,,,8,31,0.00,0,0,,0,,,,0,,OUTCOME_SALES,,0
Nueva campaña de Ventas,2025-04-16,audience_network,OUTCOME_SALES,,,8,31,0.00,0,0,,0,,,,0,,OUTCOME_SALES,,0
Nueva campaña de Ventas,2025-04-16,messenger,All,,,21,21,0.02,21,0,,0,,,,0,,OUTCOME_SALES,,0
Nueva campaña de Ventas,2025-04-16,messenger,OUTCOME_SALES,,,21,21,0.02,21,0,,0,,,,0,,OUTCOME_SALES,,0
Nueva campaña de Ventas,2025-04-14,All,All,,,2645,3345,14.72,3338,65,0.22646154,1.9431988,19,,19,4,2,OUTCOME_SALES,,0
Nueva campaña de Ventas,2025-04-14,facebook,All,,,1501,1834,5.74,1839,57,0.10070175,3.10796074,16,,16,0,2,OUTCOME_SALES,,0
Nueva campaña de Ventas,2025-04-14,facebook,OUTCOME_SALES,,,1501,1834,5.74,1839,57,0.10070175,3.10796074,16,,16,0,2,OUTCOME_SALES,,0
Nueva campaña de Ventas,2025-04-14,messenger,All,,,11,11,0.00,11,0,,0,,,,0,,OUTCOME_SALES,,0
Nueva campaña de Ventas,2025-04-14,messenger,OUTCOME_SALES,,,11,11,0.00,11,0,,0,,,,0,,OUTCOME_SALES,,0
Nueva campaña de Ventas,2025-04-14,audience_network,All,,,8,18,0.01,0,0,,0,,,,0,,OUTCOME_SALES,,0
Nueva campaña de Ventas,2025-04-14,audience_network,OUTCOME_SALES,,,8,18,0.01,0,0,,0,,,,0,,OUTCOME_SALES,,0
Nueva campaña de Ventas,2025-04-14,instagram,All,,,1188,1482,8.97,1488,8,1.12125,0.53981107,3,,3,4,,OUTCOME_SALES,,0
Nueva campaña de Ventas,2025-04-14,instagram,OUTCOME_SALES,,,1188,1482,8.97,1488,8,1.12125,0.53981107,3,,3,4,,OUTCOME_SALES,,0
Nueva campaña de Ventas,2025-04-20,All,All,,,3666,4445,16.33,4454,81,0.20160494,1.82227222,33,,28,0,,OUTCOME_SALES,,0
Nueva campaña de Ventas,2025-04-20,instagram,All,,,1053,1299,6.90,1306,8,0.8625,0.61585835,6,,6,0,,OUTCOME_SALES,,0
Nueva campaña de Ventas,2025-04-20,instagram,OUTCOME_SALES,,,1053,1299,6.90,1306,8,0.8625,0.61585835,6,,6,0,,OUTCOME_SALES,,0
Nueva campaña de Ventas,2025-04-20,facebook,All,,,2637,3126,9.41,3137,73,0.12890411,2.33525272,27,,22,0,,OUTCOME_SALES,,0
Nueva campaña de Ventas,2025-04-20,facebook,OUTCOME_SALES,,,2637,3126,9.41,3137,73,0.12890411,2.33525272,27,,22,0,,OUTCOME_SALES,,0
Nueva campaña de Ventas,2025-04-20,messenger,All,,,11,11,0.00,11,0,,0,,,,0,,OUTCOME_SALES,,0
Nueva campaña de Ventas,2025-04-20,messenger,OUTCOME_SALES,,,11,11,0.00,11,0,,0,,,,0,,OUTCOME_SALES,,0
Nueva campaña de Ventas,2025-04-20,audience_network,All,,,5,9,0.02,0,0,,0,,,,0,,OUTCOME_SALES,,0
Nueva campaña de Ventas,2025-04-20,audience_network,OUTCOME_SALES,,,5,9,0.02,0,0,,0,,,,0,,OUTCOME_SALES,,0
Nueva campaña de Ventas,2025-04-19,All,All,,,2900,3533,15.88,3516,70,0.22685714,1.98131899,27,,26,7,4,OUTCOME_SALES,,0
Nueva campaña de Ventas,2025-04-19,messenger,All,,,15,15,0.01,15,0,,0,,,,0,,OUTCOME_SALES,,0
Nueva campaña de Ventas,2025-04-19,messenger,OUTCOME_SALES,,,15,15,0.01,15,0,,0,,,,0,,OUTCOME_SALES,,0
Nueva campaña de Ventas,2025-04-19,audience_network,All,,,12,24,0.04,0,0,,0,,,,0,,OUTCOME_SALES,,0
Nueva campaña de Ventas,2025-04-19,audience_network,OUTCOME_SALES,,,12,24,0.04,0,0,,0,,,,0,,OUTCOME_SALES,,0
Nueva campaña de Ventas,2025-04-19,instagram,All,,,837,1072,7.41,1074,11,0.67363636,1.0261194,4,,3,7,4,OUTCOME_SALES,,0
Nueva campaña de Ventas,2025-04-19,instagram,OUTCOME_SALES,,,837,1072,7.41,1074,11,0.67363636,1.0261194,4,,3,7,4,OUTCOME_SALES,,0
Nueva campaña de Ventas,2025-04-19,facebook,All,,,2053,2422,8.42,2427,59,0.14271186,2.4360033,23,,23,0,,OUTCOME_SALES,,0
Nueva campaña de Ventas,2025-04-19,facebook,OUTCOME_SALES,,,2053,2422,8.42,2427,59,0.14271186,2.4360033,23,,23,0,,OUTCOME_SALES,,0
Nueva campaña de Ventas,2025-04-19,unknown,All,,,0,0,0.00,0,0,,,,,,0,,OUTCOME_SALES,,0
Nueva campaña de Ventas,2025-04-19,unknown,OUTCOME_SALES,,,0,0,0.00,0,0,,,,,,0,,OUTCOME_SALES,,0
Nueva campaña de Ventas,2025-04-18,All,All,,,2659,3380,13.87,3353,67,0.20701493,1.98224852,32,,30,2,4,OUTCOME_SALES,,0
Nueva campaña de Ventas,2025-04-18,facebook,All,,,1890,2210,7.28,2218,61,0.11934426,2.760181,27,,25,0,2,OUTCOME_SALES,,0
Nueva campaña de Ventas,2025-04-18,facebook,OUTCOME_SALES,,,1890,2210,7.28,2218,61,0.11934426,2.760181,27,,25,0,2,OUTCOME_SALES,,0
Nueva campaña de Ventas,2025-04-18,instagram,All,,,858,1120,6.56,1125,6,1.09333333,0.53571429,5,,5,2,2,OUTCOME_SALES,,0
Nueva campaña de Ventas,2025-04-18,instagram,OUTCOME_SALES,,,858,1120,6.56,1125,6,1.09333333,0.53571429,5,,5,2,2,OUTCOME_SALES,,0
Nueva campaña de Ventas,2025-04-18,messenger,All,,,9,9,0.01,10,0,,0,,,,0,,OUTCOME_SALES,,0
Nueva campaña de Ventas,2025-04-18,messenger,OUTCOME_SALES,,,9,9,0.01,10,0,,0,,,,0,,OUTCOME_SALES,,0
Nueva campaña de Ventas,2025-04-18,audience_network,All,,,5,41,0.02,0,0,,0,,,,0,,OUTCOME_SALES,,0
Nueva campaña de Ventas,2025-04-18,audience_network,OUTCOME_SALES,,,5,41,0.02,0,0,,0,,,,0,,OUTCOME_SALES,,0
Nueva campaña de Ventas,2025-04-17,All,All,,,2648,3355,14.25,3339,67,0.21268657,1.99701937,22,,22,2,,OUTCOME_SALES,,0
Nueva campaña de Ventas,2025-04-17,audience_network,All,,,7,28,0.02,0,1,0.02,3.57142857,1,,1,0,,OUTCOME_SALES,,0
Nueva campaña de Ventas,2025-04-17,audience_network,OUTCOME_SALES,,,7,28,0.02,0,1,0.02,3.57142857,1,,1,0,,OUTCOME_SALES,,0
Nueva campaña de Ventas,2025-04-17,instagram,All,,,837,1068,6.59,1074,4,1.6475,0.37453184,2,,2,2,,OUTCOME_SALES,,0
Nueva campaña de Ventas,2025-04-17,instagram,OUTCOME_SALES,,,837,1068,6.59,1074,4,1.6475,0.37453184,2,,2,2,,OUTCOME_SALES,,0
Nueva campaña de Ventas,2025-04-17,facebook,All,,,1914,2238,7.62,2244,62,0.12290323,2.77033065,19,,19,0,,OUTCOME_SALES,,0
Nueva campaña de Ventas,2025-04-17,facebook,OUTCOME_SALES,,,1914,2238,7.62,2244,62,0.12290323,2.77033065,19,,19,0,,OUTCOME_SALES,,0
Nueva campaña de Ventas,2025-04-17,messenger,All,,,21,21,0.02,21,0,,0,,,,0,,OUTCOME_SALES,,0
Nueva campaña de Ventas,2025-04-17,messenger,OUTCOME_SALES,,,21,21,0.02,21,0,,0,,,,0,,OUTCOME_SALES,,0
MONTECLARO,All,All,All,Website leads,49,67088,110292,350.23,151098,1572,0.22279262,1.42530737,23981,,884,450,49,OUTCOME_LEADS,,0
MONTECLARO,2025-04-22,All,All,Website leads,11,6471,7097,22.38,9876,127,0.17622047,1.78948852,1693,,66,37,11,OUTCOME_LEADS,,0
MONTECLARO,2025-04-22,messenger,All,,,0,2,0.00,1,0,,0,,,,0,,OUTCOME_LEADS,,0
MONTECLARO,2025-04-22,messenger,OUTCOME_LEADS,,,0,2,0.00,1,0,,0,,,,0,,OUTCOME_LEADS,,0
MONTECLARO,2025-04-22,audience_network,All,,,6,6,0.01,6,0,,0,4,,,0,,OUTCOME_LEADS,,0
MONTECLARO,2025-04-22,audience_network,OUTCOME_LEADS,,,6,6,0.01,6,0,,0,4,,,0,,OUTCOME_LEADS,,0
MONTECLARO,2025-04-22,instagram,All,Website leads,7,5252,5539,17.89,8378,89,0.20101124,1.60678823,1448,,53,37,7,OUTCOME_LEADS,,0
MONTECLARO,2025-04-22,instagram,OUTCOME_LEADS,Website leads,7,5252,5539,17.89,8378,89,0.20101124,1.60678823,1448,,53,37,7,OUTCOME_LEADS,,0
MONTECLARO,2025-04-22,facebook,All,Website leads,4,1466,1550,4.48,1491,38,0.11789474,2.4516129,241,,13,0,4,OUTCOME_LEADS,,0
MONTECLARO,2025-04-22,facebook,OUTCOME_LEADS,Website leads,4,1466,1550,4.48,1491,38,0.11789474,2.4516129,241,,13,0,4,OUTCOME_LEADS,,0
MONTECLARO,2025-04-23,All,All,Website leads,2,6811,7299,25.95,10409,91,0.28516484,1.24674613,1866,,45,33,2,OUTCOME_LEADS,,0
MONTECLARO,2025-04-23,instagram,All,Website leads,2,6052,6427,22.57,9559,75,0.30093333,1.16695192,1741,,40,33,2,OUTCOME_LEADS,,0
MONTECLARO,2025-04-23,instagram,OUTCOME_LEADS,Website leads,2,6052,6427,22.57,9559,75,0.30093333,1.16695192,1741,,40,33,2,OUTCOME_LEADS,,0
MONTECLARO,2025-04-23,facebook,All,,,770,872,3.38,850,16,0.21125,1.83486239,125,,5,0,,OUTCOME_LEADS,,0
MONTECLARO,2025-04-23,facebook,OUTCOME_LEADS,,,770,872,3.38,850,16,0.21125,1.83486239,125,,5,0,,OUTCOME_LEADS,,0
MONTECLARO,2025-04-21,All,All,,,8457,8802,24.74,12629,115,0.21513043,1.30652125,1924,,77,26,,OUTCOME_LEADS,,0
MONTECLARO,2025-04-21,messenger,All,,,3,3,0.01,4,0,,0,,,,0,,OUTCOME_LEADS,,0
MONTECLARO,2025-04-21,messenger,OUTCOME_LEADS,,,3,3,0.01,4,0,,0,,,,0,,OUTCOME_LEADS,,0
MONTECLARO,2025-04-21,audience_network,All,,,8,12,0.03,12,0,,0,11,,,0,,OUTCOME_LEADS,,0
MONTECLARO,2025-04-21,audience_network,OUTCOME_LEADS,,,8,12,0.03,12,0,,0,11,,,0,,OUTCOME_LEADS,,0
MONTECLARO,2025-04-21,instagram,All,,,6450,6641,20.11,10560,83,0.24228916,1.24981178,1574,,57,26,,OUTCOME_LEADS,,0
MONTECLARO,2025-04-21,instagram,OUTCOME_LEADS,,,6450,6641,20.11,10560,83,0.24228916,1.24981178,1574,,57,26,,OUTCOME_LEADS,,0
MONTECLARO,2025-04-21,facebook,All,,,2040,2146,4.59,2053,32,0.1434375,1.49114632,339,,20,0,,OUTCOME_LEADS,,0
MONTECLARO,2025-04-21,facebook,OUTCOME_LEADS,,,2040,2146,4.59,2053,32,0.1434375,1.49114632,339,,20,0,,OUTCOME_LEADS,,0
MONTECLARO,2025-04-26,All,All,Website leads,2,7313,7969,24.22,11443,106,0.22849057,1.33015435,2053,,54,37,2,OUTCOME_LEADS,,0
MONTECLARO,2025-04-26,instagram,All,Website leads,2,6254,6409,19.55,9880,80,0.244375,1.24824466,1796,,42,37,2,OUTCOME_LEADS,,0
MONTECLARO,2025-04-26,instagram,OUTCOME_LEADS,Website leads,2,6254,6409,19.55,9880,80,0.244375,1.24824466,1796,,42,37,2,OUTCOME_LEADS,,0
MONTECLARO,2025-04-26,facebook,All,,,1398,1560,4.67,1563,26,0.17961538,1.66666667,257,,12,0,,OUTCOME_LEADS,,0
MONTECLARO,2025-04-26,facebook,OUTCOME_LEADS,,,1398,1560,4.67,1563,26,0.17961538,1.66666667,257,,12,0,,OUTCOME_LEADS,,0
MONTECLARO,2025-04-25,All,All,Website leads,2,6999,7334,24.69,10503,139,0.1776259,1.89528225,1822,,70,45,2,OUTCOME_LEADS,,0
MONTECLARO,2025-04-25,facebook,All,,,1356,1508,4.40,1508,41,0.10731707,2.71883289,254,,18,0,,OUTCOME_LEADS,,0
MONTECLARO,2025-04-25,facebook,OUTCOME_LEADS,,,1356,1508,4.40,1508,41,0.10731707,2.71883289,254,,18,0,,OUTCOME_LEADS,,0
MONTECLARO,2025-04-25,instagram,All,Website leads,2,5497,5825,20.29,8995,98,0.20704082,1.68240343,1568,,52,45,2,OUTCOME_LEADS,,0
MONTECLARO,2025-04-25,instagram,OUTCOME_LEADS,Website leads,2,5497,5825,20.29,8995,98,0.20704082,1.68240343,1568,,52,45,2,OUTCOME_LEADS,,0
MONTECLARO,2025-04-25,messenger,All,,,0,1,0.00,0,0,,0,,,,0,,OUTCOME_LEADS,,0
MONTECLARO,2025-04-25,messenger,OUTCOME_LEADS,,,0,1,0.00,0,0,,0,,,,0,,OUTCOME_LEADS,,0
MONTECLARO,2025-04-24,All,All,Website leads,3,6831,7432,25.94,9721,101,0.25683168,1.35898816,2114,,54,38,3,OUTCOME_LEADS,,0
MONTECLARO,2025-04-24,instagram,All,Website leads,3,5902,6161,22.08,8469,78,0.28307692,1.26602824,1915,,41,38,3,OUTCOME_LEADS,,0
MONTECLARO,2025-04-24,instagram,OUTCOME_LEADS,Website leads,3,5902,6161,22.08,8469,78,0.28307692,1.26602824,1915,,41,38,3,OUTCOME_LEADS,,0
MONTECLARO,2025-04-24,facebook,All,,,1144,1269,3.86,1250,23,0.16782609,1.81245075,197,,13,0,,OUTCOME_LEADS,,0
MONTECLARO,2025-04-24,facebook,OUTCOME_LEADS,,,1144,1269,3.86,1250,23,0.16782609,1.81245075,197,,13,0,,OUTCOME_LEADS,,0
MONTECLARO,2025-04-24,audience_network,All,,,0,2,0.00,2,0,,0,2,,,0,,OUTCOME_LEADS,,0
MONTECLARO,2025-04-24,audience_network,OUTCOME_LEADS,,,0,2,0.00,2,0,,0,2,,,0,,OUTCOME_LEADS,,0
MONTECLARO,2025-04-16,All,All,Website leads,5,6371,7161,25.31,10501,113,0.2239823,1.5779919,1780,,64,42,5,OUTCOME_LEADS,,0
MONTECLARO,2025-04-16,instagram,All,Website leads,5,5776,6310,22.96,9664,103,0.22291262,1.63232964,1658,,61,42,5,OUTCOME_LEADS,,0
MONTECLARO,2025-04-16,instagram,OUTCOME_LEADS,Website leads,5,5776,6310,22.96,9664,103,0.22291262,1.63232964,1658,,61,42,5,OUTCOME_LEADS,,0
MONTECLARO,2025-04-16,facebook,All,,,744,851,2.35,837,10,0.235,1.17508813,122,,3,0,,OUTCOME_LEADS,,0
MONTECLARO,2025-04-16,facebook,OUTCOME_LEADS,,,744,851,2.35,837,10,0.235,1.17508813,122,,3,0,,OUTCOME_LEADS,,0
MONTECLARO,2025-04-15,All,All,Website leads,4,6838,7401,24.13,7918,108,0.22342593,1.45926226,214,,56,15,4,OUTCOME_LEADS,,0
MONTECLARO,2025-04-15,audience_network,All,,,6,14,0.00,0,0,,0,,,,0,,OUTCOME_LEADS,,0
MONTECLARO,2025-04-15,audience_network,OUTCOME_LEADS,,,6,14,0.00,0,0,,0,,,,0,,OUTCOME_LEADS,,0
MONTECLARO,2025-04-15,messenger,All,,,10,11,0.02,11,0,,0,,,,0,,OUTCOME_LEADS,,0
MONTECLARO,2025-04-15,messenger,OUTCOME_LEADS,,,10,11,0.02,11,0,,0,,,,0,,OUTCOME_LEADS,,0
MONTECLARO,2025-04-15,instagram,All,Website leads,2,3484,3987,15.37,4515,49,0.31367347,1.22899423,176,,33,15,2,OUTCOME_LEADS,,0
MONTECLARO,2025-04-15,instagram,OUTCOME_LEADS,Website leads,2,3484,3987,15.37,4515,49,0.31367347,1.22899423,176,,33,15,2,OUTCOME_LEADS,,0
MONTECLARO,2025-04-15,facebook,All,Website leads,2,3080,3389,8.74,3392,59,0.14813559,1.74092653,38,,23,0,2,OUTCOME_LEADS,,0
MONTECLARO,2025-04-15,facebook,OUTCOME_LEADS,Website leads,2,3080,3389,8.74,3392,59,0.14813559,1.74092653,38,,23,0,2,OUTCOME_LEADS,,0
MONTECLARO,2025-04-14,All,All,,,7190,7893,24.79,8301,106,0.23386792,1.34296212,147,,49,14,,OUTCOME_LEADS,,0
MONTECLARO,2025-04-14,audience_network,All,,,8,13,0.00,0,0,,0,,,,0,,OUTCOME_LEADS,,0
MONTECLARO,2025-04-14,audience_network,OUTCOME_LEADS,,,8,13,0.00,0,0,,0,,,,0,,OUTCOME_LEADS,,0
MONTECLARO,2025-04-14,messenger,All,,,6,6,0.00,6,0,,0,,,,0,,OUTCOME_LEADS,,0
MONTECLARO,2025-04-14,messenger,OUTCOME_LEADS,,,6,6,0.00,6,0,,0,,,,0,,OUTCOME_LEADS,,0
MONTECLARO,2025-04-14,instagram,All,,,3458,3757,13.76,4183,39,0.35282051,1.03806228,104,,25,14,,OUTCOME_LEADS,,0
MONTECLARO,2025-04-14,instagram,OUTCOME_LEADS,,,3458,3757,13.76,4183,39,0.35282051,1.03806228,104,,25,14,,OUTCOME_LEADS,,0
MONTECLARO,2025-04-14,facebook,All,,,3920,4117,11.03,4112,67,0.16462687,1.62739859,43,,24,0,,OUTCOME_LEADS,,0
MONTECLARO,2025-04-14,facebook,OUTCOME_LEADS,,,3920,4117,11.03,4112,67,0.16462687,1.62739859,43,,24,0,,OUTCOME_LEADS,,0
MONTECLARO,2025-04-20,All,All,Website leads,4,8546,8906,27.04,13084,124,0.21806452,1.39231978,2256,,79,23,4,OUTCOME_LEADS,,0
MONTECLARO,2025-04-20,audience_network,All,,,12,25,0.07,25,1,0.07,4,21,,1,0,,OUTCOME_LEADS,,0
MONTECLARO,2025-04-20,audience_network,OUTCOME_LEADS,,,12,25,0.07,25,1,0.07,4,21,,1,0,,OUTCOME_LEADS,,0
MONTECLARO,2025-04-20,facebook,All,Website leads,2,1446,1585,3.44,1579,37,0.09297297,2.33438486,262,,15,0,2,OUTCOME_LEADS,,0
MONTECLARO,2025-04-20,facebook,OUTCOME_LEADS,Website leads,2,1446,1585,3.44,1579,37,0.09297297,2.33438486,262,,15,0,2,OUTCOME_LEADS,,0
MONTECLARO,2025-04-20,instagram,All,Website leads,2,7102,7296,23.53,11480,86,0.27360465,1.17872807,1973,,63,23,2,OUTCOME_LEADS,,0
MONTECLARO,2025-04-20,instagram,OUTCOME_LEADS,Website leads,2,7102,7296,23.53,11480,86,0.27360465,1.17872807,1973,,63,23,2,OUTCOME_LEADS,,0
MONTECLARO,2025-04-19,All,All,Website leads,9,8012,8495,26.32,12513,122,0.2157377,1.43613891,2080,,82,37,9,OUTCOME_LEADS,,0
MONTECLARO,2025-04-19,audience_network,All,,,0,2,0.01,2,0,,0,2,,,0,,OUTCOME_LEADS,,0
MONTECLARO,2025-04-19,audience_network,OUTCOME_LEADS,,,0,2,0.01,2,0,,0,2,,,0,,OUTCOME_LEADS,,0
MONTECLARO,2025-04-19,instagram,All,Website leads,8,7040,7247,23.33,11310,114,0.20464912,1.57306472,1895,,76,37,8,OUTCOME_LEADS,,0
MONTECLARO,2025-04-19,instagram,OUTCOME_LEADS,Website leads,8,7040,7247,23.33,11310,114,0.20464912,1.57306472,1895,,76,37,8,OUTCOME_LEADS,,0
MONTECLARO,2025-04-19,facebook,All,Website leads,1,1130,1246,2.98,1201,8,0.3725,0.64205457,183,,6,0,1,OUTCOME_LEADS,,0
MONTECLARO,2025-04-19,facebook,OUTCOME_LEADS,Website leads,1,1130,1246,2.98,1201,8,0.3725,0.64205457,183,,6,0,1,OUTCOME_LEADS,,0
MONTECLARO,2025-04-18,All,All,,,8345,8492,24.46,12386,115,0.21269565,1.35421573,2130,,70,32,,OUTCOME_LEADS,,0
MONTECLARO,2025-04-18,instagram,All,,,6836,7120,21.12,11034,88,0.24,1.23595506,1887,,55,32,,OUTCOME_LEADS,,0
MONTECLARO,2025-04-18,instagram,OUTCOME_LEADS,,,6836,7120,21.12,11034,88,0.24,1.23595506,1887,,55,32,,OUTCOME_LEADS,,0
MONTECLARO,2025-04-18,facebook,All,,,1318,1371,3.34,1351,27,0.1237037,1.96936543,242,,15,0,,OUTCOME_LEADS,,0
MONTECLARO,2025-04-18,facebook,OUTCOME_LEADS,,,1318,1371,3.34,1351,27,0.1237037,1.96936543,242,,15,0,,OUTCOME_LEADS,,0
MONTECLARO,2025-04-18,audience_network,All,,,1,1,0.00,1,0,,0,1,,,0,,OUTCOME_LEADS,,0
MONTECLARO,2025-04-18,audience_network,OUTCOME_LEADS,,,1,1,0.00,1,0,,0,1,,,0,,OUTCOME_LEADS,,0
MONTECLARO,2025-04-17,All,All,Website leads,7,6650,6892,22.78,9669,106,0.21490566,1.53801509,1690,,56,43,7,OUTCOME_LEADS,,0
MONTECLARO,2025-04-17,facebook,All,,,924,986,2.53,955,12,0.21083333,1.21703854,139,,4,0,,OUTCOME_LEADS,,0
MONTECLARO,2025-04-17,facebook,OUTCOME_LEADS,,,924,986,2.53,955,12,0.21083333,1.21703854,139,,4,0,,OUTCOME_LEADS,,0
MONTECLARO,2025-04-17,instagram,All,Website leads,7,5550,5905,20.24,8713,94,0.21531915,1.5918713,1550,,52,43,7,OUTCOME_LEADS,,0
MONTECLARO,2025-04-17,instagram,OUTCOME_LEADS,Website leads,7,5550,5905,20.24,8713,94,0.21531915,1.5918713,1550,,52,43,7,OUTCOME_LEADS,,0
MONTECLARO,2025-04-17,audience_network,All,,,0,1,0.01,1,0,,0,1,,,0,,OUTCOME_LEADS,,0
MONTECLARO,2025-04-17,audience_network,OUTCOME_LEADS,,,0,1,0.01,1,0,,0,1,,,0,,OUTCOME_LEADS,,0
MONTECLARO,2025-04-27,All,All,,,8999,9119,27.48,12145,99,0.27757576,1.08564536,2212,,62,28,,OUTCOME_LEADS,,0
MONTECLARO,2025-04-27,instagram,All,,,6500,6766,21.51,9799,77,0.27935065,1.13804316,1851,,48,28,,OUTCOME_LEADS,,0
MONTECLARO,2025-04-27,instagram,OUTCOME_LEADS,,,6500,6766,21.51,9799,77,0.27935065,1.13804316,1851,,48,28,,OUTCOME_LEADS,,0
MONTECLARO,2025-04-27,audience_network,All,,,2,7,0.00,7,0,,0,4,,,0,,OUTCOME_LEADS,,0
MONTECLARO,2025-04-27,audience_network,OUTCOME_LEADS,,,2,7,0.00,7,0,,0,4,,,0,,OUTCOME_LEADS,,0
MONTECLARO,2025-04-27,facebook,All,,,2080,2346,5.97,2339,22,0.27136364,0.93776641,357,,14,0,,OUTCOME_LEADS,,0
MONTECLARO,2025-04-27,facebook,OUTCOME_LEADS,,,2080,2346,5.97,2339,22,0.27136364,0.93776641,357,,14,0,,OUTCOME_LEADS,,0