Fecha,Campaña,Dispositivo,Conversiones,Impresiones,Coste,Interacciones,Clics,Envío de formulario,Llamada de teléfono,Contacto,Engagement,Obtener dirección,Acciones categoría de conversión,CTR,Fuente,Set anuncios
2025-01-29,Búsqueda | General,ordenador,1.0,8.29,2.45,4,4,1.0,0.0,0.0,0.0,0.0,1.0,0.0,Campaña,N/A
2025-01-29,Búsqueda | General,móbil,4.0,0.01476,40.47,66,66,4.0,0.0,5.0,3.0,3.0,15.0,44.72,Campaña,N/A
2025-01-29,Búsqueda | General,tablet,0.0,0.8,0.0,0,0,0.0,0.0,0.0,0.0,0.0,0.0,0.0,Campaña,N/A
2025-01-29,Pmax | Promoción Bonos - MOFU,ordenador,0.0,0.07,0.01,1,1,0.0,0.0,0.0,0.0,0.0,0.0,0.14,Campaña,N/A
2025-01-29,Pmax | Promoción Bonos - MOFU,móbil,0.0,0.35,3.29,13,13,0.0,0.0,0.0,7.0,2.0,9.0,0.37,Campaña,N/A
2025-01-29,Pmax | Promoción Bonos - RMK,ordenador,0.0,0.44,0.69,1,1,0.0,0.0,0.0,0.0,0.0,0.0,0.02,Campaña,N/A
2025-01-29,Pmax | Promoción Bonos - RMK,móbil,0.0,2.84,5.38,22,18,0.0,0.0,0.0,24.0,1.0,25.0,0.06,Campaña,N/A
2025-01-29,Pmax | Promoción Bonos - RMK,tablet,0.0,0.08,0.14,1,0,0.0,0.0,0.0,0.0,0.0,0.0,0.0,Campaña,N/A
2025-01-29,Pmax | Promoción Bonos - RMK,TV,0.0,0.04,0.24,3,0,0.0,0.0,0.0,0.0,0.0,0.0,0.0,Campaña,N/A
2025-01-29,Pmax | Promoción Nuevo Centro,ordenador,0.0,0.38,2.73,3,2,0.0,0.0,0.0,1.0,0.0,1.0,0.05,Campaña,N/A
2025-01-29,Pmax | Promoción Nuevo Centro,móbil,0.0,1.4,5.63,15,8,0.0,0.0,2.0,0.0,0.0,2.0,0.06,Campaña,N/A
2025-01-29,Pmax | Promoción Nuevo Centro,tablet,0.0,0.04,0.0,0,0,0.0,0.0,0.0,0.0,0.0,0.0,0.0,Campaña,N/A
2025-01-30,Búsqueda | General,ordenador,0.0,1.37,5.98,5,5,0.0,0.0,0.0,0.0,0.0,0.0,0.04,Campaña,N/A
2025-01-30,Búsqueda | General,móbil,2.0,7.08,31.47,51,51,2.0,0.0,0.0,2.0,3.0,7.0,0.07,Campaña,N/A
2025-01-30,Búsqueda | General,tablet,0.0,0.1,0.0,0,0,0.0,0.0,0.0,0.0,0.0,0.0,0.0,Campaña,N/A
2025-01-30,Pmax | Promoción Bonos - MOFU,ordenador,0.0,0.06,0.58,1,1,0.0,0.0,0.0,0.0,0.0,0.0,0.17,Campaña,N/A
2025-01-30,Pmax | Promoción Bonos - MOFU,móbil,0.0,0.25,1.39,6,6,0.0,0.0,0.0,1.0,4.0,5.0,0.24,Campaña,N/A
2025-01-30,Pmax | Promoción Bonos - RMK,ordenador,0.0,0.19,0.57,1,1,0.0,0.0,0.0,0.0,0.0,0.0,0.05,Campaña,N/A
2025-01-30,Pmax | Promoción Bonos - RMK,móbil,0.0,1.52,5.35,13,9,0.0,0.0,0.0,4.0,0.0,4.0,0.06,Campaña,N/A
2025-01-30,Pmax | Promoción Bonos - RMK,tablet,0.0,0.01,0.0,0,0,0.0,0.0,0.0,0.0,0.0,0.0,0.0,Campaña,N/A
2025-01-30,Pmax | Promoción Nuevo Centro,ordenador,0.0,0.26,0.03,0,0,0.0,0.0,0.0,0.0,0.0,0.0,0.0,Campaña,N/A
2025-01-30,Pmax | Promoción Nuevo Centro,móbil,0.0,3.46,2.93,31,17,0.0,0.0,0.0,2.0,0.0,2.0,0.05,Campaña,N/A
2025-01-30,Pmax | Promoción Nuevo Centro,tablet,0.0,0.15,0.01,0,0,0.0,0.0,0.0,0.0,0.0,0.0,0.0,Campaña,N/A
2025-01-30,Pmax | Promoción Nuevo Centro,TV,0.0,0.02,0.01,1,0,0.0,0.0,0.0,0.0,0.0,0.0,0.0,Campaña,N/A
2025-01-31,Búsqueda | General,ordenador,0.0,1.03,3.55,3,3,0.0,0.0,0.0,0.0,0.0,0.0,0.03,Campaña,N/A
2025-01-31,Búsqueda | General,móbil,0.0,6.12,23.86,44,44,0.0,0.0,0.0,9.0,0.0,9.0,0.07,Campaña,N/A
2025-01-31,Búsqueda | General,tablet,0.0,0.19,0.0,0,0,0.0,0.0,0.0,0.0,0.0,0.0,0.0,Campaña,N/A
2025-01-31,Pmax | Promoción Bonos - MOFU,ordenador,0.0,0.12,4.91,6,6,0.0,0.0,0.0,0.0,0.0,0.0,0.5,Campaña,N/A
2025-01-31,Pmax | Promoción Bonos - MOFU,móbil,0.0,0.28,1.32,7,7,0.0,0.0,1.0,0.0,0.0,1.0,0.25,Campaña,N/A
2025-01-31,Pmax | Promoción Bonos - RMK,ordenador,0.0,0.13,0.0,0,0,0.0,0.0,0.0,0.0,0.0,0.0,0.0,Campaña,N/A
2025-01-31,Pmax | Promoción Bonos - RMK,móbil,0.0,1.37,2.92,11,8,0.0,0.0,0.0,3.0,0.0,3.0,0.06,Campaña,N/A
2025-01-31,Pmax | Promoción Bonos - RMK,tablet,0.0,0.06,0.01,0,0,0.0,0.0,0.0,0.0,0.0,0.0,0.0,Campaña,N/A
2025-01-31,Pmax | Promoción Nuevo Centro,ordenador,0.0,0.44,1.25,3,1,0.0,0.0,0.0,0.0,0.0,0.0,0.02,Campaña,N/A
2025-01-31,Pmax | Promoción Nuevo Centro,móbil,0.0,1.43,3.4,17,9,0.0,0.0,0.0,1.0,2.0,3.0,0.06,Campaña,N/A
2025-01-31,Pmax | Promoción Nuevo Centro,tablet,0.0,0.02,0.0,1,0,0.0,0.0,0.0,0.0,0.0,0.0,0.0,Campaña,N/A
2025-01-31,Pmax | Promoción Nuevo Centro,TV,0.0,0.02,0.01,0,0,0.0,0.0,0.0,0.0,0.0,0.0,0.0,Campaña,N/A
2025-02-01,Búsqueda | General,otro,0.0,0.01,0.0,0,0,0.0,0.0,0.0,0.0,0.0,0.0,0.0,Campaña,N/A
2025-02-01,Búsqueda | General,ordenador,0.0,1.47,0.0,0,0,0.0,0.0,0.0,0.0,0.0,0.0,0.0,Campaña,N/A
2025-02-01,Búsqueda | General,móbil,3.0,7.96,20.43,40,40,3.0,0.0,0.0,0.0,1.0,4.0,0.05,Campaña,N/A
2025-02-01,Búsqueda | General,tablet,0.0,0.28,0.0,0,0,0.0,0.0,0.0,0.0,0.0,0.0,0.0,Campaña,N/A
2025-02-01,Pmax | Promoción Bonos - MOFU,ordenador,0.0,0.0,0.0,0,0,0.0,0.0,0.0,0.0,0.0,0.0,0.0,Campaña,N/A
2025-02-01,Pmax | Promoción Bonos - MOFU,móbil,1.0,0.48,2.23,12,12,1.0,0.0,3.0,4.0,0.0,8.0,0.25,Campaña,N/A
2025-02-01,Pmax | Promoción Bonos - MOFU,tablet,0.0,0.0,0.0,0,0,0.0,0.0,0.0,0.0,0.0,0.0,0.0,Campaña,N/A
2025-02-01,Pmax | Promoción Bonos - RMK,ordenador,0.0,0.21,2.09,1,1,0.0,0.0,0.0,0.0,0.0,0.0,0.05,Campaña,N/A
2025-02-01,Pmax | Promoción Bonos - RMK,móbil,0.0,1.88,6.47,16,9,0.0,0.0,0.0,6.0,4.0,10.0,0.05,Campaña,N/A
2025-02-01,Pmax | Promoción Bonos - RMK,tablet,0.0,0.07,0.02,0,0,0.0,0.0,0.0,0.0,0.0,0.0,0.0,Campaña,N/A
2025-02-01,Pmax | Promoción Nuevo Centro,ordenador,0.0,0.53,2.17,3,1,0.0,0.0,0.0,0.0,0.0,0.0,0.02,Campaña,N/A
2025-02-01,Pmax | Promoción Nuevo Centro,móbil,0.0,3.77,8.1,39,23,0.0,0.0,0.0,5.0,1.0,6.0,0.06,Campaña,N/A
2025-02-01,Pmax | Promoción Nuevo Centro,tablet,0.0,0.08,0.0,1,0,0.0,0.0,0.0,0.0,0.0,0.0,0.0,Campaña,N/A
2025-02-02,Búsqueda | General,ordenador,0.0,4.55,0.24,2,2,0.0,0.0,0.0,0.0,0.0,0.0,0.0,Campaña,N/A
2025-02-02,Búsqueda | General,móbil,1.0,0.01617,45.8,79,79,1.0,0.0,0.0,0.0,1.0,2.0,48.86,Campaña,N/A
2025-02-02,Búsqueda | General,tablet,0.0,0.9,0.0,0,0,0.0,0.0,0.0,0.0,0.0,0.0,0.0,Campaña,N/A
2025-02-02,Pmax | Promoción Bonos - MOFU,ordenador,0.0,0.02,0.0,0,0,0.0,0.0,0.0,0.0,0.0,0.0,0.0,Campaña,N/A
2025-02-02,Pmax | Promoción Bonos - MOFU,móbil,0.0,0.24,1.3,7,7,0.0,0.0,0.0,1.0,1.0,2.0,0.29,Campaña,N/A
2025-02-02,Pmax | Promoción Bonos - MOFU,tablet,0.0,0.01,0.17,1,1,0.0,0.0,0.0,55.0,2.0,57.0,1.0,Campaña,N/A
2025-02-02,Pmax | Promoción Bonos - RMK,ordenador,0.0,0.08,0.01,1,0,0.0,0.0,0.0,0.0,0.0,0.0,0.0,Campaña,N/A
2025-02-02,Pmax | Promoción Bonos - RMK,móbil,0.0,1.13,6.6,9,6,0.0,0.0,0.0,0.0,3.0,3.0,0.05,Campaña,N/A
2025-02-02,Pmax | Promoción Nuevo Centro,ordenador,0.0,0.61,0.01,1,0,0.0,0.0,0.0,0.0,0.0,0.0,0.0,Campaña,N/A
2025-02-02,Pmax | Promoción Nuevo Centro,móbil,0.0,4.51,4.15,29,20,0.0,0.0,0.0,0.0,0.0,0.0,0.04,Campaña,N/A
2025-02-02,Pmax | Promoción Nuevo Centro,tablet,0.0,0.03,0.0,1,0,0.0,0.0,0.0,0.0,0.0,0.0,0.0,Campaña,N/A
2025-02-02,Pmax | Promoción Nuevo Centro,TV,0.0,0.01,0.01,0,0,0.0,0.0,0.0,0.0,0.0,0.0,0.0,Campaña,N/A
2025-02-03,Búsqueda | General,ordenador,0.0,3.4,4.22,4,4,0.0,0.0,0.0,0.0,0.0,0.0,0.01,Campaña,N/A
2025-02-03,Búsqueda | General,móbil,3.0,0.012110000000000001,67.8,97,97,3.0,0.0,1.0,7.0,2.0,13.0,80.1,Campaña,N/A
2025-02-03,Búsqueda | General,tablet,0.0,0.36,0.03,1,1,0.0,0.0,0.0,0.0,0.0,0.0,0.03,Campaña,N/A
2025-02-03,Pmax | Promoción Bonos - MOFU,ordenador,0.0,0.11,0.56,4,4,0.0,0.0,0.0,0.0,0.0,0.0,0.36,Campaña,N/A
2025-02-03,Pmax | Promoción Bonos - MOFU,móbil,0.0,0.5,0.68,8,7,0.0,0.0,0.0,0.0,0.0,0.0,0.14,Campaña,N/A
2025-02-03,Pmax | Promoción Bonos - RMK,ordenador,0.0,0.08,0.01,1,0,0.0,0.0,0.0,0.0,0.0,0.0,0.0,Campaña,N/A
2025-02-03,Pmax | Promoción Bonos - RMK,móbil,0.0,0.93,1.25,11,3,0.0,0.0,0.0,1.0,0.0,1.0,0.03,Campaña,N/A
2025-02-03,Pmax | Promoción Bonos - RMK,tablet,0.0,0.04,0.0,1,0,0.0,0.0,0.0,0.0,0.0,0.0,0.0,Campaña,N/A
2025-02-03,Pmax | Promoción Nuevo Centro,ordenador,0.0,0.32,0.0,0,0,0.0,0.0,0.0,0.0,0.0,0.0,0.0,Campaña,N/A
2025-02-03,Pmax | Promoción Nuevo Centro,móbil,0.0,2.06,2.94,23,8,0.0,0.0,0.0,1.0,3.0,4.0,0.04,Campaña,N/A
2025-02-03,Pmax | Promoción Nuevo Centro,tablet,0.0,0.07,0.0,0,0,0.0,0.0,0.0,0.0,0.0,0.0,0.0,Campaña,N/A
2025-02-03,Pmax | Promoción Nuevo Centro,TV,0.0,0.01,0.01,1,0,0.0,0.0,0.0,0.0,0.0,0.0,0.0,Campaña,N/A
2025-02-04,Búsqueda | General,ordenador,0.0,2.2,8.24,8,8,0.0,0.0,0.0,0.0,1.0,1.0,0.04,Campaña,N/A
2025-02-04,Búsqueda | General,móbil,5.0,8.1,48.22,72,72,4.0,1.0,0.0,4.0,9.0,18.0,0.09,Campaña,N/A
2025-02-04,Búsqueda | General,tablet,0.0,0.11,0.0,0,0,0.0,0.0,0.0,0.0,0.0,0.0,0.0,Campaña,N/A
2025-02-04,Pmax | Promoción Bonos - MOFU,ordenador,1.0,0.11,5.07,7,7,1.0,0.0,0.0,0.0,1.0,2.0,0.64,Campaña,N/A
2025-02-04,Pmax | Promoción Bonos - MOFU,móbil,0.0,0.49,4.63,15,15,0.0,0.0,0.0,17.0,0.0,17.0,0.31,Campaña,N/A
2025-02-04,Pmax | Promoción Bonos - RMK,ordenador,0.0,0.21,1.29,3,1,0.0,0.0,0.0,0.0,0.0,0.0,0.05,Campaña,N/A
2025-02-04,Pmax | Promoción Bonos - RMK,móbil,0.0,1.27,9.28,19,9,0.0,0.0,1.0,2.0,0.0,3.0,0.07,Campaña,N/A
2025-02-04,Pmax | Promoción Bonos - RMK,tablet,0.0,0.01,0.0,0,0,0.0,0.0,0.0,0.0,0.0,0.0,0.0,Campaña,N/A
2025-02-04,Pmax | Promoción Nuevo Centro,ordenador,0.0,0.23,1.43,4,2,0.0,0.0,0.0,0.0,0.0,0.0,0.09,Campaña,N/A
2025-02-04,Pmax | Promoción Nuevo Centro,móbil,0.0,1.17,5.64,15,10,0.0,0.0,0.0,1.0,2.0,3.0,0.09,Campaña,N/A
2025-02-04,Pmax | Promoción Nuevo Centro,tablet,0.0,0.07,0.03,1,0,0.0,0.0,0.0,0.0,0.0,0.0,0.0,Campaña,N/A
2025-02-04,Pmax | Promoción Nuevo Centro,TV,0.0,0.01,0.0,1,0,0.0,0.0,0.0,0.0,0.0,0.0,0.0,Campaña,N/A
2025-02-05,Búsqueda | General,ordenador,0.0,2.83,4.73,6,6,0.0,0.0,0.0,0.0,1.0,1.0,0.02,Campaña,N/A
2025-02-05,Búsqueda | General,móbil,1.0,0.01679,38.5,74,74,1.0,0.0,3.0,5.0,3.0,12.0,44.07,Campaña,N/A
2025-02-05,Búsqueda | General,tablet,0.0,0.35,0.02,1,1,0.0,0.0,0.0,0.0,0.0,0.0,0.03,Campaña,N/A
2025-02-05,Pmax | Promoción Bonos - MOFU,ordenador,0.0,0.1,9.03,5,5,0.0,0.0,0.0,0.0,3.0,3.0,0.5,Campaña,N/A
2025-02-05,Pmax | Promoción Bonos - MOFU,móbil,1.0,0.39,2.31,18,18,1.0,0.0,2.0,10.0,8.0,21.0,0.46,Campaña,N/A
2025-02-05,Pmax | Promoción Bonos - RMK,ordenador,0.0,0.33,0.06,2,0,0.0,0.0,0.0,0.0,0.0,0.0,0.0,Campaña,N/A
2025-02-05,Pmax | Promoción Bonos - RMK,móbil,0.0,5.09,3.93,28,22,0.0,0.0,0.0,0.0,1.0,1.0,0.04,Campaña,N/A
2025-02-05,Pmax | Promoción Bonos - RMK,tablet,0.0,0.13,0.12,3,0,0.0,0.0,0.0,0.0,0.0,0.0,0.0,Campaña,N/A
2025-02-05,Pmax | Promoción Nuevo Centro,ordenador,0.0,1.33,1.94,4,2,0.0,0.0,0.0,0.0,1.0,1.0,0.02,Campaña,N/A
2025-02-05,Pmax | Promoción Nuevo Centro,móbil,0.0,3.13,1.97,31,17,0.0,0.0,0.0,2.0,1.0,3.0,0.05,Campaña,N/A
2025-02-05,Pmax | Promoción Nuevo Centro,tablet,0.0,0.09,0.04,2,1,0.0,0.0,0.0,0.0,0.0,0.0,0.11,Campaña,N/A
2025-02-05,Pmax | Promoción Nuevo Centro,TV,0.0,0.02,0.01,2,0,0.0,0.0,0.0,0.0,0.0,0.0,0.0,Campaña,N/A
2025-02-06,Búsqueda | General,otro,0.0,0.01,0.0,0,0,0.0,0.0,0.0,0.0,0.0,0.0,0.0,Campaña,N/A
2025-02-06,Búsqueda | General,ordenador,0.0,3.82,0.0,0,0,0.0,0.0,0.0,0.0,0.0,0.0,0.0,Campaña,N/A
2025-02-06,Búsqueda | General,móbil,2.0,0.013229999999999999,42.65,72,72,2.0,0.0,0.0,19.0,5.0,26.0,54.42,Campaña,N/A
2025-02-06,Búsqueda | General,tablet,0.0,0.67,0.06,1,1,0.0,0.0,0.0,0.0,0.0,0.0,0.01,Campaña,N/A
2025-02-06,Pmax | Promoción Bonos - MOFU,ordenador,0.0,0.06,1.39,3,3,0.0,0.0,0.0,0.0,0.0,0.0,0.5,Campaña,N/A
2025-02-06,Pmax | Promoción Bonos - MOFU,móbil,0.0,0.24,1.0,8,8,0.0,0.0,0.0,1.0,2.0,3.0,0.33,Campaña,N/A
2025-02-06,Pmax | Promoción Bonos - RMK,ordenador,0.0,0.31,3.83,4,3,0.0,0.0,0.0,3.0,0.0,3.0,0.1,Campaña,N/A
2025-02-06,Pmax | Promoción Bonos - RMK,móbil,0.0,4.05,6.37,19,18,0.0,0.0,0.0,6.0,0.0,6.0,0.04,Campaña,N/A
2025-02-06,Pmax | Promoción Nuevo Centro,ordenador,0.0,0.92,0.18,5,0,0.0,0.0,0.0,0.0,0.0,0.0,0.0,Campaña,N/A
2025-02-06,Pmax | Promoción Nuevo Centro,móbil,0.0,6.61,4.24,66,16,0.0,0.0,0.0,2.0,0.0,2.0,0.02,Campaña,N/A
2025-02-06,Pmax | Promoción Nuevo Centro,tablet,0.0,0.09,0.01,2,0,0.0,0.0,0.0,0.0,0.0,0.0,0.0,Campaña,N/A
2025-02-06,Pmax | Promoción Nuevo Centro,TV,0.0,0.05,0.01,2,0,0.0,0.0,0.0,0.0,0.0,0.0,0.0,Campaña,N/A
2025-02-07,Búsqueda | General,ordenador,0.0,0.88,3.6,3,3,0.0,0.0,0.0,0.0,1.0,1.0,0.03,Campaña,N/A
2025-02-07,Búsqueda | General,móbil,2.0,5.16,45.55,62,62,2.0,0.0,0.0,6.0,1.0,9.0,0.12,Campaña,N/A
2025-02-07,Búsqueda | General,tablet,0.0,0.03,0.0,0,0,0.0,0.0,0.0,0.0,0.0,0.0,0.0,Campaña,N/A
2025-02-07,Pmax | Promoción Bonos - MOFU,ordenador,0.0,0.09,3.39,3,3,0.0,0.0,0.0,0.0,0.0,0.0,0.33,Campaña,N/A
2025-02-07,Pmax | Promoción Bonos - MOFU,móbil,0.0,0.51,1.0,10,10,0.0,0.0,0.0,0.0,1.0,1.0,0.2,Campaña,N/A
2025-02-07,Pmax | Promoción Bonos - RMK,ordenador,0.0,0.3,0.02,2,0,0.0,0.0,0.0,0.0,0.0,0.0,0.0,Campaña,N/A
2025-02-07,Pmax | Promoción Bonos - RMK,móbil,0.0,0.01363,5.39,68,58,0.0,0.0,2.0,1.0,0.0,3.0,42.55,Campaña,N/A
2025-02-07,Pmax | Promoción Bonos - RMK,tablet,0.0,0.02,0.0,0,0,0.0,0.0,0.0,0.0,0.0,0.0,0.0,Campaña,N/A
2025-02-07,Pmax | Promoción Bonos - RMK,TV,0.0,0.03,0.01,1,0,0.0,0.0,0.0,0.0,0.0,0.0,0.0,Campaña,N/A
2025-02-07,Pmax | Promoción Nuevo Centro,ordenador,0.0,0.46,0.03,1,0,0.0,0.0,0.0,0.0,0.0,0.0,0.0,Campaña,N/A
2025-02-07,Pmax | Promoción Nuevo Centro,móbil,0.0,4.83,5.97,37,14,0.0,0.0,0.0,0.0,2.0,2.0,0.03,Campaña,N/A
2025-02-07,Pmax | Promoción Nuevo Centro,tablet,0.0,0.04,0.0,2,0,0.0,0.0,0.0,0.0,0.0,0.0,0.0,Campaña,N/A
2025-02-07,Pmax | Promoción Nuevo Centro,TV,0.0,0.09,0.05,1,0,0.0,0.0,0.0,0.0,0.0,0.0,0.0,Campaña,N/A
2025-02-08,Búsqueda | General,ordenador,0.0,0.25,2.0,2,2,0.0,0.0,0.0,0.0,0.0,0.0,0.08,Campaña,N/A
2025-02-08,Búsqueda | General,móbil,3.0,5.53,35.51,63,63,3.0,0.0,0.0,16.0,0.0,19.0,0.11,Campaña,N/A
2025-02-08,Búsqueda | General,tablet,0.0,0.04,0.0,0,0,0.0,0.0,0.0,0.0,0.0,0.0,0.0,Campaña,N/A
2025-02-08,Pmax | Promoción Bonos - MOFU,ordenador,0.0,0.01,0.0,0,0,0.0,0.0,0.0,0.0,0.0,0.0,0.0,Campaña,N/A
2025-02-08,Pmax | Promoción Bonos - MOFU,móbil,0.0,0.36,0.34,5,5,0.0,0.0,0.0,0.0,9.0,9.0,0.14,Campaña,N/A
2025-02-08,Pmax | Promoción Bonos - RMK,ordenador,0.0,0.04,0.0,0,0,0.0,0.0,0.0,0.0,0.0,0.0,0.0,Campaña,N/A
2025-02-08,Pmax | Promoción Bonos - RMK,móbil,0.0,1.66,7.54,16,11,0.0,0.0,0.0,8.0,0.0,8.0,0.07,Campaña,N/A
2025-02-08,Pmax | Promoción Nuevo Centro,ordenador,0.0,0.09,0.0,1,0,0.0,0.0,0.0,0.0,0.0,0.0,0.0,Campaña,N/A
2025-02-08,Pmax | Promoción Nuevo Centro,móbil,0.0,1.15,6.07,18,6,0.0,0.0,0.0,0.0,0.0,0.0,0.05,Campaña,N/A
2025-02-08,Pmax | Promoción Nuevo Centro,tablet,0.0,0.01,0.0,0,0,0.0,0.0,0.0,0.0,0.0,0.0,0.0,Campaña,N/A
2025-02-08,Pmax | Promoción Nuevo Centro,TV,0.0,0.05,0.07,1,0,0.0,0.0,0.0,0.0,0.0,0.0,0.0,Campaña,N/A
2025-02-09,Búsqueda | General,ordenador,0.0,0.64,2.96,4,4,0.0,0.0,0.0,0.0,0.0,0.0,0.06,Campaña,N/A
2025-02-09,Búsqueda | General,móbil,3.0,9.1,35.62,82,82,3.0,0.0,0.0,1.0,1.0,5.0,0.09,Campaña,N/A
2025-02-09,Búsqueda | General,tablet,0.0,0.07,0.0,0,0,0.0,0.0,0.0,0.0,0.0,0.0,0.0,Campaña,N/A
2025-02-09,Pmax | Promoción Bonos - MOFU,ordenador,0.0,0.01,0.0,0,0,0.0,0.0,0.0,0.0,0.0,0.0,0.0,Campaña,N/A
2025-02-09,Pmax | Promoción Bonos - MOFU,móbil,0.0,0.21,0.11,3,3,0.0,0.0,0.0,2.0,2.0,4.0,0.14,Campaña,N/A
2025-02-09,Pmax | Promoción Bonos - RMK,ordenador,0.0,0.18,0.05,1,0,0.0,0.0,0.0,0.0,0.0,0.0,0.0,Campaña,N/A
2025-02-09,Pmax | Promoción Bonos - RMK,móbil,0.0,1.2,2.53,7,6,0.0,0.0,0.0,0.0,0.0,0.0,0.05,Campaña,N/A
2025-02-09,Pmax | Promoción Bonos - RMK,tablet,0.0,0.04,0.02,0,0,0.0,0.0,0.0,0.0,0.0,0.0,0.0,Campaña,N/A
2025-02-09,Pmax | Promoción Nuevo Centro,ordenador,0.0,0.15,0.0,0,0,0.0,0.0,0.0,0.0,0.0,0.0,0.0,Campaña,N/A
2025-02-09,Pmax | Promoción Nuevo Centro,móbil,0.0,1.88,2.38,22,7,0.0,0.0,0.0,0.0,0.0,0.0,0.04,Campaña,N/A
2025-02-09,Pmax | Promoción Nuevo Centro,tablet,0.0,0.05,0.07,0,0,0.0,0.0,0.0,0.0,0.0,0.0,0.0,Campaña,N/A
2025-02-09,Pmax | Promoción Nuevo Centro,TV,0.0,0.08,0.02,3,0,0.0,0.0,0.0,0.0,0.0,0.0,0.0,Campaña,N/A
2025-02-10,Búsqueda | General,ordenador,0.0,0.77,1.46,2,2,0.0,0.0,0.0,0.0,0.0,0.0,0.03,Campaña,N/A
2025-02-10,Búsqueda | General,móbil,2.0,6.8,35.04,71,71,2.0,0.0,0.0,3.0,5.0,10.0,0.1,Campaña,N/A
2025-02-10,Búsqueda | General,tablet,0.0,0.13,0.0,0,0,0.0,0.0,0.0,0.0,0.0,0.0,0.0,Campaña,N/A
2025-02-10,Pmax | Promoción Bonos - MOFU,ordenador,0.0,0.14,0.56,5,5,0.0,0.0,0.0,0.0,1.0,1.0,0.36,Campaña,N/A
2025-02-10,Pmax | Promoción Bonos - MOFU,móbil,0.0,0.37,0.36,3,3,0.0,0.0,0.0,1.0,0.0,1.0,0.08,Campaña,N/A
2025-02-10,Pmax | Promoción Bonos - RMK,ordenador,0.0,0.64,0.9,1,1,0.0,0.0,0.0,0.0,0.0,0.0,0.02,Campaña,N/A
2025-02-10,Pmax | Promoción Bonos - RMK,móbil,1.0,3.08,10.57,23,17,1.0,0.0,1.0,8.0,2.0,12.0,0.06,Campaña,N/A
2025-02-10,Pmax | Promoción Bonos - RMK,tablet,0.0,0.04,0.0,0,0,0.0,0.0,0.0,0.0,0.0,0.0,0.0,Campaña,N/A
2025-02-10,Pmax | Promoción Nuevo Centro,ordenador,0.0,0.88,0.18,4,0,0.0,0.0,0.0,0.0,0.0,0.0,0.0,Campaña,N/A
2025-02-10,Pmax | Promoción Nuevo Centro,móbil,1.0,5.0,8.91,32,22,1.0,0.0,0.0,0.0,0.0,1.0,0.04,Campaña,N/A
2025-02-10,Pmax | Promoción Nuevo Centro,tablet,0.0,0.19,0.04,5,0,0.0,0.0,0.0,0.0,0.0,0.0,0.0,Campaña,N/A
2025-02-10,Pmax | Promoción Nuevo Centro,TV,0.0,0.04,0.03,2,0,0.0,0.0,0.0,0.0,0.0,0.0,0.0,Campaña,N/A
2025-02-11,Búsqueda | General,ordenador,0.0,1.53,2.03,4,4,0.0,0.0,0.0,0.0,0.0,0.0,0.03,Campaña,N/A
2025-02-11,Búsqueda | General,móbil,4.0,9.66,48.16,85,85,4.0,0.0,7.0,4.0,5.0,20.0,0.09,Campaña,N/A
2025-02-11,Búsqueda | General,tablet,0.0,0.12,0.0,0,0,0.0,0.0,0.0,0.0,0.0,0.0,0.0,Campaña,N/A
2025-02-11,Pmax | Promoción Bonos - MOFU,ordenador,0.0,0.06,0.08,1,1,0.0,0.0,0.0,0.0,0.0,0.0,0.17,Campaña,N/A
2025-02-11,Pmax | Promoción Bonos - MOFU,móbil,0.0,0.51,1.22,7,7,0.0,0.0,0.0,9.0,2.0,11.0,0.14,Campaña,N/A
2025-02-11,Pmax | Promoción Bonos - RMK,ordenador,0.0,1.41,1.84,5,2,0.0,0.0,0.0,0.0,0.0,0.0,0.01,Campaña,N/A
2025-02-11,Pmax | Promoción Bonos - RMK,móbil,0.0,4.91,5.89,29,28,0.0,0.0,0.0,0.0,1.0,1.0,0.06,Campaña,N/A
2025-02-11,Pmax | Promoción Bonos - RMK,tablet,0.0,0.02,0.0,0,0,0.0,0.0,0.0,0.0,0.0,0.0,0.0,Campaña,N/A
2025-02-11,Pmax | Promoción Bonos - RMK,TV,0.0,0.01,0.0,0,0,0.0,0.0,0.0,0.0,0.0,0.0,0.0,Campaña,N/A
2025-02-11,Pmax | Promoción Nuevo Centro,ordenador,0.0,0.26,2.47,4,2,0.0,0.0,0.0,0.0,0.0,0.0,0.08,Campaña,N/A
2025-02-11,Pmax | Promoción Nuevo Centro,móbil,0.0,1.14,4.76,16,10,0.0,0.0,0.0,1.0,0.0,1.0,0.09,Campaña,N/A
2025-02-11,Pmax | Promoción Nuevo Centro,tablet,0.0,0.04,0.01,1,0,0.0,0.0,0.0,0.0,0.0,0.0,0.0,Campaña,N/A
2025-02-11,Pmax | Promoción Nuevo Centro,TV,0.0,0.08,0.05,2,0,0.0,0.0,0.0,0.0,0.0,0.0,0.0,Campaña,N/A
2025-02-12,Búsqueda | General,ordenador,0.0,1.41,1.57,2,2,0.0,0.0,0.0,0.0,0.0,0.0,0.01,Campaña,N/A
2025-02-12,Búsqueda | General,móbil,5.0,7.36,53.13,73,73,5.0,0.0,0.0,5.0,2.0,12.0,0.1,Campaña,N/A
2025-02-12,Búsqueda | General,tablet,0.0,0.06,0.0,0,0,0.0,0.0,0.0,0.0,0.0,0.0,0.0,Campaña,N/A
2025-02-12,Pmax | Promoción Bonos - MOFU,ordenador,1.0,0.1,2.0,4,4,1.0,0.0,0.0,0.0,0.0,1.0,0.4,Campaña,N/A
2025-02-12,Pmax | Promoción Bonos - MOFU,móbil,1.0,0.33,1.53,14,14,1.0,0.0,1.0,0.0,1.0,3.0,0.42,Campaña,N/A
2025-02-12,Pmax | Promoción Bonos - RMK,ordenador,0.0,0.2,0.0,0,0,0.0,0.0,0.0,0.0,0.0,0.0,0.0,Campaña,N/A
2025-02-12,Pmax | Promoción Bonos - RMK,móbil,0.0,1.42,3.79,15,11,0.0,0.0,0.0,0.0,1.0,1.0,0.08,Campaña,N/A
2025-02-12,Pmax | Promoción Bonos - RMK,tablet,0.0,0.11,0.76,1,0,0.0,0.0,0.0,0.0,0.0,0.0,0.0,Campaña,N/A
2025-02-12,Pmax | Promoción Bonos - RMK,TV,0.0,0.01,0.01,0,0,0.0,0.0,0.0,0.0,0.0,0.0,0.0,Campaña,N/A
2025-02-12,Pmax | Promoción Nuevo Centro,ordenador,0.0,0.15,0.11,2,0,0.0,0.0,0.0,0.0,0.0,0.0,0.0,Campaña,N/A
2025-02-12,Pmax | Promoción Nuevo Centro,móbil,0.0,1.24,3.93,27,6,0.0,0.0,0.0,1.0,0.0,1.0,0.05,Campaña,N/A
2025-02-12,Pmax | Promoción Nuevo Centro,tablet,0.0,0.04,0.01,0,0,0.0,0.0,0.0,0.0,0.0,0.0,0.0,Campaña,N/A
2025-02-13,Búsqueda | General,ordenador,0.0,0.77,9.51,9,9,0.0,0.0,0.0,3.0,0.0,3.0,0.12,Campaña,N/A
2025-02-13,Búsqueda | General,móbil,2.0,3.31,41.02,59,59,2.0,0.0,0.0,0.0,0.0,2.0,0.18,Campaña,N/A
2025-02-13,Búsqueda | General,tablet,0.0,0.01,0.0,0,0,0.0,0.0,0.0,0.0,0.0,0.0,0.0,Campaña,N/A
2025-02-13,Pmax | Promoción Bonos - MOFU,ordenador,0.0,0.06,1.34,3,3,0.0,0.0,0.0,0.0,1.0,1.0,0.5,Campaña,N/A
2025-02-13,Pmax | Promoción Bonos - MOFU,móbil,0.0,0.28,1.03,8,8,0.0,0.0,0.0,0.0,0.0,0.0,0.29,Campaña,N/A
2025-02-13,Pmax | Promoción Bonos - RMK,ordenador,0.0,0.08,4.21,1,1,0.0,0.0,0.0,0.0,0.0,0.0,0.12,Campaña,N/A
2025-02-13,Pmax | Promoción Bonos - RMK,móbil,0.0,0.61,3.71,9,3,0.0,0.0,0.0,0.0,0.0,0.0,0.05,Campaña,N/A
2025-02-13,Pmax | Promoción Bonos - RMK,tablet,0.0,0.01,0.01,1,0,0.0,0.0,0.0,0.0,0.0,0.0,0.0,Campaña,N/A
2025-02-13,Pmax | Promoción Nuevo Centro,ordenador,1.0,0.13,1.71,1,1,1.0,0.0,0.0,0.0,0.0,1.0,0.08,Campaña,N/A
2025-02-13,Pmax | Promoción Nuevo Centro,móbil,0.0,1.12,4.87,19,11,0.0,0.0,0.0,0.0,0.0,0.0,0.1,Campaña,N/A
2025-02-13,Pmax | Promoción Nuevo Centro,TV,0.0,0.01,0.0,1,0,0.0,0.0,0.0,0.0,0.0,0.0,0.0,Campaña,N/A
2025-02-14,Búsqueda | General,ordenador,1.0,0.67,5.28,5,5,1.0,0.0,0.0,0.0,0.0,1.0,0.07,Campaña,N/A
2025-02-14,Búsqueda | General,móbil,0.0,6.96,35.97,57,57,0.0,0.0,0.0,1.0,0.0,1.0,0.08,Campaña,N/A
2025-02-14,Búsqueda | General,tablet,0.0,0.12,0.0,0,0,0.0,0.0,0.0,0.0,0.0,0.0,0.0,Campaña,N/A
2025-02-14,Pmax | Promoción Bonos - MOFU,ordenador,0.0,0.03,1.26,3,3,0.0,0.0,0.0,0.0,0.0,0.0,1.0,Campaña,N/A
2025-02-14,Pmax | Promoción Bonos - MOFU,móbil,2.0,0.28,1.15,7,7,2.0,0.0,0.0,18.0,9.0,29.0,0.25,Campaña,N/A
2025-02-14,Pmax | Promoción Bonos - RMK,ordenador,0.0,0.07,0.0,0,0,0.0,0.0,0.0,0.0,0.0,0.0,0.0,Campaña,N/A
2025-02-14,Pmax | Promoción Bonos - RMK,móbil,0.0,0.58,0.23,5,2,0.0,0.0,0.0,0.0,0.0,0.0,0.03,Campaña,N/A
2025-02-14,Pmax | Promoción Bonos - RMK,tablet,0.0,0.02,0.0,0,0,0.0,0.0,0.0,0.0,0.0,0.0,0.0,Campaña,N/A
2025-02-14,Pmax | Promoción Nuevo Centro,ordenador,0.0,0.12,0.03,2,0,0.0,0.0,0.0,0.0,0.0,0.0,0.0,Campaña,N/A
2025-02-14,Pmax | Promoción Nuevo Centro,móbil,0.0,1.17,3.73,13,5,0.0,0.0,2.0,0.0,0.0,2.0,0.04,Campaña,N/A
2025-02-14,Pmax | Promoción Nuevo Centro,tablet,0.0,0.06,0.01,1,0,0.0,0.0,0.0,0.0,0.0,0.0,0.0,Campaña,N/A
2025-02-14,Pmax | Promoción Nuevo Centro,TV,0.0,0.11,0.1,4,0,0.0,0.0,0.0,0.0,0.0,0.0,0.0,Campaña,N/A
2025-02-15,Búsqueda | General,ordenador,0.0,0.27,2.08,1,1,0.0,0.0,0.0,0.0,0.0,0.0,0.04,Campaña,N/A
2025-02-15,Búsqueda | General,móbil,3.0,5.02,44.66,52,52,3.0,0.0,0.0,0.0,0.0,3.0,0.1,Campaña,N/A
2025-02-15,Búsqueda | General,tablet,0.0,0.1,0.0,0,0,0.0,0.0,0.0,0.0,0.0,0.0,0.0,Campaña,N/A
2025-02-15,Pmax | Promoción Bonos - MOFU,ordenador,1.0,0.04,1.73,1,1,1.0,0.0,0.0,0.0,0.0,1.0,0.25,Campaña,N/A
2025-02-15,Pmax | Promoción Bonos - MOFU,móbil,0.0,0.38,0.86,3,3,0.0,0.0,0.0,0.0,2.0,2.0,0.08,Campaña,N/A
2025-02-15,Pmax | Promoción Bonos - RMK,ordenador,0.0,5.48,0.51,12,1,0.0,0.0,0.0,0.0,0.0,0.0,0.0,Campaña,N/A
2025-02-15,Pmax | Promoción Bonos - RMK,móbil,1.0,0.04293,11.17,275,131,1.0,0.0,0.0,0.0,0.0,1.0,30.51,Campaña,N/A
2025-02-15,Pmax | Promoción Bonos - RMK,tablet,0.0,0.52,0.13,10,1,0.0,0.0,0.0,0.0,0.0,0.0,0.02,Campaña,N/A
2025-02-15,Pmax | Promoción Bonos - RMK,TV,0.0,0.09,0.18,3,0,0.0,0.0,0.0,0.0,0.0,0.0,0.0,Campaña,N/A
2025-02-15,Pmax | Promoción Nuevo Centro,ordenador,0.0,0.04,0.01,1,0,0.0,0.0,0.0,0.0,0.0,0.0,0.0,Campaña,N/A
2025-02-15,Pmax | Promoción Nuevo Centro,móbil,2.0,1.59,5.86,19,8,2.0,0.0,0.0,0.0,0.0,2.0,0.05,Campaña,N/A
2025-02-15,Pmax | Promoción Nuevo Centro,tablet,0.0,0.07,0.01,0,0,0.0,0.0,0.0,0.0,0.0,0.0,0.0,Campaña,N/A
2025-02-15,Pmax | Promoción Nuevo Centro,TV,0.0,0.14,0.08,4,0,0.0,0.0,0.0,0.0,0.0,0.0,0.0,Campaña,N/A
2025-02-16,Búsqueda | General,ordenador,0.0,0.7,0.0,0,0,0.0,0.0,0.0,0.0,0.0,0.0,0.0,Campaña,N/A
2025-02-16,Búsqueda | General,móbil,1.0,7.4,41.51,72,72,1.0,0.0,0.0,2.0,4.0,7.0,0.1,Campaña,N/A
2025-02-16,Búsqueda | General,tablet,0.0,0.08,0.0,0,0,0.0,0.0,0.0,0.0,0.0,0.0,0.0,Campaña,N/A
2025-02-16,Pmax | Promoción Bonos - MOFU,ordenador,0.0,0.01,1.54,1,1,0.0,0.0,0.0,0.0,0.0,0.0,1.0,Campaña,N/A
2025-02-16,Pmax | Promoción Bonos - MOFU,móbil,3.0,0.23,1.68,10,10,3.0,0.0,0.0,1.0,2.0,6.0,0.43,Campaña,N/A
2025-02-16,Pmax | Promoción Bonos - RMK,ordenador,0.0,0.11,0.0,0,0,0.0,0.0,0.0,0.0,0.0,0.0,0.0,Campaña,N/A
2025-02-16,Pmax | Promoción Bonos - RMK,móbil,0.0,1.11,7.63,8,8,0.0,0.0,0.0,1.0,0.0,1.0,0.07,Campaña,N/A
2025-02-16,Pmax | Promoción Bonos - RMK,tablet,0.0,0.04,0.06,1,1,0.0,0.0,0.0,0.0,0.0,0.0,0.25,Campaña,N/A
2025-02-16,Pmax | Promoción Nuevo Centro,ordenador,0.0,0.17,0.01,0,0,0.0,0.0,0.0,0.0,0.0,0.0,0.0,Campaña,N/A
2025-02-16,Pmax | Promoción Nuevo Centro,móbil,0.0,2.23,6.03,28,12,0.0,0.0,0.0,0.0,0.0,0.0,0.05,Campaña,N/A
2025-02-16,Pmax | Promoción Nuevo Centro,tablet,0.0,0.07,0.01,0,0,0.0,0.0,0.0,0.0,0.0,0.0,0.0,Campaña,N/A
2025-02-16,Pmax | Promoción Nuevo Centro,TV,0.0,0.07,0.03,1,0,0.0,0.0,0.0,0.0,0.0,0.0,0.0,Campaña,N/A
2025-02-17,Búsqueda | General,ordenador,0.0,0.57,9.68,7,7,0.0,0.0,0.0,0.0,0.0,0.0,0.12,Campaña,N/A
2025-02-17,Búsqueda | General,móbil,2.0,4.39,39.17,65,65,2.0,0.0,0.0,0.0,0.0,2.0,0.15,Campaña,N/A
2025-02-17,Búsqueda | General,tablet,0.0,0.02,0.0,0,0,0.0,0.0,0.0,0.0,0.0,0.0,0.0,Campaña,N/A
2025-02-17,Pmax | Promoción Bonos - MOFU,ordenador,1.0,0.11,0.38,1,1,1.0,0.0,0.0,0.0,3.0,4.0,0.09,Campaña,N/A
2025-02-17,Pmax | Promoción Bonos - MOFU,móbil,0.0,0.55,2.58,15,15,0.0,0.0,1.0,0.0,17.0,18.0,0.27,Campaña,N/A
2025-02-17,Pmax | Promoción Bonos - RMK,ordenador,0.0,0.33,0.2,3,1,0.0,0.0,0.0,0.0,0.0,0.0,0.03,Campaña,N/A
2025-02-17,Pmax | Promoción Bonos - RMK,móbil,1.0,1.45,7.65,17,12,1.0,0.0,0.0,0.0,1.0,2.0,0.08,Campaña,N/A
2025-02-17,Pmax | Promoción Bonos - RMK,tablet,0.0,0.05,0.01,0,0,0.0,0.0,0.0,0.0,0.0,0.0,0.0,Campaña,N/A
2025-02-17,Pmax | Promoción Nuevo Centro,ordenador,0.0,0.13,1.94,2,1,0.0,0.0,0.0,0.0,0.0,0.0,0.08,Campaña,N/A
2025-02-17,Pmax | Promoción Nuevo Centro,móbil,0.0,1.22,4.09,16,9,0.0,0.0,0.0,1.0,0.0,1.0,0.07,Campaña,N/A
2025-02-17,Pmax | Promoción Nuevo Centro,tablet,0.0,0.01,0.0,0,0,0.0,0.0,0.0,0.0,0.0,0.0,0.0,Campaña,N/A
2025-02-18,Búsqueda | General,ordenador,0.0,1.01,6.23,6,6,0.0,0.0,0.0,0.0,0.0,0.0,0.06,Campaña,N/A
2025-02-18,Búsqueda | General,móbil,1.0,7.49,40.64,69,69,1.0,0.0,0.0,0.0,1.0,2.0,0.09,Campaña,N/A
2025-02-18,Búsqueda | General,tablet,0.0,0.39,0.0,0,0,0.0,0.0,0.0,0.0,0.0,0.0,0.0,Campaña,N/A
2025-02-18,Pmax | Promoción Bonos - MOFU,ordenador,0.0,0.13,2.02,2,2,0.0,0.0,0.0,0.0,0.0,0.0,0.15,Campaña,N/A
2025-02-18,Pmax | Promoción Bonos - MOFU,móbil,0.0,0.19,0.48,6,6,0.0,0.0,1.0,5.0,1.0,7.0,0.32,Campaña,N/A
2025-02-18,Pmax | Promoción Bonos - RMK,ordenador,0.0,0.24,0.01,0,0,0.0,0.0,0.0,0.0,0.0,0.0,0.0,Campaña,N/A
2025-02-18,Pmax | Promoción Bonos - RMK,móbil,0.0,1.46,6.01,12,7,0.0,0.0,0.0,1.0,2.0,3.0,0.05,Campaña,N/A
2025-02-18,Pmax | Promoción Bonos - RMK,tablet,0.0,0.02,0.0,0,0,0.0,0.0,0.0,0.0,0.0,0.0,0.0,Campaña,N/A
2025-02-18,Pmax | Promoción Nuevo Centro,ordenador,0.0,0.09,0.0,0,0,0.0,0.0,0.0,0.0,0.0,0.0,0.0,Campaña,N/A
2025-02-18,Pmax | Promoción Nuevo Centro,móbil,0.0,1.08,5.43,13,10,0.0,0.0,0.0,1.0,0.0,1.0,0.09,Campaña,N/A
2025-02-18,Pmax | Promoción Nuevo Centro,TV,0.0,0.01,0.0,0,0,0.0,0.0,0.0,0.0,0.0,0.0,0.0,Campaña,N/A
2025-02-19,Búsqueda | General,ordenador,0.0,1.49,9.39,8,8,0.0,0.0,0.0,0.0,0.0,0.0,0.05,Campaña,N/A
2025-02-19,Búsqueda | General,móbil,3.0,6.89,32.23,55,55,3.0,0.0,0.0,8.0,2.0,13.0,0.08,Campaña,N/A
2025-02-19,Búsqueda | General,tablet,0.0,0.21,0.0,0,0,0.0,0.0,0.0,0.0,0.0,0.0,0.0,Campaña,N/A
2025-02-19,Pmax | Promoción Bonos - MOFU,ordenador,0.0,0.08,0.2,1,1,0.0,0.0,0.0,0.0,0.0,0.0,0.12,Campaña,N/A
2025-02-19,Pmax | Promoción Bonos - MOFU,móbil,0.0,0.4,2.62,12,12,0.0,0.0,2.0,1.0,1.0,4.0,0.3,Campaña,N/A
2025-02-19,Pmax | Promoción Bonos - RMK,ordenador,0.0,0.51,0.14,1,0,0.0,0.0,0.0,0.0,0.0,0.0,0.0,Campaña,N/A
2025-02-19,Pmax | Promoción Bonos - RMK,móbil,0.0,2.23,4.18,13,11,0.0,0.0,0.0,18.0,0.0,18.0,0.05,Campaña,N/A
2025-02-19,Pmax | Promoción Bonos - RMK,tablet,0.0,0.04,0.0,0,0,0.0,0.0,0.0,0.0,0.0,0.0,0.0,Campaña,N/A
2025-02-19,Pmax | Promoción Nuevo Centro,ordenador,0.0,0.23,1.18,2,1,0.0,0.0,0.0,0.0,0.0,0.0,0.04,Campaña,N/A
2025-02-19,Pmax | Promoción Nuevo Centro,móbil,0.0,1.16,5.25,11,5,0.0,0.0,0.0,0.0,0.0,0.0,0.04,Campaña,N/A
2025-02-19,Pmax | Promoción Nuevo Centro,tablet,0.0,0.02,0.01,1,0,0.0,0.0,0.0,0.0,0.0,0.0,0.0,Campaña,N/A
2025-02-19,Pmax | Promoción Nuevo Centro,TV,0.0,0.02,0.0,0,0,0.0,0.0,0.0,0.0,0.0,0.0,0.0,Campaña,N/A
2025-02-20,Búsqueda | General,ordenador,1.0,1.22,4.0,5,5,1.0,0.0,0.0,0.0,0.0,1.0,0.04,Campaña,N/A
2025-02-20,Búsqueda | General,móbil,3.0,5.62,37.68,58,58,3.0,0.0,0.0,1.0,2.0,6.0,0.1,Campaña,N/A
2025-02-20,Búsqueda | General,tablet,0.0,0.12,0.0,0,0,0.0,0.0,0.0,0.0,0.0,0.0,0.0,Campaña,N/A
2025-02-20,Pmax | Promoción Bonos - MOFU,ordenador,0.0,0.08,0.61,1,1,0.0,0.0,0.0,0.0,0.0,0.0,0.12,Campaña,N/A
2025-02-20,Pmax | Promoción Bonos - MOFU,móbil,2.0,0.33,1.76,12,12,2.0,0.0,1.0,0.0,3.0,6.0,0.36,Campaña,N/A
2025-02-20,Pmax | Promoción Bonos - RMK,ordenador,0.0,0.18,1.49,1,1,0.0,0.0,0.0,0.0,0.0,0.0,0.06,Campaña,N/A
2025-02-20,Pmax | Promoción Bonos - RMK,móbil,0.0,1.54,6.43,25,22,0.0,0.0,0.0,0.0,0.0,0.0,0.14,Campaña,N/A
2025-02-20,Pmax | Promoción Bonos - RMK,tablet,0.0,0.01,0.0,1,0,0.0,0.0,0.0,0.0,0.0,0.0,0.0,Campaña,N/A
2025-02-20,Pmax | Promoción Nuevo Centro,ordenador,0.0,0.34,0.42,1,0,0.0,0.0,0.0,0.0,0.0,0.0,0.0,Campaña,N/A
2025-02-20,Pmax | Promoción Nuevo Centro,móbil,2.0,1.46,4.53,27,11,2.0,0.0,0.0,2.0,1.0,5.0,0.08,Campaña,N/A
2025-02-20,Pmax | Promoción Nuevo Centro,tablet,0.0,0.07,0.0,0,0,0.0,0.0,0.0,0.0,0.0,0.0,0.0,Campaña,N/A
2025-02-20,Pmax | Promoción Nuevo Centro,TV,0.0,0.06,0.01,2,0,0.0,0.0,0.0,0.0,0.0,0.0,0.0,Campaña,N/A
2025-02-21,Búsqueda | General,ordenador,0.0,1.28,2.07,4,4,0.0,0.0,0.0,0.0,0.0,0.0,0.03,Campaña,N/A
2025-02-21,Búsqueda | General,móbil,1.0,6.28,23.07,43,43,1.0,0.0,0.0,1.0,2.0,4.0,0.07,Campaña,N/A
2025-02-21,Búsqueda | General,tablet,0.0,0.06,0.0,0,0,0.0,0.0,0.0,0.0,0.0,0.0,0.0,Campaña,N/A
2025-02-21,Pmax | Promoción Bonos - MOFU,ordenador,1.0,0.09,0.34,2,2,1.0,0.0,0.0,0.0,0.0,1.0,0.22,Campaña,N/A
2025-02-21,Pmax | Promoción Bonos - MOFU,móbil,1.0,0.29,1.33,11,11,1.0,0.0,0.0,1.0,1.0,3.0,0.38,Campaña,N/A
2025-02-21,Pmax | Promoción Bonos - RMK,ordenador,0.0,0.28,0.0,0,0,0.0,0.0,0.0,0.0,0.0,0.0,0.0,Campaña,N/A
2025-02-21,Pmax | Promoción Bonos - RMK,móbil,0.0,1.64,4.51,13,5,0.0,0.0,0.0,2.0,1.0,3.0,0.03,Campaña,N/A
2025-02-21,Pmax | Promoción Bonos - RMK,tablet,0.0,0.03,0.0,1,0,0.0,0.0,0.0,0.0,0.0,0.0,0.0,Campaña,N/A
2025-02-21,Pmax | Promoción Bonos - RMK,TV,0.0,0.02,0.04,1,0,0.0,0.0,0.0,0.0,0.0,0.0,0.0,Campaña,N/A
2025-02-21,Pmax | Promoción Nuevo Centro,ordenador,0.0,0.21,1.35,1,1,0.0,0.0,0.0,0.0,0.0,0.0,0.05,Campaña,N/A
2025-02-21,Pmax | Promoción Nuevo Centro,móbil,0.0,1.75,2.08,18,9,0.0,0.0,0.0,0.0,1.0,1.0,0.05,Campaña,N/A
2025-02-21,Pmax | Promoción Nuevo Centro,tablet,0.0,0.02,0.0,1,0,0.0,0.0,0.0,0.0,0.0,0.0,0.0,Campaña,N/A
2025-02-21,Pmax | Promoción Nuevo Centro,TV,0.0,0.1,0.53,2,0,0.0,0.0,0.0,0.0,0.0,0.0,0.0,Campaña,N/A
2025-02-22,Búsqueda | General,ordenador,0.0,0.64,2.27,3,3,0.0,0.0,0.0,0.0,1.0,1.0,0.05,Campaña,N/A
2025-02-22,Búsqueda | General,móbil,3.0,7.26,30.98,58,58,3.0,0.0,0.0,4.0,1.0,8.0,0.08,Campaña,N/A
2025-02-22,Búsqueda | General,tablet,0.0,0.06,0.0,0,0,0.0,0.0,0.0,0.0,0.0,0.0,0.0,Campaña,N/A
2025-02-22,Pmax | Promoción Bonos - MOFU,ordenador,0.0,0.02,0.1,1,1,0.0,0.0,0.0,0.0,0.0,0.0,0.5,Campaña,N/A
2025-02-22,Pmax | Promoción Bonos - MOFU,móbil,0.0,0.28,0.65,8,8,0.0,0.0,3.0,0.0,1.0,4.0,0.29,Campaña,N/A
2025-02-22,Pmax | Promoción Bonos - MOFU,tablet,0.0,0.01,0.0,0,0,0.0,0.0,0.0,0.0,0.0,0.0,0.0,Campaña,N/A
2025-02-22,Pmax | Promoción Bonos - RMK,ordenador,0.0,0.33,0.01,1,0,0.0,0.0,0.0,0.0,0.0,0.0,0.0,Campaña,N/A
2025-02-22,Pmax | Promoción Bonos - RMK,móbil,0.0,3.25,4.68,27,14,0.0,0.0,0.0,4.0,0.0,4.0,0.04,Campaña,N/A
2025-02-22,Pmax | Promoción Bonos - RMK,tablet,0.0,0.07,0.08,2,0,0.0,0.0,0.0,0.0,0.0,0.0,0.0,Campaña,N/A
2025-02-22,Pmax | Promoción Bonos - RMK,TV,0.0,0.1,0.17,3,0,0.0,0.0,0.0,0.0,0.0,0.0,0.0,Campaña,N/A
2025-02-22,Pmax | Promoción Nuevo Centro,ordenador,0.0,0.49,0.15,2,1,0.0,0.0,0.0,0.0,0.0,0.0,0.02,Campaña,N/A
2025-02-22,Pmax | Promoción Nuevo Centro,móbil,0.0,2.09,5.18,30,13,0.0,0.0,0.0,0.0,6.0,6.0,0.06,Campaña,N/A
2025-02-22,Pmax | Promoción Nuevo Centro,tablet,0.0,0.09,0.05,1,0,0.0,0.0,0.0,0.0,0.0,0.0,0.0,Campaña,N/A
2025-02-22,Pmax | Promoción Nuevo Centro,TV,0.0,0.05,0.12,3,0,0.0,0.0,0.0,0.0,0.0,0.0,0.0,Campaña,N/A
2025-02-23,Búsqueda | General,ordenador,0.0,0.75,0.31,1,1,0.0,0.0,0.0,0.0,0.0,0.0,0.01,Campaña,N/A
2025-02-23,Búsqueda | General,móbil,1.0,7.23,24.96,47,47,1.0,0.0,0.0,1.0,6.0,8.0,0.07,Campaña,N/A
2025-02-23,Búsqueda | General,tablet,0.0,0.21,0.23,1,1,0.0,0.0,0.0,1.0,0.0,1.0,0.05,Campaña,N/A
2025-02-23,Pmax | Promoción Bonos - MOFU,móbil,1.0,0.26,1.1,6,6,1.0,0.0,1.0,0.0,0.0,2.0,0.23,Campaña,N/A
2025-02-23,Pmax | Promoción Bonos - RMK,ordenador,0.0,0.13,0.0,0,0,0.0,0.0,0.0,0.0,0.0,0.0,0.0,Campaña,N/A
2025-02-23,Pmax | Promoción Bonos - RMK,móbil,0.0,2.91,8.6,22,16,0.0,0.0,0.0,1.0,0.0,1.0,0.05,Campaña,N/A
2025-02-23,Pmax | Promoción Bonos - RMK,tablet,0.0,0.12,0.0,0,0,0.0,0.0,0.0,0.0,0.0,0.0,0.0,Campaña,N/A
2025-02-23,Pmax | Promoción Bonos - RMK,TV,0.0,0.06,0.05,1,0,0.0,0.0,0.0,0.0,0.0,0.0,0.0,Campaña,N/A
2025-02-23,Pmax | Promoción Nuevo Centro,ordenador,0.0,0.17,1.36,1,1,0.0,0.0,0.0,0.0,3.0,3.0,0.06,Campaña,N/A
2025-02-23,Pmax | Promoción Nuevo Centro,móbil,0.0,1.3,4.58,11,11,0.0,0.0,0.0,0.0,1.0,1.0,0.08,Campaña,N/A
2025-02-23,Pmax | Promoción Nuevo Centro,tablet,0.0,0.01,0.0,0,0,0.0,0.0,0.0,0.0,0.0,0.0,0.0,Campaña,N/A
2025-02-23,Pmax | Promoción Nuevo Centro,TV,0.0,0.03,0.01,2,0,0.0,0.0,0.0,0.0,0.0,0.0,0.0,Campaña,N/A
2025-01-29,N/A,ordenador,0.0,59.0,1.47,2,2,0.0,0.0,0.0,0.0,0.0,0.0,0.03,Set anuncios,Clases natación
2025-01-29,N/A,ordenador,1.0,69.0,0.71,1,1,0.0,0.0,0.0,0.0,0.0,0.0,0.01,Set anuncios,Matronatación
2025-01-29,N/A,ordenador,0.0,689.0,0.27,1,1,0.0,0.0,0.0,0.0,0.0,0.0,0.0,Set anuncios,Natación infantil
2025-01-29,N/A,ordenador,0.0,2.0,0.0,0,0,0.0,0.0,0.0,0.0,0.0,0.0,0.0,Set anuncios,Natación adultos
2025-01-29,N/A,ordenador,0.0,10.0,0.0,0,0,0.0,0.0,0.0,0.0,0.0,0.0,0.0,Set anuncios,Natación embarazadas
2025-01-29,N/A,móbil,0.0,245.0,18.2,27,27,0.0,0.0,0.0,0.0,0.0,0.0,0.11,Set anuncios,Clases natación
2025-01-29,N/A,móbil,3.0,149.0,13.35,17,17,0.0,0.0,0.0,0.0,0.0,0.0,0.11,Set anuncios,Matronatación
2025-01-29,N/A,móbil,0.0,965.0,2.61,9,9,0.0,0.0,0.0,0.0,0.0,0.0,0.01,Set anuncios,Natación infantil
2025-01-29,N/A,móbil,0.0,31.0,2.16,5,5,0.0,0.0,0.0,0.0,0.0,0.0,0.16,Set anuncios,Natación adultos
2025-01-29,N/A,móbil,1.0,86.0,4.15,8,8,0.0,0.0,0.0,0.0,0.0,0.0,0.09,Set anuncios,Natación embarazadas
2025-01-29,N/A,tablet,0.0,9.0,0.0,0,0,0.0,0.0,0.0,0.0,0.0,0.0,0.0,Set anuncios,Clases natación
2025-01-29,N/A,tablet,0.0,3.0,0.0,0,0,0.0,0.0,0.0,0.0,0.0,0.0,0.0,Set anuncios,Matronatación
2025-01-29,N/A,tablet,0.0,68.0,0.0,0,0,0.0,0.0,0.0,0.0,0.0,0.0,0.0,Set anuncios,Natación infantil
2025-01-30,N/A,ordenador,0.0,33.0,2.63,2,2,0.0,0.0,0.0,0.0,0.0,0.0,0.06,Set anuncios,Clases natación
2025-01-30,N/A,ordenador,0.0,15.0,1.8,2,2,0.0,0.0,0.0,0.0,0.0,0.0,0.13,Set anuncios,Matronatación
2025-01-30,N/A,ordenador,0.0,79.0,1.55,1,1,0.0,0.0,0.0,0.0,0.0,0.0,0.01,Set anuncios,Natación infantil
2025-01-30,N/A,ordenador,0.0,10.0,0.0,0,0,0.0,0.0,0.0,0.0,0.0,0.0,0.0,Set anuncios,Natación embarazadas
2025-01-30,N/A,móbil,0.0,159.0,5.82,10,10,0.0,0.0,0.0,0.0,0.0,0.0,0.06,Set anuncios,Clases natación
2025-01-30,N/A,móbil,1.0,115.0,15.19,22,22,0.0,0.0,0.0,0.0,0.0,0.0,0.19,Set anuncios,Matronatación
2025-01-30,N/A,móbil,0.0,347.0,3.49,8,8,0.0,0.0,0.0,0.0,0.0,0.0,0.02,Set anuncios,Natación infantil
2025-01-30,N/A,móbil,0.0,28.0,1.34,4,4,0.0,0.0,0.0,0.0,0.0,0.0,0.14,Set anuncios,Natación adultos
2025-01-30,N/A,móbil,1.0,59.0,5.64,7,7,0.0,0.0,0.0,0.0,0.0,0.0,0.12,Set anuncios,Natación embarazadas
2025-01-30,N/A,tablet,0.0,10.0,0.0,0,0,0.0,0.0,0.0,0.0,0.0,0.0,0.0,Set anuncios,Natación infantil
2025-01-31,N/A,ordenador,0.0,21.0,0.95,1,1,0.0,0.0,0.0,0.0,0.0,0.0,0.05,Set anuncios,Clases natación
2025-01-31,N/A,ordenador,0.0,12.0,0.0,0,0,0.0,0.0,0.0,0.0,0.0,0.0,0.0,Set anuncios,Matronatación
2025-01-31,N/A,ordenador,0.0,69.0,2.6,2,2,0.0,0.0,0.0,0.0,0.0,0.0,0.03,Set anuncios,Natación infantil
2025-01-31,N/A,ordenador,0.0,1.0,0.0,0,0,0.0,0.0,0.0,0.0,0.0,0.0,0.0,Set anuncios,Natación adultos
2025-01-31,N/A,móbil,0.0,114.0,6.1,11,11,0.0,0.0,0.0,0.0,0.0,0.0,0.1,Set anuncios,Clases natación
2025-01-31,N/A,móbil,0.0,107.0,13.76,21,21,0.0,0.0,0.0,0.0,0.0,0.0,0.2,Set anuncios,Matronatación
2025-01-31,N/A,móbil,0.0,326.0,2.61,8,8,0.0,0.0,0.0,0.0,0.0,0.0,0.02,Set anuncios,Natación infantil
2025-01-31,N/A,móbil,0.0,37.0,0.89,3,3,0.0,0.0,0.0,0.0,0.0,0.0,0.08,Set anuncios,Natación adultos
2025-01-31,N/A,móbil,0.0,28.0,0.5,1,1,0.0,0.0,0.0,0.0,0.0,0.0,0.04,Set anuncios,Natación embarazadas
2025-01-31,N/A,tablet,0.0,3.0,0.0,0,0,0.0,0.0,0.0,0.0,0.0,0.0,0.0,Set anuncios,Clases natación
2025-01-31,N/A,tablet,0.0,2.0,0.0,0,0,0.0,0.0,0.0,0.0,0.0,0.0,0.0,Set anuncios,Matronatación
2025-01-31,N/A,tablet,0.0,14.0,0.0,0,0,0.0,0.0,0.0,0.0,0.0,0.0,0.0,Set anuncios,Natación infantil
2025-02-01,N/A,otro,0.0,1.0,0.0,0,0,0.0,0.0,0.0,0.0,0.0,0.0,0.0,Set anuncios,Natación infantil
2025-02-01,N/A,ordenador,0.0,40.0,0.0,0,0,0.0,0.0,0.0,0.0,0.0,0.0,0.0,Set anuncios,Clases natación
2025-02-01,N/A,ordenador,0.0,9.0,0.0,0,0,0.0,0.0,0.0,0.0,0.0,0.0,0.0,Set anuncios,Matronatación
2025-02-01,N/A,ordenador,0.0,96.0,0.0,0,0,0.0,0.0,0.0,0.0,0.0,0.0,0.0,Set anuncios,Natación infantil
2025-02-01,N/A,ordenador,0.0,1.0,0.0,0,0,0.0,0.0,0.0,0.0,0.0,0.0,0.0,Set anuncios,Natación adultos
2025-02-01,N/A,ordenador,0.0,1.0,0.0,0,0,0.0,0.0,0.0,0.0,0.0,0.0,0.0,Set anuncios,Natación embarazadas
2025-02-01,N/A,móbil,0.0,198.0,6.0,13,13,0.0,0.0,0.0,0.0,0.0,0.0,0.07,Set anuncios,Clases natación
2025-02-01,N/A,móbil,1.0,108.0,5.81,11,11,0.0,0.0,0.0,0.0,0.0,0.0,0.1,Set anuncios,Matronatación
2025-02-01,N/A,móbil,0.0,417.0,1.74,5,5,0.0,0.0,0.0,0.0,0.0,0.0,0.01,Set anuncios,Natación infantil
2025-02-01,N/A,móbil,0.0,33.0,1.35,4,4,0.0,0.0,0.0,0.0,0.0,0.0,0.12,Set anuncios,Natación adultos
2025-02-01,N/A,móbil,2.0,40.0,5.53,7,7,0.0,0.0,0.0,0.0,0.0,0.0,0.18,Set anuncios,Natación embarazadas
2025-02-01,N/A,tablet,0.0,2.0,0.0,0,0,0.0,0.0,0.0,0.0,0.0,0.0,0.0,Set anuncios,Clases natación
2025-02-01,N/A,tablet,0.0,2.0,0.0,0,0,0.0,0.0,0.0,0.0,0.0,0.0,0.0,Set anuncios,Matronatación
2025-02-01,N/A,tablet,0.0,23.0,0.0,0,0,0.0,0.0,0.0,0.0,0.0,0.0,0.0,Set anuncios,Natación infantil
2025-02-01,N/A,tablet,0.0,1.0,0.0,0,0,0.0,0.0,0.0,0.0,0.0,0.0,0.0,Set anuncios,Natación adultos
2025-02-02,N/A,ordenador,0.0,82.0,0.14,1,1,0.0,0.0,0.0,0.0,0.0,0.0,0.01,Set anuncios,Clases natación
2025-02-02,N/A,ordenador,0.0,13.0,0.0,0,0,0.0,0.0,0.0,0.0,0.0,0.0,0.0,Set anuncios,Matronatación
2025-02-02,N/A,ordenador,0.0,353.0,0.1,1,1,0.0,0.0,0.0,0.0,0.0,0.0,0.0,Set anuncios,Natación infantil
2025-02-02,N/A,ordenador,0.0,2.0,0.0,0,0,0.0,0.0,0.0,0.0,0.0,0.0,0.0,Set anuncios,Natación adultos
2025-02-02,N/A,ordenador,0.0,5.0,0.0,0,0,0.0,0.0,0.0,0.0,0.0,0.0,0.0,Set anuncios,Natación embarazadas
2025-02-02,N/A,móbil,1.0,342.0,11.48,23,23,0.0,0.0,0.0,0.0,0.0,0.0,0.07,Set anuncios,Clases natación
2025-02-02,N/A,móbil,0.0,223.0,19.26,25,25,0.0,0.0,0.0,0.0,0.0,0.0,0.11,Set anuncios,Matronatación
2025-02-02,N/A,móbil,0.0,952.0,5.33,15,15,0.0,0.0,0.0,0.0,0.0,0.0,0.02,Set anuncios,Natación infantil
2025-02-02,N/A,móbil,0.0,52.0,5.4,12,12,0.0,0.0,0.0,0.0,0.0,0.0,0.23,Set anuncios,Natación adultos
2025-02-02,N/A,móbil,0.0,48.0,4.33,4,4,0.0,0.0,0.0,0.0,0.0,0.0,0.08,Set anuncios,Natación embarazadas
2025-02-02,N/A,tablet,0.0,20.0,0.0,0,0,0.0,0.0,0.0,0.0,0.0,0.0,0.0,Set anuncios,Clases natación
2025-02-02,N/A,tablet,0.0,2.0,0.0,0,0,0.0,0.0,0.0,0.0,0.0,0.0,0.0,Set anuncios,Matronatación
2025-02-02,N/A,tablet,0.0,65.0,0.0,0,0,0.0,0.0,0.0,0.0,0.0,0.0,0.0,Set anuncios,Natación infantil
2025-02-02,N/A,tablet,0.0,3.0,0.0,0,0,0.0,0.0,0.0,0.0,0.0,0.0,0.0,Set anuncios,Natación embarazadas
2025-02-03,N/A,ordenador,0.0,23.0,0.0,0,0,0.0,0.0,0.0,0.0,0.0,0.0,0.0,Set anuncios,Clases natación
2025-02-03,N/A,ordenador,0.0,25.0,0.21,1,1,0.0,0.0,0.0,0.0,0.0,0.0,0.04,Set anuncios,Matronatación
2025-02-03,N/A,ordenador,0.0,268.0,0.09,1,1,0.0,0.0,0.0,0.0,0.0,0.0,0.0,Set anuncios,Natación infantil
2025-02-03,N/A,ordenador,0.0,7.0,0.0,0,0,0.0,0.0,0.0,0.0,0.0,0.0,0.0,Set anuncios,Natación adultos
2025-02-03,N/A,ordenador,0.0,17.0,3.92,2,2,0.0,0.0,0.0,0.0,0.0,0.0,0.12,Set anuncios,Natación embarazadas
2025-02-03,N/A,móbil,0.5,250.0,29.76,40,40,0.0,0.0,0.0,0.0,0.0,0.0,0.16,Set anuncios,Clases natación
2025-02-03,N/A,móbil,1.0,167.0,15.19,23,23,0.0,0.0,0.0,0.0,0.0,0.0,0.14,Set anuncios,Matronatación
2025-02-03,N/A,móbil,0.0,655.0,5.87,13,13,0.0,0.0,0.0,0.0,0.0,0.0,0.02,Set anuncios,Natación infantil
2025-02-03,N/A,móbil,0.5,43.0,3.42,7,7,0.0,0.0,0.0,0.0,0.0,0.0,0.16,Set anuncios,Natación adultos
2025-02-03,N/A,móbil,1.0,96.0,13.57,14,14,0.0,0.0,0.0,0.0,0.0,0.0,0.15,Set anuncios,Natación embarazadas
2025-02-03,N/A,tablet,0.0,5.0,0.0,0,0,0.0,0.0,0.0,0.0,0.0,0.0,0.0,Set anuncios,Clases natación
2025-02-03,N/A,tablet,0.0,1.0,0.0,0,0,0.0,0.0,0.0,0.0,0.0,0.0,0.0,Set anuncios,Matronatación
2025-02-03,N/A,tablet,0.0,27.0,0.03,1,1,0.0,0.0,0.0,0.0,0.0,0.0,0.04,Set anuncios,Natación infantil
2025-02-03,N/A,tablet,0.0,3.0,0.0,0,0,0.0,0.0,0.0,0.0,0.0,0.0,0.0,Set anuncios,Natación adultos
2025-02-04,N/A,ordenador,0.0,24.0,3.6,2,2,0.0,0.0,0.0,0.0,0.0,0.0,0.08,Set anuncios,Clases natación
2025-02-04,N/A,ordenador,0.0,13.0,0.26,1,1,0.0,0.0,0.0,0.0,0.0,0.0,0.08,Set anuncios,Matronatación
2025-02-04,N/A,ordenador,0.0,165.0,4.38,5,5,0.0,0.0,0.0,0.0,0.0,0.0,0.03,Set anuncios,Natación infantil
2025-02-04,N/A,ordenador,0.0,4.0,0.0,0,0,0.0,0.0,0.0,0.0,0.0,0.0,0.0,Set anuncios,Natación adultos
2025-02-04,N/A,ordenador,0.0,14.0,0.0,0,0,0.0,0.0,0.0,0.0,0.0,0.0,0.0,Set anuncios,Natación embarazadas
2025-02-04,N/A,móbil,1.0,139.0,12.31,23,23,0.0,0.0,0.0,0.0,0.0,0.0,0.17,Set anuncios,Clases natación
2025-02-04,N/A,móbil,1.0,118.0,9.93,13,13,0.0,0.0,0.0,0.0,0.0,0.0,0.11,Set anuncios,Matronatación
2025-02-04,N/A,móbil,0.0,444.0,4.54,14,14,0.0,0.0,0.0,0.0,0.0,0.0,0.03,Set anuncios,Natación infantil
2025-02-04,N/A,móbil,1.0,33.0,3.74,6,6,0.0,0.0,0.0,0.0,0.0,0.0,0.18,Set anuncios,Natación adultos
2025-02-04,N/A,móbil,2.0,76.0,17.69,16,16,0.0,0.0,0.0,0.0,0.0,0.0,0.21,Set anuncios,Natación embarazadas
2025-02-04,N/A,tablet,0.0,3.0,0.0,0,0,0.0,0.0,0.0,0.0,0.0,0.0,0.0,Set anuncios,Clases natación
2025-02-04,N/A,tablet,0.0,8.0,0.0,0,0,0.0,0.0,0.0,0.0,0.0,0.0,0.0,Set anuncios,Natación infantil
2025-02-05,N/A,ordenador,0.0,19.0,0.0,0,0,0.0,0.0,0.0,0.0,0.0,0.0,0.0,Set anuncios,Clases natación
2025-02-05,N/A,ordenador,0.0,59.0,3.89,3,3,0.0,0.0,0.0,0.0,0.0,0.0,0.05,Set anuncios,Matronatación
2025-02-05,N/A,ordenador,0.0,186.0,0.84,3,3,0.0,0.0,0.0,0.0,0.0,0.0,0.02,Set anuncios,Natación infantil
2025-02-05,N/A,ordenador,0.0,7.0,0.0,0,0,0.0,0.0,0.0,0.0,0.0,0.0,0.0,Set anuncios,Natación adultos
2025-02-05,N/A,ordenador,0.0,12.0,0.0,0,0,0.0,0.0,0.0,0.0,0.0,0.0,0.0,Set anuncios,Natación embarazadas
2025-02-05,N/A,móbil,0.0,206.0,11.99,20,20,0.0,0.0,0.0,0.0,0.0,0.0,0.1,Set anuncios,Clases natación
2025-02-05,N/A,móbil,1.0,307.0,12.57,23,23,0.0,0.0,0.0,0.0,0.0,0.0,0.07,Set anuncios,Matronatación
2025-02-05,N/A,móbil,0.0,1.0,6.34,20,20,0.0,0.0,0.0,0.0,0.0,0.0,20.0,Set anuncios,Natación infantil
2025-02-05,N/A,móbil,0.0,25.0,0.51,2,2,0.0,0.0,0.0,0.0,0.0,0.0,0.08,Set anuncios,Natación adultos
2025-02-05,N/A,móbil,0.0,72.0,7.09,9,9,0.0,0.0,0.0,0.0,0.0,0.0,0.12,Set anuncios,Natación embarazadas
2025-02-05,N/A,tablet,0.0,3.0,0.0,0,0,0.0,0.0,0.0,0.0,0.0,0.0,0.0,Set anuncios,Clases natación
2025-02-05,N/A,tablet,0.0,7.0,0.0,0,0,0.0,0.0,0.0,0.0,0.0,0.0,0.0,Set anuncios,Matronatación
2025-02-05,N/A,tablet,0.0,25.0,0.02,1,1,0.0,0.0,0.0,0.0,0.0,0.0,0.04,Set anuncios,Natación infantil
2025-02-06,N/A,otro,0.0,1.0,0.0,0,0,0.0,0.0,0.0,0.0,0.0,0.0,0.0,Set anuncios,Natación infantil
2025-02-06,N/A,ordenador,0.0,47.0,0.0,0,0,0.0,0.0,0.0,0.0,0.0,0.0,0.0,Set anuncios,Clases natación
2025-02-06,N/A,ordenador,0.0,52.0,0.0,0,0,0.0,0.0,0.0,0.0,0.0,0.0,0.0,Set anuncios,Matronatación
2025-02-06,N/A,ordenador,0.0,274.0,0.0,0,0,0.0,0.0,0.0,0.0,0.0,0.0,0.0,Set anuncios,Natación infantil
2025-02-06,N/A,ordenador,0.0,1.0,0.0,0,0,0.0,0.0,0.0,0.0,0.0,0.0,0.0,Set anuncios,Natación adultos
2025-02-06,N/A,ordenador,0.0,8.0,0.0,0,0,0.0,0.0,0.0,0.0,0.0,0.0,0.0,Set anuncios,Natación embarazadas
2025-02-06,N/A,móbil,0.0,165.0,9.48,16,16,0.0,0.0,0.0,0.0,0.0,0.0,0.1,Set anuncios,Clases natación
2025-02-06,N/A,móbil,2.0,257.0,16.42,24,24,0.0,0.0,0.0,0.0,0.0,0.0,0.09,Set anuncios,Matronatación
2025-02-06,N/A,móbil,0.0,796.0,5.66,18,18,0.0,0.0,0.0,0.0,0.0,0.0,0.02,Set anuncios,Natación infantil
2025-02-06,N/A,móbil,0.0,41.0,4.28,8,8,0.0,0.0,0.0,0.0,0.0,0.0,0.2,Set anuncios,Natación adultos
2025-02-06,N/A,móbil,0.0,64.0,6.81,6,6,0.0,0.0,0.0,0.0,0.0,0.0,0.09,Set anuncios,Natación embarazadas
2025-02-06,N/A,tablet,0.0,7.0,0.0,0,0,0.0,0.0,0.0,0.0,0.0,0.0,0.0,Set anuncios,Clases natación
2025-02-06,N/A,tablet,0.0,6.0,0.0,0,0,0.0,0.0,0.0,0.0,0.0,0.0,0.0,Set anuncios,Matronatación
2025-02-06,N/A,tablet,0.0,54.0,0.06,1,1,0.0,0.0,0.0,0.0,0.0,0.0,0.02,Set anuncios,Natación infantil
2025-02-07,N/A,ordenador,0.0,25.0,0.37,1,1,0.0,0.0,0.0,0.0,0.0,0.0,0.04,Set anuncios,Clases natación
2025-02-07,N/A,ordenador,0.0,12.0,0.0,0,0,0.0,0.0,0.0,0.0,0.0,0.0,0.0,Set anuncios,Matronatación
2025-02-07,N/A,ordenador,0.0,26.0,1.87,1,1,0.0,0.0,0.0,0.0,0.0,0.0,0.04,Set anuncios,Natación infantil
2025-02-07,N/A,ordenador,0.0,11.0,1.36,1,1,0.0,0.0,0.0,0.0,0.0,0.0,0.09,Set anuncios,Natación adultos
2025-02-07,N/A,ordenador,0.0,14.0,0.0,0,0,0.0,0.0,0.0,0.0,0.0,0.0,0.0,Set anuncios,Natación embarazadas
2025-02-07,N/A,móbil,0.0,145.0,14.62,23,23,0.0,0.0,0.0,0.0,0.0,0.0,0.16,Set anuncios,Clases natación
2025-02-07,N/A,móbil,2.0,134.0,15.47,18,18,0.0,0.0,0.0,0.0,0.0,0.0,0.13,Set anuncios,Matronatación
2025-02-07,N/A,móbil,0.0,121.0,2.7,5,5,0.0,0.0,0.0,0.0,0.0,0.0,0.04,Set anuncios,Natación infantil
2025-02-07,N/A,móbil,0.0,80.0,6.81,11,11,0.0,0.0,0.0,0.0,0.0,0.0,0.14,Set anuncios,Natación adultos
2025-02-07,N/A,móbil,0.0,36.0,5.95,5,5,0.0,0.0,0.0,0.0,0.0,0.0,0.14,Set anuncios,Natación embarazadas
2025-02-07,N/A,tablet,0.0,2.0,0.0,0,0,0.0,0.0,0.0,0.0,0.0,0.0,0.0,Set anuncios,Matronatación
2025-02-07,N/A,tablet,0.0,1.0,0.0,0,0,0.0,0.0,0.0,0.0,0.0,0.0,0.0,Set anuncios,Natación infantil
2025-02-08,N/A,ordenador,0.0,10.0,0.0,0,0,0.0,0.0,0.0,0.0,0.0,0.0,0.0,Set anuncios,Clases natación
2025-02-08,N/A,ordenador,0.0,5.0,0.89,1,1,0.0,0.0,0.0,0.0,0.0,0.0,0.2,Set anuncios,Matronatación
2025-02-08,N/A,ordenador,0.0,5.0,1.11,1,1,0.0,0.0,0.0,0.0,0.0,0.0,0.2,Set anuncios,Natación infantil
2025-02-08,N/A,ordenador,0.0,3.0,0.0,0,0,0.0,0.0,0.0,0.0,0.0,0.0,0.0,Set anuncios,Natación adultos
2025-02-08,N/A,ordenador,0.0,2.0,0.0,0,0,0.0,0.0,0.0,0.0,0.0,0.0,0.0,Set anuncios,Natación embarazadas
2025-02-08,N/A,móbil,1.0,151.0,11.73,20,20,0.0,0.0,0.0,0.0,0.0,0.0,0.13,Set anuncios,Clases natación
2025-02-08,N/A,móbil,0.0,152.0,15.11,22,22,0.0,0.0,0.0,0.0,0.0,0.0,0.14,Set anuncios,Matronatación
2025-02-08,N/A,móbil,1.0,65.0,2.77,5,5,0.0,0.0,0.0,0.0,0.0,0.0,0.08,Set anuncios,Natación infantil
2025-02-08,N/A,móbil,1.0,133.0,5.6,15,15,0.0,0.0,0.0,0.0,0.0,0.0,0.11,Set anuncios,Natación adultos
2025-02-08,N/A,móbil,0.0,52.0,0.3,1,1,0.0,0.0,0.0,0.0,0.0,0.0,0.02,Set anuncios,Natación embarazadas
2025-02-08,N/A,tablet,0.0,2.0,0.0,0,0,0.0,0.0,0.0,0.0,0.0,0.0,0.0,Set anuncios,Clases natación
2025-02-08,N/A,tablet,0.0,1.0,0.0,0,0,0.0,0.0,0.0,0.0,0.0,0.0,0.0,Set anuncios,Natación infantil
2025-02-08,N/A,tablet,0.0,1.0,0.0,0,0,0.0,0.0,0.0,0.0,0.0,0.0,0.0,Set anuncios,Natación adultos
2025-02-09,N/A,ordenador,0.0,9.0,1.05,2,2,0.0,0.0,0.0,0.0,0.0,0.0,0.22,Set anuncios,Clases natación
2025-02-09,N/A,ordenador,0.0,5.0,0.99,1,1,0.0,0.0,0.0,0.0,0.0,0.0,0.2,Set anuncios,Matronatación
2025-02-09,N/A,ordenador,0.0,38.0,0.0,0,0,0.0,0.0,0.0,0.0,0.0,0.0,0.0,Set anuncios,Natación infantil
2025-02-09,N/A,ordenador,0.0,11.0,0.92,1,1,0.0,0.0,0.0,0.0,0.0,0.0,0.09,Set anuncios,Natación adultos
2025-02-09,N/A,ordenador,0.0,1.0,0.0,0,0,0.0,0.0,0.0,0.0,0.0,0.0,0.0,Set anuncios,Natación embarazadas
2025-02-09,N/A,móbil,1.0,187.0,10.5,19,19,0.0,0.0,0.0,0.0,0.0,0.0,0.1,Set anuncios,Clases natación
2025-02-09,N/A,móbil,2.0,176.0,7.74,13,13,0.0,0.0,0.0,0.0,0.0,0.0,0.07,Set anuncios,Matronatación
2025-02-09,N/A,móbil,0.0,145.0,3.47,8,8,0.0,0.0,0.0,0.0,0.0,0.0,0.06,Set anuncios,Natación infantil
2025-02-09,N/A,móbil,0.0,322.0,10.17,35,35,0.0,0.0,0.0,0.0,0.0,0.0,0.11,Set anuncios,Natación adultos
2025-02-09,N/A,móbil,0.0,80.0,3.75,7,7,0.0,0.0,0.0,0.0,0.0,0.0,0.09,Set anuncios,Natación embarazadas
2025-02-09,N/A,tablet,0.0,1.0,0.0,0,0,0.0,0.0,0.0,0.0,0.0,0.0,0.0,Set anuncios,Clases natación
2025-02-09,N/A,tablet,0.0,2.0,0.0,0,0,0.0,0.0,0.0,0.0,0.0,0.0,0.0,Set anuncios,Matronatación
2025-02-09,N/A,tablet,0.0,3.0,0.0,0,0,0.0,0.0,0.0,0.0,0.0,0.0,0.0,Set anuncios,Natación infantil
2025-02-09,N/A,tablet,0.0,1.0,0.0,0,0,0.0,0.0,0.0,0.0,0.0,0.0,0.0,Set anuncios,Natación adultos
2025-02-09,N/A,tablet,0.0,0.0,0.0,0,0,0.0,0.0,0.0,0.0,0.0,0.0,0.0,Set anuncios,Natación embarazadas
2025-02-10,N/A,ordenador,0.0,29.0,0.8,1,1,0.0,0.0,0.0,0.0,0.0,0.0,0.03,Set anuncios,Clases natación
2025-02-10,N/A,ordenador,0.0,16.0,0.0,0,0,0.0,0.0,0.0,0.0,0.0,0.0,0.0,Set anuncios,Matronatación
2025-02-10,N/A,ordenador,0.0,20.0,0.66,1,1,0.0,0.0,0.0,0.0,0.0,0.0,0.05,Set anuncios,Natación infantil
2025-02-10,N/A,ordenador,0.0,8.0,0.0,0,0,0.0,0.0,0.0,0.0,0.0,0.0,0.0,Set anuncios,Natación adultos
2025-02-10,N/A,ordenador,0.0,4.0,0.0,0,0,0.0,0.0,0.0,0.0,0.0,0.0,0.0,Set anuncios,Natación embarazadas
2025-02-10,N/A,móbil,0.0,223.0,16.74,29,29,0.0,0.0,0.0,0.0,0.0,0.0,0.13,Set anuncios,Clases natación
2025-02-10,N/A,móbil,1.0,119.0,9.73,15,15,0.0,0.0,0.0,0.0,0.0,0.0,0.13,Set anuncios,Matronatación
2025-02-10,N/A,móbil,0.0,116.0,3.18,9,9,0.0,0.0,0.0,0.0,0.0,0.0,0.08,Set anuncios,Natación infantil
2025-02-10,N/A,móbil,0.0,186.0,4.76,17,17,0.0,0.0,0.0,0.0,0.0,0.0,0.09,Set anuncios,Natación adultos
2025-02-10,N/A,móbil,1.0,36.0,0.62,1,1,0.0,0.0,0.0,0.0,0.0,0.0,0.03,Set anuncios,Natación embarazadas
2025-02-10,N/A,tablet,0.0,4.0,0.0,0,0,0.0,0.0,0.0,0.0,0.0,0.0,0.0,Set anuncios,Clases natación
2025-02-10,N/A,tablet,0.0,4.0,0.0,0,0,0.0,0.0,0.0,0.0,0.0,0.0,0.0,Set anuncios,Matronatación
2025-02-10,N/A,tablet,0.0,3.0,0.0,0,0,0.0,0.0,0.0,0.0,0.0,0.0,0.0,Set anuncios,Natación adultos
2025-02-10,N/A,tablet,0.0,2.0,0.0,0,0,0.0,0.0,0.0,0.0,0.0,0.0,0.0,Set anuncios,Natación embarazadas
2025-02-11,N/A,ordenador,0.0,36.0,0.93,2,2,0.0,0.0,0.0,0.0,0.0,0.0,0.06,Set anuncios,Clases natación
2025-02-11,N/A,ordenador,0.0,28.0,0.0,0,0,0.0,0.0,0.0,0.0,0.0,0.0,0.0,Set anuncios,Matronatación
2025-02-11,N/A,ordenador,0.0,70.0,0.0,0,0,0.0,0.0,0.0,0.0,0.0,0.0,0.0,Set anuncios,Natación infantil
2025-02-11,N/A,ordenador,0.0,13.0,0.98,1,1,0.0,0.0,0.0,0.0,0.0,0.0,0.08,Set anuncios,Natación adultos
2025-02-11,N/A,ordenador,0.0,6.0,0.12,1,1,0.0,0.0,0.0,0.0,0.0,0.0,0.17,Set anuncios,Natación embarazadas
2025-02-11,N/A,móbil,1.0,226.0,13.98,21,21,0.0,0.0,0.0,0.0,0.0,0.0,0.09,Set anuncios,Clases natación
2025-02-11,N/A,móbil,2.0,244.0,21.2,33,33,0.0,0.0,0.0,0.0,0.0,0.0,0.14,Set anuncios,Matronatación
2025-02-11,N/A,móbil,0.0,233.0,3.86,10,10,0.0,0.0,0.0,0.0,0.0,0.0,0.04,Set anuncios,Natación infantil
2025-02-11,N/A,móbil,0.0,163.0,4.2,13,13,0.0,0.0,0.0,0.0,0.0,0.0,0.08,Set anuncios,Natación adultos
2025-02-11,N/A,móbil,1.0,100.0,4.92,8,8,0.0,0.0,0.0,0.0,0.0,0.0,0.08,Set anuncios,Natación embarazadas
2025-02-11,N/A,tablet,0.0,3.0,0.0,0,0,0.0,0.0,0.0,0.0,0.0,0.0,0.0,Set anuncios,Clases natación
2025-02-11,N/A,tablet,0.0,1.0,0.0,0,0,0.0,0.0,0.0,0.0,0.0,0.0,0.0,Set anuncios,Matronatación
2025-02-11,N/A,tablet,0.0,7.0,0.0,0,0,0.0,0.0,0.0,0.0,0.0,0.0,0.0,Set anuncios,Natación infantil
2025-02-11,N/A,tablet,0.0,1.0,0.0,0,0,0.0,0.0,0.0,0.0,0.0,0.0,0.0,Set anuncios,Natación adultos
2025-02-12,N/A,ordenador,0.0,33.0,0.0,0,0,0.0,0.0,0.0,0.0,0.0,0.0,0.0,Set anuncios,Clases natación
2025-02-12,N/A,ordenador,0.0,25.0,1.52,1,1,0.0,0.0,0.0,0.0,0.0,0.0,0.04,Set anuncios,Matronatación
2025-02-12,N/A,ordenador,0.0,64.0,0.05,1,1,0.0,0.0,0.0,0.0,0.0,0.0,0.02,Set anuncios,Natación infantil
2025-02-12,N/A,ordenador,0.0,8.0,0.0,0,0,0.0,0.0,0.0,0.0,0.0,0.0,0.0,Set anuncios,Natación adultos
2025-02-12,N/A,ordenador,0.0,11.0,0.0,0,0,0.0,0.0,0.0,0.0,0.0,0.0,0.0,Set anuncios,Natación embarazadas
2025-02-12,N/A,móbil,3.0,277.0,20.02,25,25,0.0,0.0,0.0,0.0,0.0,0.0,0.09,Set anuncios,Clases natación
2025-02-12,N/A,móbil,1.0,196.0,19.42,27,27,0.0,0.0,0.0,0.0,0.0,0.0,0.14,Set anuncios,Matronatación
2025-02-12,N/A,móbil,0.0,88.0,2.47,5,5,0.0,0.0,0.0,0.0,0.0,0.0,0.06,Set anuncios,Natación infantil
2025-02-12,N/A,móbil,1.0,74.0,5.75,11,11,0.0,0.0,0.0,0.0,0.0,0.0,0.15,Set anuncios,Natación adultos
2025-02-12,N/A,móbil,0.0,101.0,5.48,5,5,0.0,0.0,0.0,0.0,0.0,0.0,0.05,Set anuncios,Natación embarazadas
2025-02-12,N/A,tablet,0.0,2.0,0.0,0,0,0.0,0.0,0.0,0.0,0.0,0.0,0.0,Set anuncios,Clases natación
2025-02-12,N/A,tablet,0.0,4.0,0.0,0,0,0.0,0.0,0.0,0.0,0.0,0.0,0.0,Set anuncios,Natación infantil
2025-02-13,N/A,ordenador,0.0,35.0,3.23,3,3,0.0,0.0,0.0,0.0,0.0,0.0,0.09,Set anuncios,Clases natación
2025-02-13,N/A,ordenador,0.0,16.0,1.8,2,2,0.0,0.0,0.0,0.0,0.0,0.0,0.12,Set anuncios,Matronatación
2025-02-13,N/A,ordenador,0.0,7.0,2.27,2,2,0.0,0.0,0.0,0.0,0.0,0.0,0.29,Set anuncios,Natación infantil
2025-02-13,N/A,ordenador,0.0,3.0,0.0,0,0,0.0,0.0,0.0,0.0,0.0,0.0,0.0,Set anuncios,Natación adultos
2025-02-13,N/A,ordenador,0.0,16.0,2.21,2,2,0.0,0.0,0.0,0.0,0.0,0.0,0.12,Set anuncios,Natación embarazadas
2025-02-13,N/A,móbil,0.0,105.0,16.1,18,18,0.0,0.0,0.0,0.0,0.0,0.0,0.17,Set anuncios,Clases natación
2025-02-13,N/A,móbil,1.0,72.0,12.21,16,16,0.0,0.0,0.0,0.0,0.0,0.0,0.22,Set anuncios,Matronatación
2025-02-13,N/A,móbil,0.0,62.0,4.49,9,9,0.0,0.0,0.0,0.0,0.0,0.0,0.15,Set anuncios,Natación infantil
2025-02-13,N/A,móbil,0.0,48.0,4.21,11,11,0.0,0.0,0.0,0.0,0.0,0.0,0.23,Set anuncios,Natación adultos
2025-02-13,N/A,móbil,1.0,44.0,4.01,5,5,0.0,0.0,0.0,0.0,0.0,0.0,0.11,Set anuncios,Natación embarazadas
2025-02-13,N/A,tablet,0.0,1.0,0.0,0,0,0.0,0.0,0.0,0.0,0.0,0.0,0.0,Set anuncios,Matronatación
2025-02-14,N/A,ordenador,0.0,16.0,0.73,1,1,0.0,0.0,0.0,0.0,0.0,0.0,0.06,Set anuncios,Clases natación
2025-02-14,N/A,ordenador,0.0,25.0,0.0,0,0,0.0,0.0,0.0,0.0,0.0,0.0,0.0,Set anuncios,Matronatación
2025-02-14,N/A,ordenador,0.0,12.0,0.0,0,0,0.0,0.0,0.0,0.0,0.0,0.0,0.0,Set anuncios,Natación infantil
2025-02-14,N/A,ordenador,1.0,4.0,1.17,1,1,0.0,0.0,0.0,0.0,0.0,0.0,0.25,Set anuncios,Natación adultos
2025-02-14,N/A,ordenador,0.0,10.0,3.38,3,3,0.0,0.0,0.0,0.0,0.0,0.0,0.3,Set anuncios,Natación embarazadas
2025-02-14,N/A,móbil,0.0,122.0,13.99,14,14,0.0,0.0,0.0,0.0,0.0,0.0,0.11,Set anuncios,Clases natación
2025-02-14,N/A,móbil,0.0,180.0,13.6,18,18,0.0,0.0,0.0,0.0,0.0,0.0,0.1,Set anuncios,Matronatación
2025-02-14,N/A,móbil,0.0,133.0,4.85,11,11,0.0,0.0,0.0,0.0,0.0,0.0,0.08,Set anuncios,Natación infantil
2025-02-14,N/A,móbil,0.0,192.0,2.15,13,13,0.0,0.0,0.0,0.0,0.0,0.0,0.07,Set anuncios,Natación adultos
2025-02-14,N/A,móbil,0.0,69.0,1.38,1,1,0.0,0.0,0.0,0.0,0.0,0.0,0.01,Set anuncios,Natación embarazadas
2025-02-14,N/A,tablet,0.0,4.0,0.0,0,0,0.0,0.0,0.0,0.0,0.0,0.0,0.0,Set anuncios,Clases natación
2025-02-14,N/A,tablet,0.0,4.0,0.0,0,0,0.0,0.0,0.0,0.0,0.0,0.0,0.0,Set anuncios,Matronatación
2025-02-14,N/A,tablet,0.0,4.0,0.0,0,0,0.0,0.0,0.0,0.0,0.0,0.0,0.0,Set anuncios,Natación infantil
2025-02-15,N/A,ordenador,0.0,12.0,0.0,0,0,0.0,0.0,0.0,0.0,0.0,0.0,0.0,Set anuncios,Clases natación
2025-02-15,N/A,ordenador,0.0,1.0,0.0,0,0,0.0,0.0,0.0,0.0,0.0,0.0,0.0,Set anuncios,Matronatación
2025-02-15,N/A,ordenador,0.0,3.0,0.0,0,0,0.0,0.0,0.0,0.0,0.0,0.0,0.0,Set anuncios,Natación infantil
2025-02-15,N/A,ordenador,0.0,7.0,0.0,0,0,0.0,0.0,0.0,0.0,0.0,0.0,0.0,Set anuncios,Natación adultos
2025-02-15,N/A,ordenador,0.0,4.0,2.08,1,1,0.0,0.0,0.0,0.0,0.0,0.0,0.25,Set anuncios,Natación embarazadas
2025-02-15,N/A,móbil,0.0,107.0,10.08,12,12,0.0,0.0,0.0,0.0,0.0,0.0,0.11,Set anuncios,Clases natación
2025-02-15,N/A,móbil,3.0,141.0,15.19,19,19,0.0,0.0,0.0,0.0,0.0,0.0,0.13,Set anuncios,Matronatación
2025-02-15,N/A,móbil,0.0,50.0,2.2,6,6,0.0,0.0,0.0,0.0,0.0,0.0,0.12,Set anuncios,Natación infantil
2025-02-15,N/A,móbil,0.0,138.0,6.35,8,8,0.0,0.0,0.0,0.0,0.0,0.0,0.06,Set anuncios,Natación adultos
2025-02-15,N/A,móbil,0.0,66.0,10.84,7,7,0.0,0.0,0.0,0.0,0.0,0.0,0.11,Set anuncios,Natación embarazadas
2025-02-15,N/A,tablet,0.0,2.0,0.0,0,0,0.0,0.0,0.0,0.0,0.0,0.0,0.0,Set anuncios,Clases natación
2025-02-15,N/A,tablet,0.0,2.0,0.0,0,0,0.0,0.0,0.0,0.0,0.0,0.0,0.0,Set anuncios,Matronatación
2025-02-15,N/A,tablet,0.0,6.0,0.0,0,0,0.0,0.0,0.0,0.0,0.0,0.0,0.0,Set anuncios,Natación adultos
2025-02-16,N/A,ordenador,0.0,20.0,0.0,0,0,0.0,0.0,0.0,0.0,0.0,0.0,0.0,Set anuncios,Clases natación
2025-02-16,N/A,ordenador,0.0,17.0,0.0,0,0,0.0,0.0,0.0,0.0,0.0,0.0,0.0,Set anuncios,Matronatación
2025-02-16,N/A,ordenador,0.0,8.0,0.0,0,0,0.0,0.0,0.0,0.0,0.0,0.0,0.0,Set anuncios,Natación infantil
2025-02-16,N/A,ordenador,0.0,20.0,0.0,0,0,0.0,0.0,0.0,0.0,0.0,0.0,0.0,Set anuncios,Natación adultos
2025-02-16,N/A,ordenador,0.0,5.0,0.0,0,0,0.0,0.0,0.0,0.0,0.0,0.0,0.0,Set anuncios,Natación embarazadas
2025-02-16,N/A,móbil,1.0,165.0,10.04,13,13,0.0,0.0,0.0,0.0,0.0,0.0,0.08,Set anuncios,Clases natación
2025-02-16,N/A,móbil,0.0,197.0,19.34,28,28,0.0,0.0,0.0,0.0,0.0,0.0,0.14,Set anuncios,Matronatación
2025-02-16,N/A,móbil,0.0,88.0,4.33,8,8,0.0,0.0,0.0,0.0,0.0,0.0,0.09,Set anuncios,Natación infantil
2025-02-16,N/A,móbil,0.0,220.0,2.63,17,17,0.0,0.0,0.0,0.0,0.0,0.0,0.08,Set anuncios,Natación adultos
2025-02-16,N/A,móbil,0.0,70.0,5.17,6,6,0.0,0.0,0.0,0.0,0.0,0.0,0.09,Set anuncios,Natación embarazadas
2025-02-16,N/A,tablet,0.0,2.0,0.0,0,0,0.0,0.0,0.0,0.0,0.0,0.0,0.0,Set anuncios,Clases natación
2025-02-16,N/A,tablet,0.0,3.0,0.0,0,0,0.0,0.0,0.0,0.0,0.0,0.0,0.0,Set anuncios,Natación infantil
2025-02-16,N/A,tablet,0.0,3.0,0.0,0,0,0.0,0.0,0.0,0.0,0.0,0.0,0.0,Set anuncios,Natación adultos
2025-02-17,N/A,ordenador,0.0,25.0,4.59,3,3,0.0,0.0,0.0,0.0,0.0,0.0,0.12,Set anuncios,Clases natación
2025-02-17,N/A,ordenador,0.0,11.0,1.55,1,1,0.0,0.0,0.0,0.0,0.0,0.0,0.09,Set anuncios,Matronatación
2025-02-17,N/A,ordenador,0.0,7.0,1.07,2,2,0.0,0.0,0.0,0.0,0.0,0.0,0.29,Set anuncios,Natación infantil
2025-02-17,N/A,ordenador,0.0,5.0,0.0,0,0,0.0,0.0,0.0,0.0,0.0,0.0,0.0,Set anuncios,Natación adultos
2025-02-17,N/A,ordenador,0.0,9.0,2.47,1,1,0.0,0.0,0.0,0.0,0.0,0.0,0.11,Set anuncios,Natación embarazadas
2025-02-17,N/A,móbil,0.0,140.0,15.07,24,24,0.0,0.0,0.0,0.0,0.0,0.0,0.17,Set anuncios,Clases natación
2025-02-17,N/A,móbil,2.0,137.0,9.76,16,16,0.0,0.0,0.0,0.0,0.0,0.0,0.12,Set anuncios,Matronatación
2025-02-17,N/A,móbil,0.0,42.0,2.05,5,5,0.0,0.0,0.0,0.0,0.0,0.0,0.12,Set anuncios,Natación infantil
2025-02-17,N/A,móbil,0.0,51.0,4.23,11,11,0.0,0.0,0.0,0.0,0.0,0.0,0.22,Set anuncios,Natación adultos
2025-02-17,N/A,móbil,0.0,69.0,8.06,9,9,0.0,0.0,0.0,0.0,0.0,0.0,0.13,Set anuncios,Natación embarazadas
2025-02-17,N/A,tablet,0.0,1.0,0.0,0,0,0.0,0.0,0.0,0.0,0.0,0.0,0.0,Set anuncios,Natación adultos
2025-02-17,N/A,tablet,0.0,1.0,0.0,0,0,0.0,0.0,0.0,0.0,0.0,0.0,0.0,Set anuncios,Natación embarazadas
2025-02-18,N/A,ordenador,0.0,33.0,1.99,1,1,0.0,0.0,0.0,0.0,0.0,0.0,0.03,Set anuncios,Clases natación
2025-02-18,N/A,ordenador,0.0,10.0,0.0,0,0,0.0,0.0,0.0,0.0,0.0,0.0,0.0,Set anuncios,Matronatación
2025-02-18,N/A,ordenador,0.0,11.0,1.02,1,1,0.0,0.0,0.0,0.0,0.0,0.0,0.09,Set anuncios,Natación infantil
2025-02-18,N/A,ordenador,0.0,29.0,1.06,2,2,0.0,0.0,0.0,0.0,0.0,0.0,0.07,Set anuncios,Natación adultos
2025-02-18,N/A,ordenador,0.0,18.0,2.16,2,2,0.0,0.0,0.0,0.0,0.0,0.0,0.11,Set anuncios,Natación embarazadas
2025-02-18,N/A,móbil,0.0,162.0,12.43,20,20,0.0,0.0,0.0,0.0,0.0,0.0,0.12,Set anuncios,Clases natación
2025-02-18,N/A,móbil,1.0,157.0,11.59,16,16,0.0,0.0,0.0,0.0,0.0,0.0,0.1,Set anuncios,Matronatación
2025-02-18,N/A,móbil,0.0,74.0,4.29,10,10,0.0,0.0,0.0,0.0,0.0,0.0,0.14,Set anuncios,Natación infantil
2025-02-18,N/A,móbil,0.0,274.0,7.22,17,17,0.0,0.0,0.0,0.0,0.0,0.0,0.06,Set anuncios,Natación adultos
2025-02-18,N/A,móbil,0.0,82.0,5.11,6,6,0.0,0.0,0.0,0.0,0.0,0.0,0.07,Set anuncios,Natación embarazadas
2025-02-18,N/A,tablet,0.0,3.0,0.0,0,0,0.0,0.0,0.0,0.0,0.0,0.0,0.0,Set anuncios,Clases natación
2025-02-18,N/A,tablet,0.0,4.0,0.0,0,0,0.0,0.0,0.0,0.0,0.0,0.0,0.0,Set anuncios,Matronatación
2025-02-18,N/A,tablet,0.0,1.0,0.0,0,0,0.0,0.0,0.0,0.0,0.0,0.0,0.0,Set anuncios,Natación infantil
2025-02-18,N/A,tablet,0.0,31.0,0.0,0,0,0.0,0.0,0.0,0.0,0.0,0.0,0.0,Set anuncios,Natación adultos
2025-02-19,N/A,ordenador,0.0,58.0,1.99,2,2,0.0,0.0,0.0,0.0,0.0,0.0,0.03,Set anuncios,Clases natación
2025-02-19,N/A,ordenador,0.0,40.0,1.81,2,2,0.0,0.0,0.0,0.0,0.0,0.0,0.05,Set anuncios,Matronatación
2025-02-19,N/A,ordenador,0.0,16.0,4.93,3,3,0.0,0.0,0.0,0.0,0.0,0.0,0.19,Set anuncios,Natación infantil
2025-02-19,N/A,ordenador,0.0,27.0,0.0,0,0,0.0,0.0,0.0,0.0,0.0,0.0,0.0,Set anuncios,Natación adultos
2025-02-19,N/A,ordenador,0.0,8.0,0.66,1,1,0.0,0.0,0.0,0.0,0.0,0.0,0.12,Set anuncios,Natación embarazadas
2025-02-19,N/A,móbil,0.0,177.0,4.97,10,10,0.0,0.0,0.0,0.0,0.0,0.0,0.06,Set anuncios,Clases natación
2025-02-19,N/A,móbil,2.0,260.0,14.49,25,25,0.0,0.0,0.0,0.0,0.0,0.0,0.1,Set anuncios,Matronatación
2025-02-19,N/A,móbil,0.0,72.0,3.1,7,7,0.0,0.0,0.0,0.0,0.0,0.0,0.1,Set anuncios,Natación infantil
2025-02-19,N/A,móbil,1.0,114.0,4.29,9,9,0.0,0.0,0.0,0.0,0.0,0.0,0.08,Set anuncios,Natación adultos
2025-02-19,N/A,móbil,0.0,66.0,5.37,4,4,0.0,0.0,0.0,0.0,0.0,0.0,0.06,Set anuncios,Natación embarazadas
2025-02-19,N/A,tablet,0.0,6.0,0.0,0,0,0.0,0.0,0.0,0.0,0.0,0.0,0.0,Set anuncios,Matronatación
2025-02-19,N/A,tablet,0.0,1.0,0.0,0,0,0.0,0.0,0.0,0.0,0.0,0.0,0.0,Set anuncios,Natación infantil
2025-02-19,N/A,tablet,0.0,14.0,0.0,0,0,0.0,0.0,0.0,0.0,0.0,0.0,0.0,Set anuncios,Natación adultos
2025-02-20,N/A,ordenador,0.0,37.0,0.72,2,2,0.0,0.0,0.0,0.0,0.0,0.0,0.05,Set anuncios,Clases natación
2025-02-20,N/A,ordenador,1.0,52.0,2.71,2,2,0.0,0.0,0.0,0.0,0.0,0.0,0.04,Set anuncios,Matronatación
2025-02-20,N/A,ordenador,0.0,9.0,0.57,1,1,0.0,0.0,0.0,0.0,0.0,0.0,0.11,Set anuncios,Natación infantil
2025-02-20,N/A,ordenador,0.0,15.0,0.0,0,0,0.0,0.0,0.0,0.0,0.0,0.0,0.0,Set anuncios,Natación adultos
2025-02-20,N/A,ordenador,0.0,9.0,0.0,0,0,0.0,0.0,0.0,0.0,0.0,0.0,0.0,Set anuncios,Natación embarazadas
2025-02-20,N/A,móbil,0.0,129.0,3.44,6,6,0.0,0.0,0.0,0.0,0.0,0.0,0.05,Set anuncios,Clases natación
2025-02-20,N/A,móbil,2.0,227.0,17.0,30,30,0.0,0.0,0.0,0.0,0.0,0.0,0.13,Set anuncios,Matronatación
2025-02-20,N/A,móbil,0.0,69.0,5.08,9,9,0.0,0.0,0.0,0.0,0.0,0.0,0.13,Set anuncios,Natación infantil
2025-02-20,N/A,móbil,1.0,73.0,5.84,6,6,0.0,0.0,0.0,0.0,0.0,0.0,0.08,Set anuncios,Natación adultos
2025-02-20,N/A,móbil,0.0,64.0,6.32,7,7,0.0,0.0,0.0,0.0,0.0,0.0,0.11,Set anuncios,Natación embarazadas
2025-02-20,N/A,tablet,0.0,2.0,0.0,0,0,0.0,0.0,0.0,0.0,0.0,0.0,0.0,Set anuncios,Clases natación
2025-02-20,N/A,tablet,0.0,5.0,0.0,0,0,0.0,0.0,0.0,0.0,0.0,0.0,0.0,Set anuncios,Matronatación
2025-02-20,N/A,tablet,0.0,5.0,0.0,0,0,0.0,0.0,0.0,0.0,0.0,0.0,0.0,Set anuncios,Natación adultos
2025-02-21,N/A,ordenador,0.0,30.0,0.18,1,1,0.0,0.0,0.0,0.0,0.0,0.0,0.03,Set anuncios,Clases natación
2025-02-21,N/A,ordenador,0.0,63.0,0.0,0,0,0.0,0.0,0.0,0.0,0.0,0.0,0.0,Set anuncios,Matronatación
2025-02-21,N/A,ordenador,0.0,22.0,0.75,1,1,0.0,0.0,0.0,0.0,0.0,0.0,0.05,Set anuncios,Natación infantil
2025-02-21,N/A,ordenador,0.0,8.0,1.14,2,2,0.0,0.0,0.0,0.0,0.0,0.0,0.25,Set anuncios,Natación adultos
2025-02-21,N/A,ordenador,0.0,5.0,0.0,0,0,0.0,0.0,0.0,0.0,0.0,0.0,0.0,Set anuncios,Natación embarazadas
2025-02-21,N/A,móbil,0.0,121.0,3.75,10,10,0.0,0.0,0.0,0.0,0.0,0.0,0.08,Set anuncios,Clases natación
2025-02-21,N/A,móbil,0.0,295.0,8.33,14,14,0.0,0.0,0.0,0.0,0.0,0.0,0.05,Set anuncios,Matronatación
2025-02-21,N/A,móbil,0.0,75.0,1.32,4,4,0.0,0.0,0.0,0.0,0.0,0.0,0.05,Set anuncios,Natación infantil
2025-02-21,N/A,móbil,1.0,67.0,6.08,11,11,0.0,0.0,0.0,0.0,0.0,0.0,0.16,Set anuncios,Natación adultos
2025-02-21,N/A,móbil,0.0,70.0,3.6,4,4,0.0,0.0,0.0,0.0,0.0,0.0,0.06,Set anuncios,Natación embarazadas
2025-02-21,N/A,tablet,0.0,4.0,0.0,0,0,0.0,0.0,0.0,0.0,0.0,0.0,0.0,Set anuncios,Matronatación
2025-02-21,N/A,tablet,0.0,2.0,0.0,0,0,0.0,0.0,0.0,0.0,0.0,0.0,0.0,Set anuncios,Natación infantil
2025-02-22,N/A,ordenador,0.0,14.0,1.48,1,1,0.0,0.0,0.0,0.0,0.0,0.0,0.07,Set anuncios,Clases natación
2025-02-22,N/A,ordenador,0.0,26.0,0.66,1,1,0.0,0.0,0.0,0.0,0.0,0.0,0.04,Set anuncios,Matronatación
2025-02-22,N/A,ordenador,0.0,15.0,0.0,0,0,0.0,0.0,0.0,0.0,0.0,0.0,0.0,Set anuncios,Natación infantil
2025-02-22,N/A,ordenador,0.0,9.0,0.13,1,1,0.0,0.0,0.0,0.0,0.0,0.0,0.11,Set anuncios,Natación adultos
2025-02-22,N/A,móbil,1.0,121.0,9.31,17,17,0.0,0.0,0.0,0.0,0.0,0.0,0.14,Set anuncios,Clases natación
2025-02-22,N/A,móbil,2.0,307.0,11.95,19,19,0.0,0.0,0.0,0.0,0.0,0.0,0.06,Set anuncios,Matronatación
2025-02-22,N/A,móbil,0.0,85.0,4.57,7,7,0.0,0.0,0.0,0.0,0.0,0.0,0.08,Set anuncios,Natación infantil
2025-02-22,N/A,móbil,0.0,180.0,4.14,12,12,0.0,0.0,0.0,0.0,0.0,0.0,0.07,Set anuncios,Natación adultos
2025-02-22,N/A,móbil,0.0,33.0,1.01,3,3,0.0,0.0,0.0,0.0,0.0,0.0,0.09,Set anuncios,Natación embarazadas
2025-02-22,N/A,tablet,0.0,3.0,0.0,0,0,0.0,0.0,0.0,0.0,0.0,0.0,0.0,Set anuncios,Matronatación
2025-02-22,N/A,tablet,0.0,2.0,0.0,0,0,0.0,0.0,0.0,0.0,0.0,0.0,0.0,Set anuncios,Natación infantil
2025-02-22,N/A,tablet,0.0,1.0,0.0,0,0,0.0,0.0,0.0,0.0,0.0,0.0,0.0,Set anuncios,Natación adultos
2025-02-23,N/A,ordenador,0.0,15.0,0.0,0,0,0.0,0.0,0.0,0.0,0.0,0.0,0.0,Set anuncios,Clases natación
2025-02-23,N/A,ordenador,0.0,34.0,0.31,1,1,0.0,0.0,0.0,0.0,0.0,0.0,0.03,Set anuncios,Matronatación
2025-02-23,N/A,ordenador,0.0,12.0,0.0,0,0,0.0,0.0,0.0,0.0,0.0,0.0,0.0,Set anuncios,Natación infantil
2025-02-23,N/A,ordenador,0.0,12.0,0.0,0,0,0.0,0.0,0.0,0.0,0.0,0.0,0.0,Set anuncios,Natación adultos
2025-02-23,N/A,ordenador,0.0,2.0,0.0,0,0,0.0,0.0,0.0,0.0,0.0,0.0,0.0,Set anuncios,Natación embarazadas
2025-02-23,N/A,móbil,1.0,157.0,7.01,10,10,0.0,0.0,0.0,0.0,0.0,0.0,0.06,Set anuncios,Clases natación
2025-02-23,N/A,móbil,0.0,243.0,6.68,12,12,0.0,0.0,0.0,0.0,0.0,0.0,0.05,Set anuncios,Matronatación
2025-02-23,N/A,móbil,0.0,84.0,4.85,10,10,0.0,0.0,0.0,0.0,0.0,0.0,0.12,Set anuncios,Natación infantil
2025-02-23,N/A,móbil,0.0,179.0,5.15,13,13,0.0,0.0,0.0,0.0,0.0,0.0,0.07,Set anuncios,Natación adultos
2025-02-23,N/A,móbil,0.0,60.0,1.28,2,2,0.0,0.0,0.0,0.0,0.0,0.0,0.03,Set anuncios,Natación embarazadas
2025-02-23,N/A,tablet,0.0,2.0,0.0,0,0,0.0,0.0,0.0,0.0,0.0,0.0,0.0,Set anuncios,Clases natación
2025-02-23,N/A,tablet,0.0,13.0,0.23,1,1,0.0,0.0,0.0,0.0,0.0,0.0,0.08,Set anuncios,Matronatación
2025-02-23,N/A,tablet,0.0,3.0,0.0,0,0,0.0,0.0,0.0,0.0,0.0,0.0,0.0,Set anuncios,Natación infantil
2025-02-23,N/A,tablet,0.0,3.0,0.0,0,0,0.0,0.0,0.0,0.0,0.0,0.0,0.0,Set anuncios,Natación adultos
