Fecha,Acción de conversión,Categoría de conversión,Acciones categoría de conversión,Fuente de conversión,Conversiones,Resultados,Conversión por categoría,Acciones categoria de conversion,Coste,Clics,Impresiones,Categoría de página
2025-01-29,Clic cómo llegar,Obtener dirección,6.0,Alojado por Google,0.0,Get directions: 6.00,179.0,179.0,,,,
2025-01-30,Clic cómo llegar,Obtener dirección,7.0,Alojado por Google,0.0,Get directions: 7.00,179.0,179.0,,,,
2025-01-31,Clic cómo llegar,Obtener dirección,2.0,Alojado por Google,0.0,Get directions: 2.00,179.0,179.0,,,,
2025-02-01,Clic cómo llegar,Obtener dirección,6.0,Alojado por Google,0.0,Get directions: 6.00,179.0,179.0,,,,
2025-02-02,Clic cómo llegar,Obtener dirección,7.0,Alojado por Google,0.0,Get directions: 7.00,179.0,179.0,,,,
2025-02-03,Clic cómo llegar,Obtener dirección,5.0,Alojado por Google,0.0,Get directions: 5.00,179.0,179.0,,,,
2025-02-04,Clic cómo llegar,Obtener dirección,13.0,Alojado por Google,0.0,Get directions: 13.00,179.0,179.0,,,,
2025-02-05,Clic cómo llegar,Obtener dirección,18.0,Alojado por Google,0.0,Get directions: 18.00,179.0,179.0,,,,
2025-02-06,Clic cómo llegar,Obtener dirección,7.0,Alojado por Google,0.0,Get directions: 7.00,179.0,179.0,,,,
2025-02-07,Clic cómo llegar,Obtener dirección,5.0,Alojado por Google,0.0,Get directions: 5.00,179.0,179.0,,,,
2025-02-08,Clic cómo llegar,Obtener dirección,9.0,Alojado por Google,0.0,Get directions: 9.00,179.0,179.0,,,,
2025-02-09,Clic cómo llegar,Obtener dirección,3.0,Alojado por Google,0.0,Get directions: 3.00,179.0,179.0,,,,
2025-02-10,Clic cómo llegar,Obtener dirección,8.0,Alojado por Google,0.0,Get directions: 8.00,179.0,179.0,,,,
2025-02-11,Clic cómo llegar,Obtener dirección,8.0,Alojado por Google,0.0,Get directions: 8.00,179.0,179.0,,,,
2025-02-12,Clic cómo llegar,Obtener dirección,4.0,Alojado por Google,0.0,Get directions: 4.00,179.0,179.0,,,,
2025-02-13,Clic cómo llegar,Obtener dirección,1.0,Alojado por Google,0.0,Get directions: 1.00,179.0,179.0,,,,
2025-02-14,Clic cómo llegar,Obtener dirección,9.0,Alojado por Google,0.0,Get directions: 9.00,179.0,179.0,,,,
2025-02-15,Clic cómo llegar,Obtener dirección,2.0,Alojado por Google,0.0,Get directions: 2.00,179.0,179.0,,,,
2025-02-16,Clic cómo llegar,Obtener dirección,6.0,Alojado por Google,0.0,Get directions: 6.00,179.0,179.0,,,,
2025-02-17,Clic cómo llegar,Obtener dirección,21.0,Alojado por Google,0.0,Get directions: 21.00,179.0,179.0,,,,
2025-02-18,Clic cómo llegar,Obtener dirección,4.0,Alojado por Google,0.0,Get directions: 4.00,179.0,179.0,,,,
2025-02-19,Clic cómo llegar,Obtener dirección,3.0,Alojado por Google,0.0,Get directions: 3.00,179.0,179.0,,,,
2025-02-20,Clic cómo llegar,Obtener dirección,6.0,Alojado por Google,0.0,Get directions: 6.00,179.0,179.0,,,,
2025-02-21,Clic cómo llegar,Obtener dirección,5.0,Alojado por Google,0.0,Get directions: 5.00,179.0,179.0,,,,
2025-02-22,Clic cómo llegar,Obtener dirección,8.0,Alojado por Google,0.0,Get directions: 8.00,179.0,179.0,,,,
2025-02-23,Clic cómo llegar,Obtener dirección,6.0,Alojado por Google,0.0,Get directions: 6.00,179.0,179.0,,,,
2025-01-29,Otras expansiones,Engagement,35.0,Alojado por Google,0.0,Engagement: 35.00,354.0,354.0,,,,
2025-01-30,Otras expansiones,Engagement,9.0,Alojado por Google,0.0,Engagement: 9.00,354.0,354.0,,,,
2025-01-31,Otras expansiones,Engagement,13.0,Alojado por Google,0.0,Engagement: 13.00,354.0,354.0,,,,
2025-02-01,Otras expansiones,Engagement,15.0,Alojado por Google,0.0,Engagement: 15.00,354.0,354.0,,,,
2025-02-02,Otras expansiones,Engagement,56.0,Alojado por Google,0.0,Engagement: 56.00,354.0,354.0,,,,
2025-02-03,Otras expansiones,Engagement,9.0,Alojado por Google,0.0,Engagement: 9.00,354.0,354.0,,,,
2025-02-04,Otras expansiones,Engagement,24.0,Alojado por Google,0.0,Engagement: 24.00,354.0,354.0,,,,
2025-02-05,Otras expansiones,Engagement,17.0,Alojado por Google,0.0,Engagement: 17.00,354.0,354.0,,,,
2025-02-06,Otras expansiones,Engagement,31.0,Alojado por Google,0.0,Engagement: 31.00,354.0,354.0,,,,
2025-02-07,Otras expansiones,Engagement,7.0,Alojado por Google,0.0,Engagement: 7.00,354.0,354.0,,,,
2025-02-08,Otras expansiones,Engagement,24.0,Alojado por Google,0.0,Engagement: 24.00,354.0,354.0,,,,
2025-02-09,Otras expansiones,Engagement,3.0,Alojado por Google,0.0,Engagement: 3.00,354.0,354.0,,,,
2025-02-10,Otras expansiones,Engagement,12.0,Alojado por Google,0.0,Engagement: 12.00,354.0,354.0,,,,
2025-02-11,Otras expansiones,Engagement,14.0,Alojado por Google,0.0,Engagement: 14.00,354.0,354.0,,,,
2025-02-12,Otras expansiones,Engagement,6.0,Alojado por Google,0.0,Engagement: 6.00,354.0,354.0,,,,
2025-02-13,Otras expansiones,Engagement,3.0,Alojado por Google,0.0,Engagement: 3.00,354.0,354.0,,,,
2025-02-14,Otras expansiones,Engagement,19.0,Alojado por Google,0.0,Engagement: 19.00,354.0,354.0,,,,
2025-02-16,Otras expansiones,Engagement,4.0,Alojado por Google,0.0,Engagement: 4.00,354.0,354.0,,,,
2025-02-17,Otras expansiones,Engagement,1.0,Alojado por Google,0.0,Engagement: 1.00,354.0,354.0,,,,
2025-02-18,Otras expansiones,Engagement,7.0,Alojado por Google,0.0,Engagement: 7.00,354.0,354.0,,,,
2025-02-19,Otras expansiones,Engagement,27.0,Alojado por Google,0.0,Engagement: 27.00,354.0,354.0,,,,
2025-02-20,Otras expansiones,Engagement,3.0,Alojado por Google,0.0,Engagement: 3.00,354.0,354.0,,,,
2025-02-21,Otras expansiones,Engagement,4.0,Alojado por Google,0.0,Engagement: 4.00,354.0,354.0,,,,
2025-02-22,Otras expansiones,Engagement,8.0,Alojado por Google,0.0,Engagement: 8.00,354.0,354.0,,,,
2025-02-23,Otras expansiones,Engagement,3.0,Alojado por Google,0.0,Engagement: 3.00,354.0,354.0,,,,
2025-01-29,Clics de llamada,Contacto,7.0,Alojado por Google,0.0,Contact: 7.00,38.0,38.0,,,,
2025-01-31,Clics de llamada,Contacto,1.0,Alojado por Google,0.0,Contact: 1.00,38.0,38.0,,,,
2025-02-01,Clics de llamada,Contacto,3.0,Alojado por Google,0.0,Contact: 3.00,38.0,38.0,,,,
2025-02-03,Clics de llamada,Contacto,1.0,Alojado por Google,0.0,Contact: 1.00,38.0,38.0,,,,
2025-02-04,Clics de llamada,Contacto,1.0,Alojado por Google,0.0,Contact: 1.00,38.0,38.0,,,,
2025-02-05,Clics de llamada,Contacto,5.0,Alojado por Google,0.0,Contact: 5.00,38.0,38.0,,,,
2025-02-07,Clics de llamada,Contacto,2.0,Alojado por Google,0.0,Contact: 2.00,38.0,38.0,,,,
2025-02-10,Clics de llamada,Contacto,1.0,Alojado por Google,0.0,Contact: 1.00,38.0,38.0,,,,
2025-02-11,Clics de llamada,Contacto,7.0,Alojado por Google,0.0,Contact: 7.00,38.0,38.0,,,,
2025-02-12,Clics de llamada,Contacto,1.0,Alojado por Google,0.0,Contact: 1.00,38.0,38.0,,,,
2025-02-14,Clics de llamada,Contacto,2.0,Alojado por Google,0.0,Contact: 2.00,38.0,38.0,,,,
2025-02-17,Clics de llamada,Contacto,1.0,Alojado por Google,0.0,Contact: 1.00,38.0,38.0,,,,
2025-02-18,Clics de llamada,Contacto,1.0,Alojado por Google,0.0,Contact: 1.00,38.0,38.0,,,,
2025-02-19,Clics de llamada,Contacto,2.0,Alojado por Google,0.0,Contact: 2.00,38.0,38.0,,,,
2025-02-20,Clics de llamada,Contacto,1.0,Alojado por Google,0.0,Contact: 1.00,38.0,38.0,,,,
2025-02-22,Clics de llamada,Contacto,1.0,Alojado por Google,0.0,Contact: 1.00,38.0,38.0,,,,
2025-02-23,Clics de llamada,Contacto,1.0,Alojado por Google,0.0,Contact: 1.00,38.0,38.0,,,,
2025-02-03,Formulario natación adultos,Envío de formulario,1.0,Sitio web,1.0,Submit lead form: 1.00,88.0,88.0,,,,
2025-02-04,Formulario natación adultos,Envío de formulario,1.0,Sitio web,1.0,Submit lead form: 1.00,88.0,88.0,,,,
2025-02-08,Formulario natación adultos,Envío de formulario,1.0,Sitio web,1.0,Submit lead form: 1.00,88.0,88.0,,,,
2025-02-12,Formulario natación adultos,Envío de formulario,1.0,Sitio web,1.0,Submit lead form: 1.00,88.0,88.0,,,,
2025-02-14,Formulario natación adultos,Envío de formulario,1.0,Sitio web,1.0,Submit lead form: 1.00,88.0,88.0,,,,
2025-02-17,Formulario natación adultos,Envío de formulario,1.0,Sitio web,1.0,Submit lead form: 1.00,88.0,88.0,,,,
2025-02-19,Formulario natación adultos,Envío de formulario,1.0,Sitio web,1.0,Submit lead form: 1.00,88.0,88.0,,,,
2025-02-21,Formulario natación adultos,Envío de formulario,1.0,Sitio web,1.0,Submit lead form: 1.00,88.0,88.0,,,,
2025-01-29,Formulario matronatación,Envío de formulario,3.0,Sitio web,3.0,Submit lead form: 3.00,88.0,88.0,,,,
2025-02-01,Formulario matronatación,Envío de formulario,1.0,Sitio web,1.0,Submit lead form: 1.00,88.0,88.0,,,,
2025-02-02,Formulario matronatación,Envío de formulario,1.0,Sitio web,1.0,Submit lead form: 1.00,88.0,88.0,,,,
2025-02-03,Formulario matronatación,Envío de formulario,1.0,Sitio web,1.0,Submit lead form: 1.00,88.0,88.0,,,,
2025-02-04,Formulario matronatación,Envío de formulario,1.0,Sitio web,1.0,Submit lead form: 1.00,88.0,88.0,,,,
2025-02-05,Formulario matronatación,Envío de formulario,1.0,Sitio web,1.0,Submit lead form: 1.00,88.0,88.0,,,,
2025-02-06,Formulario matronatación,Envío de formulario,2.0,Sitio web,2.0,Submit lead form: 2.00,88.0,88.0,,,,
2025-02-07,Formulario matronatación,Envío de formulario,2.0,Sitio web,2.0,Submit lead form: 2.00,88.0,88.0,,,,
2025-02-08,Formulario matronatación,Envío de formulario,1.0,Sitio web,1.0,Submit lead form: 1.00,88.0,88.0,,,,
2025-02-09,Formulario matronatación,Envío de formulario,1.0,Sitio web,1.0,Submit lead form: 1.00,88.0,88.0,,,,
2025-02-10,Formulario matronatación,Envío de formulario,1.0,Sitio web,1.0,Submit lead form: 1.00,88.0,88.0,,,,
2025-02-11,Formulario matronatación,Envío de formulario,2.0,Sitio web,2.0,Submit lead form: 2.00,88.0,88.0,,,,
2025-02-12,Formulario matronatación,Envío de formulario,2.0,Sitio web,2.0,Submit lead form: 2.00,88.0,88.0,,,,
2025-02-15,Formulario matronatación,Envío de formulario,3.0,Sitio web,3.0,Submit lead form: 3.00,88.0,88.0,,,,
2025-02-17,Formulario matronatación,Envío de formulario,2.0,Sitio web,2.0,Submit lead form: 2.00,88.0,88.0,,,,
2025-02-20,Formulario matronatación,Envío de formulario,2.0,Sitio web,2.0,Submit lead form: 2.00,88.0,88.0,,,,
2025-02-22,Formulario matronatación,Envío de formulario,3.0,Sitio web,3.0,Submit lead form: 3.00,88.0,88.0,,,,
2025-02-23,Formulario matronatación,Envío de formulario,1.0,Sitio web,1.0,Submit lead form: 1.00,88.0,88.0,,,,
2025-01-30,Formulario bebés natación,Envío de formulario,1.0,Sitio web,1.0,Submit lead form: 1.00,88.0,88.0,,,,
2025-02-09,Formulario bebés natación,Envío de formulario,1.0,Sitio web,1.0,Submit lead form: 1.00,88.0,88.0,,,,
2025-02-12,Formulario bebés natación,Envío de formulario,1.0,Sitio web,1.0,Submit lead form: 1.00,88.0,88.0,,,,
2025-02-14,Formulario bebés natación,Envío de formulario,1.0,Sitio web,1.0,Submit lead form: 1.00,88.0,88.0,,,,
2025-02-19,Formulario bebés natación,Envío de formulario,2.0,Sitio web,2.0,Submit lead form: 2.00,88.0,88.0,,,,
2025-02-20,Formulario bebés natación,Envío de formulario,1.0,Sitio web,1.0,Submit lead form: 1.00,88.0,88.0,,,,
2025-01-29,Formulario chapoteos,Envío de formulario,1.0,Sitio web,1.0,Submit lead form: 1.00,88.0,88.0,,,,
2025-02-01,Formulario chapoteos,Envío de formulario,1.0,Sitio web,1.0,Submit lead form: 1.00,88.0,88.0,,,,
2025-02-03,Formulario chapoteos,Envío de formulario,1.0,Sitio web,1.0,Submit lead form: 1.00,88.0,88.0,,,,
2025-02-04,Formulario chapoteos,Envío de formulario,1.0,Sitio web,1.0,Submit lead form: 1.00,88.0,88.0,,,,
2025-02-05,Formulario chapoteos,Envío de formulario,1.0,Sitio web,1.0,Submit lead form: 1.00,88.0,88.0,,,,
2025-02-09,Formulario chapoteos,Envío de formulario,1.0,Sitio web,1.0,Submit lead form: 1.00,88.0,88.0,,,,
2025-02-10,Formulario chapoteos,Envío de formulario,2.0,Sitio web,2.0,Submit lead form: 2.00,88.0,88.0,,,,
2025-02-11,Formulario chapoteos,Envío de formulario,1.0,Sitio web,1.0,Submit lead form: 1.00,88.0,88.0,,,,
2025-02-12,Formulario chapoteos,Envío de formulario,3.0,Sitio web,3.0,Submit lead form: 3.00,88.0,88.0,,,,
2025-02-13,Formulario chapoteos,Envío de formulario,3.0,Sitio web,3.0,Submit lead form: 3.00,88.0,88.0,,,,
2025-02-14,Formulario chapoteos,Envío de formulario,1.0,Sitio web,1.0,Submit lead form: 1.00,88.0,88.0,,,,
2025-02-15,Formulario chapoteos,Envío de formulario,1.0,Sitio web,1.0,Submit lead form: 1.00,88.0,88.0,,,,
2025-02-16,Formulario chapoteos,Envío de formulario,3.0,Sitio web,3.0,Submit lead form: 3.00,88.0,88.0,,,,
2025-02-17,Formulario chapoteos,Envío de formulario,1.0,Sitio web,1.0,Submit lead form: 1.00,88.0,88.0,,,,
2025-02-18,Formulario chapoteos,Envío de formulario,1.0,Sitio web,1.0,Submit lead form: 1.00,88.0,88.0,,,,
2025-02-20,Formulario chapoteos,Envío de formulario,4.0,Sitio web,4.0,Submit lead form: 4.00,88.0,88.0,,,,
2025-02-21,Formulario chapoteos,Envío de formulario,2.0,Sitio web,2.0,Submit lead form: 2.00,88.0,88.0,,,,
2025-02-23,Formulario chapoteos,Envío de formulario,1.0,Sitio web,1.0,Submit lead form: 1.00,88.0,88.0,,,,
2025-01-29,Formulario natación embarazo,Envío de formulario,1.0,Sitio web,1.0,Submit lead form: 1.00,88.0,88.0,,,,
2025-01-30,Formulario natación embarazo,Envío de formulario,1.0,Sitio web,1.0,Submit lead form: 1.00,88.0,88.0,,,,
2025-02-01,Formulario natación embarazo,Envío de formulario,2.0,Sitio web,2.0,Submit lead form: 2.00,88.0,88.0,,,,
2025-02-04,Formulario natación embarazo,Envío de formulario,2.0,Sitio web,2.0,Submit lead form: 2.00,88.0,88.0,,,,
2025-02-10,Formulario natación embarazo,Envío de formulario,1.0,Sitio web,1.0,Submit lead form: 1.00,88.0,88.0,,,,
2025-02-11,Formulario natación embarazo,Envío de formulario,1.0,Sitio web,1.0,Submit lead form: 1.00,88.0,88.0,,,,
2025-02-08,Formulario natación infantil,Envío de formulario,1.0,Sitio web,1.0,Submit lead form: 1.00,88.0,88.0,,,,
2025-02-15,Formulario natación infantil,Envío de formulario,3.0,Sitio web,3.0,Submit lead form: 3.00,88.0,88.0,,,,
2025-02-16,Formulario natación infantil,Envío de formulario,1.0,Sitio web,1.0,Submit lead form: 1.00,88.0,88.0,,,,
2025-02-20,Formulario natación infantil,Envío de formulario,1.0,Sitio web,1.0,Submit lead form: 1.00,88.0,88.0,,,,
2025-02-04,Llamadas desde anuncios,Llamada de teléfono,1.0,Llamadas desde anuncios,1.0,Phone call lead: 1.00,1.0,1.0,,,,
2025-01-29,,,,,,,,,0.59,5.0,150.0,Página Inicio
2025-01-29,,,,,,,,,1.09,2.0,26.0,Campañas
2025-01-29,,,,,,,,,2.23,7.0,1639.0,Campañas
2025-01-29,,,,,,,,,0.73,1.0,16.0,Campañas
2025-01-29,,,,,,,,,4.38,4.0,253.0,Clases y cursos
2025-01-29,,,,,,,,,0.65,3.0,83.0,Clases y cursos
2025-01-29,,,,,,,,,0.38,1.0,13.0,Clases y cursos
2025-01-29,,,,,,,,,2.05,3.0,9.0,Clases y cursos
2025-01-29,,,,,,,,,4.15,8.0,96.0,Clases y cursos
2025-01-29,,,,,,,,,0.0,0.0,16.0,Clases y cursos
2025-01-29,,,,,,,,,0.0,0.0,3.0,Clases y cursos
2025-01-29,,,,,,,,,0.39,1.0,5.0,Artículos generales
2025-01-29,,,,,,,,,0.0,0.0,3.0,Artículos generales
2025-01-29,,,,,,,,,0.0,0.0,1.0,Artículos generales
2025-01-29,,,,,,,,,0.05,1.0,9.0,Artículos generales
2025-01-29,,,,,,,,,0.0,0.0,5.0,Artículos generales
2025-01-29,,,,,,,,,0.0,0.0,6.0,Artículos generales
2025-01-29,,,,,,,,,0.0,0.0,4.0,Artículos generales
2025-01-29,,,,,,,,,0.0,0.0,5.0,Artículos generales
2025-01-29,,,,,,,,,0.0,0.0,6.0,Artículos generales
2025-01-29,,,,,,,,,0.0,0.0,183.0,Categorías de producto
2025-01-29,,,,,,,,,0.0,0.0,20.0,Categorías de producto
2025-01-29,,,,,,,,,0.0,0.0,96.0,Categorías de producto
2025-01-29,,,,,,,,,0.2,2.0,210.0,Clases y cursos
2025-01-29,,,,,,,,,12.61,17.0,105.0,Clases y cursos
2025-01-29,,,,,,,,,18.32,27.0,313.0,Clases y cursos
2025-01-29,,,,,,,,,0.0,0.0,369.0,Contacto / F.A.Q
2025-01-29,,,,,,,,,2.34,2.0,6.0,Contacto / F.A.Q
2025-01-29,,,,,,,,,0.0,0.0,1.0,Clases y cursos
2025-01-29,,,,,,,,,2.16,5.0,33.0,Clases y cursos
2025-01-29,,,,,,,,,0.19,1.0,10.0,Clases y cursos
2025-01-29,,,,,,,,,0.0,0.0,2.0,Contacto / F.A.Q
2025-01-29,,,,,,,,,1.16,9.0,372.0,Tienda
2025-01-29,,,,,,,,,1.59,8.0,42.0,Tienda
2025-01-29,,,,,,,,,0.0,0.0,55.0,Tienda
2025-01-30,,,,,,,,,1.46,12.0,339.0,Página Inicio
2025-01-30,,,,,,,,,1.52,5.0,44.0,Campañas
2025-01-30,,,,,,,,,4.26,8.0,414.0,Campañas
2025-01-30,,,,,,,,,0.14,1.0,9.0,Campañas
2025-01-30,,,,,,,,,0.0,0.0,1.0,Campañas
2025-01-30,,,,,,,,,0.78,1.0,165.0,Clases y cursos
2025-01-30,,,,,,,,,0.0,0.0,22.0,Clases y cursos
2025-01-30,,,,,,,,,0.0,0.0,5.0,Clases y cursos
2025-01-30,,,,,,,,,0.0,0.0,3.0,Clases y cursos
2025-01-30,,,,,,,,,5.64,7.0,69.0,Clases y cursos
2025-01-30,,,,,,,,,0.0,0.0,7.0,Clases y cursos
2025-01-30,,,,,,,,,0.0,0.0,3.0,Clases y cursos
2025-01-30,,,,,,,,,0.0,0.0,1.0,Artículos generales
2025-01-30,,,,,,,,,0.0,0.0,1.0,Artículos generales
2025-01-30,,,,,,,,,0.0,0.0,5.0,Artículos generales
2025-01-30,,,,,,,,,0.0,0.0,2.0,Artículos generales
2025-01-30,,,,,,,,,0.0,0.0,1.0,Artículos generales
2025-01-30,,,,,,,,,0.0,0.0,125.0,Categorías de producto
2025-01-30,,,,,,,,,2.73,1.0,9.0,Categorías de producto
2025-01-30,,,,,,,,,0.0,0.0,8.0,Categorías de producto
2025-01-30,,,,,,,,,0.0,0.0,147.0,Clases y cursos
2025-01-30,,,,,,,,,14.26,23.0,113.0,Clases y cursos
2025-01-30,,,,,,,,,8.45,12.0,192.0,Clases y cursos
2025-01-30,,,,,,,,,0.0,0.0,262.0,Contacto / F.A.Q
2025-01-30,,,,,,,,,1.19,1.0,1.0,Contacto / F.A.Q
2025-01-30,,,,,,,,,1.34,4.0,28.0,Clases y cursos
2025-01-30,,,,,,,,,0.7,2.0,9.0,Clases y cursos
2025-01-30,,,,,,,,,1.25,1.0,197.0,Tienda
2025-01-30,,,,,,,,,1.2,5.0,31.0,Tienda
2025-01-30,,,,,,,,,2.64,5.0,56.0,Tienda
2025-01-30,,,,,,,,,0.0,0.0,1.0,Contacto / F.A.Q
2025-01-31,,,,,,,,,1.28,3.0,111.0,Página Inicio
2025-01-31,,,,,,,,,0.72,4.0,51.0,Campañas
2025-01-31,,,,,,,,,5.21,10.0,392.0,Campañas
2025-01-31,,,,,,,,,1.67,5.0,15.0,Campañas
2025-01-31,,,,,,,,,0.97,2.0,142.0,Clases y cursos
2025-01-31,,,,,,,,,0.0,0.0,17.0,Clases y cursos
2025-01-31,,,,,,,,,0.0,0.0,11.0,Clases y cursos
2025-01-31,,,,,,,,,0.0,0.0,7.0,Clases y cursos
2025-01-31,,,,,,,,,0.5,1.0,28.0,Clases y cursos
2025-01-31,,,,,,,,,1.52,1.0,9.0,Clases y cursos
2025-01-31,,,,,,,,,0.0,0.0,2.0,Clases y cursos
2025-01-31,,,,,,,,,0.0,0.0,1.0,Artículos generales
2025-01-31,,,,,,,,,0.0,0.0,4.0,Artículos generales
2025-01-31,,,,,,,,,0.0,0.0,3.0,Artículos generales
2025-01-31,,,,,,,,,0.0,0.0,1.0,Artículos generales
2025-01-31,,,,,,,,,0.0,0.0,4.0,Artículos generales
2025-01-31,,,,,,,,,0.0,0.0,2.0,Artículos generales
2025-01-31,,,,,,,,,0.0,0.0,1.0,Artículos generales
2025-01-31,,,,,,,,,0.0,0.0,5.0,Artículos generales
2025-01-31,,,,,,,,,0.0,0.0,2.0,Artículos generales
2025-01-31,,,,,,,,,0.0,0.0,1.0,Artículos generales
2025-01-31,,,,,,,,,0.0,0.0,1.0,Artículos generales
2025-01-31,,,,,,,,,0.0,0.0,96.0,Categorías de producto
2025-01-31,,,,,,,,,0.71,1.0,7.0,Categorías de producto
2025-01-31,,,,,,,,,0.0,0.0,17.0,Categorías de producto
2025-01-31,,,,,,,,,2.52,3.0,123.0,Clases y cursos
2025-01-31,,,,,,,,,13.05,20.0,97.0,Clases y cursos
2025-01-31,,,,,,,,,6.45,11.0,138.0,Clases y cursos
2025-01-31,,,,,,,,,0.0,0.0,195.0,Contacto / F.A.Q
2025-01-31,,,,,,,,,0.52,1.0,10.0,Contacto / F.A.Q
2025-01-31,,,,,,,,,0.0,0.0,1.0,Clases y cursos
2025-01-31,,,,,,,,,0.89,3.0,38.0,Clases y cursos
2025-01-31,,,,,,,,,0.0,0.0,2.0,Clases y cursos
2025-01-31,,,,,,,,,0.0,0.0,2.0,Contacto / F.A.Q
2025-01-31,,,,,,,,,0.89,2.0,195.0,Tienda
2025-01-31,,,,,,,,,2.63,5.0,40.0,Tienda
2025-01-31,,,,,,,,,0.99,2.0,19.0,Tienda
2025-01-31,,,,,,,,,0.0,0.0,2.0,Contacto / F.A.Q
2025-02-01,,,,,,,,,1.3,15.0,372.0,Página Inicio
2025-02-01,,,,,,,,,3.02,4.0,32.0,Campañas
2025-02-01,,,,,,,,,1.74,5.0,509.0,Campañas
2025-02-01,,,,,,,,,0.47,2.0,10.0,Campañas
2025-02-01,,,,,,,,,0.11,1.0,153.0,Clases y cursos
2025-02-01,,,,,,,,,0.0,0.0,28.0,Clases y cursos
2025-02-01,,,,,,,,,0.84,2.0,11.0,Clases y cursos
2025-02-01,,,,,,,,,0.0,0.0,16.0,Clases y cursos
2025-02-01,,,,,,,,,2.96,5.0,41.0,Clases y cursos
2025-02-01,,,,,,,,,0.99,1.0,1.0,Clases y cursos
2025-02-01,,,,,,,,,0.0,0.0,2.0,Clases y cursos
2025-02-01,,,,,,,,,0.0,0.0,9.0,Artículos generales
2025-02-01,,,,,,,,,0.0,0.0,21.0,Artículos generales
2025-02-01,,,,,,,,,0.0,0.0,3.0,Artículos generales
2025-02-01,,,,,,,,,0.0,0.0,1.0,Artículos generales
2025-02-01,,,,,,,,,0.0,0.0,11.0,Artículos generales
2025-02-01,,,,,,,,,0.0,0.0,1.0,Artículos generales
2025-02-01,,,,,,,,,0.0,0.0,3.0,Artículos generales
2025-02-01,,,,,,,,,0.0,0.0,1.0,Artículos generales
2025-02-01,,,,,,,,,0.0,0.0,3.0,Página Inicio
2025-02-01,,,,,,,,,0.67,1.0,108.0,Categorías de producto
2025-02-01,,,,,,,,,0.0,0.0,2.0,Categorías de producto
2025-02-01,,,,,,,,,0.0,0.0,33.0,Categorías de producto
2025-02-01,,,,,,,,,1.14,3.0,139.0,Clases y cursos
2025-02-01,,,,,,,,,5.14,10.0,84.0,Clases y cursos
2025-02-01,,,,,,,,,6.0,13.0,240.0,Clases y cursos
2025-02-01,,,,,,,,,0.0,0.0,1.0,Campañas
2025-02-01,,,,,,,,,0.0,0.0,225.0,Contacto / F.A.Q
2025-02-01,,,,,,,,,4.54,2.0,5.0,Contacto / F.A.Q
2025-02-01,,,,,,,,,0.0,0.0,1.0,Campañas
2025-02-01,,,,,,,,,1.35,4.0,35.0,Clases y cursos
2025-02-01,,,,,,,,,0.0,0.0,7.0,Clases y cursos
2025-02-01,,,,,,,,,0.31,1.0,2.0,Contacto / F.A.Q
2025-02-01,,,,,,,,,0.79,1.0,209.0,Tienda
2025-02-01,,,,,,,,,1.94,9.0,48.0,Tienda
2025-02-01,,,,,,,,,6.59,6.0,68.0,Tienda
2025-02-01,,,,,,,,,0.0,0.0,3.0,Contacto / F.A.Q
2025-02-02,,,,,,,,,1.86,13.0,471.0,Página Inicio
2025-02-02,,,,,,,,,1.13,4.0,28.0,Campañas
2025-02-02,,,,,,,,,5.33,15.0,1265.0,Campañas
2025-02-02,,,,,,,,,0.0,0.0,2.0,Campañas
2025-02-02,,,,,,,,,0.23,1.0,206.0,Clases y cursos
2025-02-02,,,,,,,,,0.1,1.0,105.0,Clases y cursos
2025-02-02,,,,,,,,,0.0,0.0,4.0,Clases y cursos
2025-02-02,,,,,,,,,0.55,1.0,4.0,Clases y cursos
2025-02-02,,,,,,,,,3.46,3.0,56.0,Clases y cursos
2025-02-02,,,,,,,,,0.0,0.0,2.0,Clases y cursos
2025-02-02,,,,,,,,,0.0,0.0,1.0,Clases y cursos
2025-02-02,,,,,,,,,0.0,0.0,2.0,Artículos generales
2025-02-02,,,,,,,,,0.0,0.0,3.0,Artículos generales
2025-02-02,,,,,,,,,0.0,0.0,1.0,Artículos generales
2025-02-02,,,,,,,,,0.02,1.0,4.0,Artículos generales
2025-02-02,,,,,,,,,1.19,1.0,2.0,Artículos generales
2025-02-02,,,,,,,,,0.0,0.0,7.0,Artículos generales
2025-02-02,,,,,,,,,0.0,0.0,1.0,Artículos generales
2025-02-02,,,,,,,,,0.0,0.0,2.0,Artículos generales
2025-02-02,,,,,,,,,0.52,1.0,187.0,Categorías de producto
2025-02-02,,,,,,,,,0.0,0.0,12.0,Categorías de producto
2025-02-02,,,,,,,,,0.0,0.0,88.0,Categorías de producto
2025-02-02,,,,,,,,,1.37,3.0,179.0,Clases y cursos
2025-02-02,,,,,,,,,17.6,24.0,138.0,Clases y cursos
2025-02-02,,,,,,,,,11.63,24.0,444.0,Clases y cursos
2025-02-02,,,,,,,,,2.53,2.0,320.0,Contacto / F.A.Q
2025-02-02,,,,,,,,,3.52,2.0,6.0,Contacto / F.A.Q
2025-02-02,,,,,,,,,4.88,11.0,54.0,Clases y cursos
2025-02-02,,,,,,,,,0.51,1.0,2.0,Clases y cursos
2025-02-02,,,,,,,,,0.56,1.0,240.0,Tienda
2025-02-02,,,,,,,,,1.04,5.0,27.0,Tienda
2025-02-02,,,,,,,,,0.27,1.0,23.0,Tienda
2025-02-03,,,,,,,,,0.6,2.0,71.0,Página Inicio
2025-02-03,,,,,,,,,0.79,3.0,88.0,Campañas
2025-02-03,,,,,,,,,5.87,13.0,876.0,Campañas
2025-02-03,,,,,,,,,0.0,0.0,1.0,Campañas
2025-02-03,,,,,,,,,1.18,1.0,282.0,Clases y cursos
2025-02-03,,,,,,,,,0.12,2.0,74.0,Clases y cursos
2025-02-03,,,,,,,,,0.67,1.0,6.0,Clases y cursos
2025-02-03,,,,,,,,,0.78,1.0,2.0,Clases y cursos
2025-02-03,,,,,,,,,14.36,14.0,113.0,Clases y cursos
2025-02-03,,,,,,,,,0.0,0.0,13.0,Clases y cursos
2025-02-03,,,,,,,,,0.0,0.0,4.0,Clases y cursos
2025-02-03,,,,,,,,,0.11,1.0,4.0,Artículos generales
2025-02-03,,,,,,,,,0.0,0.0,4.0,Artículos generales
2025-02-03,,,,,,,,,0.0,0.0,6.0,Artículos generales
2025-02-03,,,,,,,,,0.0,0.0,4.0,Artículos generales
2025-02-03,,,,,,,,,0.0,0.0,10.0,Artículos generales
2025-02-03,,,,,,,,,0.0,0.0,7.0,Artículos generales
2025-02-03,,,,,,,,,0.0,0.0,1.0,Artículos generales
2025-02-03,,,,,,,,,0.0,0.0,1.0,Artículos generales
2025-02-03,,,,,,,,,0.0,0.0,2.0,Artículos generales
2025-02-03,,,,,,,,,0.0,0.0,9.0,Artículos generales
2025-02-03,,,,,,,,,0.0,0.0,1.0,Artículos generales
2025-02-03,,,,,,,,,0.0,0.0,248.0,Categorías de producto
2025-02-03,,,,,,,,,0.28,2.0,20.0,Categorías de producto
2025-02-03,,,,,,,,,0.0,0.0,36.0,Categorías de producto
2025-02-03,,,,,,,,,3.13,2.0,220.0,Clases y cursos
2025-02-03,,,,,,,,,15.12,22.0,137.0,Clases y cursos
2025-02-03,,,,,,,,,28.58,39.0,278.0,Clases y cursos
2025-02-03,,,,,,,,,0.17,1.0,430.0,Contacto / F.A.Q
2025-02-03,,,,,,,,,0.0,0.0,6.0,Contacto / F.A.Q
2025-02-03,,,,,,,,,3.42,7.0,53.0,Clases y cursos
2025-02-03,,,,,,,,,0.0,0.0,6.0,Clases y cursos
2025-02-03,,,,,,,,,0.0,0.0,3.0,Contacto / F.A.Q
2025-02-03,,,,,,,,,0.64,1.0,333.0,Tienda
2025-02-03,,,,,,,,,0.93,9.0,59.0,Tienda
2025-02-03,,,,,,,,,0.63,2.0,12.0,Tienda
2025-02-03,,,,,,,,,0.0,0.0,2.0,Contacto / F.A.Q
2025-02-04,,,,,,,,,0.4,0.0,42.0,Página Inicio
2025-02-04,,,,,,,,,3.4,7.0,67.0,Campañas
2025-02-04,,,,,,,,,8.92,19.0,582.0,Campañas
2025-02-04,,,,,,,,,0.0,0.0,8.0,Campañas
2025-02-04,,,,,,,,,2.1,3.0,217.0,Clases y cursos
2025-02-04,,,,,,,,,0.0,0.0,35.0,Clases y cursos
2025-02-04,,,,,,,,,0.0,0.0,4.0,Clases y cursos
2025-02-04,,,,,,,,,0.65,2.0,5.0,Clases y cursos
2025-02-04,,,,,,,,,13.12,13.0,90.0,Clases y cursos
2025-02-04,,,,,,,,,0.0,0.0,13.0,Clases y cursos
2025-02-04,,,,,,,,,0.98,1.0,3.0,Clases y cursos
2025-02-04,,,,,,,,,0.0,0.0,2.0,Artículos generales
2025-02-04,,,,,,,,,0.0,0.0,1.0,Artículos generales
2025-02-04,,,,,,,,,0.39,1.0,1.0,Artículos generales
2025-02-04,,,,,,,,,0.0,0.0,2.0,Artículos generales
2025-02-04,,,,,,,,,0.0,0.0,1.0,Artículos generales
2025-02-04,,,,,,,,,0.0,0.0,3.0,Artículos generales
2025-02-04,,,,,,,,,0.0,0.0,13.0,Artículos generales
2025-02-04,,,,,,,,,0.0,0.0,2.0,Artículos generales
2025-02-04,,,,,,,,,0.0,0.0,1.0,Artículos generales
2025-02-04,,,,,,,,,3.22,3.0,178.0,Categorías de producto
2025-02-04,,,,,,,,,2.15,2.0,18.0,Categorías de producto
2025-02-04,,,,,,,,,0.0,0.0,11.0,Categorías de producto
2025-02-04,,,,,,,,,1.25,4.0,181.0,Clases y cursos
2025-02-04,,,,,,,,,6.62,11.0,102.0,Clases y cursos
2025-02-04,,,,,,,,,14.98,23.0,166.0,Clases y cursos
2025-02-04,,,,,,,,,2.28,2.0,347.0,Contacto / F.A.Q
2025-02-04,,,,,,,,,1.32,2.0,5.0,Contacto / F.A.Q
2025-02-04,,,,,,,,,3.74,6.0,37.0,Clases y cursos
2025-02-04,,,,,,,,,5.34,3.0,13.0,Clases y cursos
2025-02-04,,,,,,,,,0.0,0.0,1.0,Contacto / F.A.Q
2025-02-04,,,,,,,,,0.65,2.0,261.0,Tienda
2025-02-04,,,,,,,,,7.83,16.0,59.0,Tienda
2025-02-04,,,,,,,,,3.97,3.0,30.0,Tienda
2025-02-05,,,,,,,,,1.01,12.0,324.0,Página Inicio
2025-02-05,,,,,,,,,2.95,7.0,71.0,Campañas
2025-02-05,,,,,,,,,6.66,22.0,1193.0,Campañas
2025-02-05,,,,,,,,,0.0,0.0,3.0,Campañas
2025-02-05,,,,,,,,,1.26,3.0,256.0,Clases y cursos
2025-02-05,,,,,,,,,0.11,1.0,87.0,Clases y cursos
2025-02-05,,,,,,,,,0.0,0.0,1.0,Clases y cursos
2025-02-05,,,,,,,,,0.0,0.0,7.0,Clases y cursos
2025-02-05,,,,,,,,,7.09,9.0,84.0,Clases y cursos
2025-02-05,,,,,,,,,0.0,0.0,8.0,Clases y cursos
2025-02-05,,,,,,,,,0.0,0.0,8.0,Clases y cursos
2025-02-05,,,,,,,,,0.0,0.0,1.0,Artículos generales
2025-02-05,,,,,,,,,0.0,0.0,1.0,Artículos generales
2025-02-05,,,,,,,,,0.0,0.0,2.0,Artículos generales
2025-02-05,,,,,,,,,0.0,0.0,3.0,Artículos generales
2025-02-05,,,,,,,,,0.0,0.0,1.0,Artículos generales
2025-02-05,,,,,,,,,0.0,0.0,3.0,Artículos generales
2025-02-05,,,,,,,,,0.0,0.0,4.0,Artículos generales
2025-02-05,,,,,,,,,0.0,0.0,1.0,Artículos generales
2025-02-05,,,,,,,,,0.0,0.0,2.0,Artículos generales
2025-02-05,,,,,,,,,0.0,0.0,3.0,Artículos generales
2025-02-05,,,,,,,,,0.0,0.0,2.0,Artículos generales
2025-02-05,,,,,,,,,0.0,0.0,3.0,Página Inicio
2025-02-05,,,,,,,,,1.03,1.0,229.0,Categorías de producto
2025-02-05,,,,,,,,,2.23,1.0,36.0,Categorías de producto
2025-02-05,,,,,,,,,0.11,1.0,166.0,Categorías de producto
2025-02-05,,,,,,,,,0.0,1.0,227.0,Clases y cursos
2025-02-05,,,,,,,,,13.3,23.0,171.0,Clases y cursos
2025-02-05,,,,,,,,,10.96,19.0,228.0,Clases y cursos
2025-02-05,,,,,,,,,0.35,2.0,420.0,Contacto / F.A.Q
2025-02-05,,,,,,,,,0.0,0.0,4.0,Contacto / F.A.Q
2025-02-05,,,,,,,,,0.51,2.0,32.0,Clases y cursos
2025-02-05,,,,,,,,,0.0,0.0,8.0,Clases y cursos
2025-02-05,,,,,,,,,2.85,19.0,750.0,Tienda
2025-02-05,,,,,,,,,10.98,20.0,49.0,Tienda
2025-02-05,,,,,,,,,1.25,3.0,21.0,Tienda
2025-02-05,,,,,,,,,0.0,0.0,2.0,Contacto / F.A.Q
2025-02-06,,,,,,,,,1.69,10.0,619.0,Página Inicio
2025-02-06,,,,,,,,,2.74,6.0,108.0,Campañas
2025-02-06,,,,,,,,,5.61,16.0,1072.0,Campañas
2025-02-06,,,,,,,,,0.4,1.0,11.0,Campañas
2025-02-06,,,,,,,,,0.0,0.0,1.0,Campañas
2025-02-06,,,,,,,,,0.0,0.0,221.0,Clases y cursos
2025-02-06,,,,,,,,,0.12,3.0,53.0,Clases y cursos
2025-02-06,,,,,,,,,0.0,1.0,9.0,Clases y cursos
2025-02-06,,,,,,,,,0.4,1.0,7.0,Clases y cursos
2025-02-06,,,,,,,,,5.32,5.0,72.0,Clases y cursos
2025-02-06,,,,,,,,,0.0,0.0,12.0,Clases y cursos
2025-02-06,,,,,,,,,0.96,1.0,2.0,Clases y cursos
2025-02-06,,,,,,,,,0.0,0.0,2.0,Artículos generales
2025-02-06,,,,,,,,,0.0,0.0,4.0,Artículos generales
2025-02-06,,,,,,,,,0.0,0.0,5.0,Artículos generales
2025-02-06,,,,,,,,,0.0,0.0,2.0,Artículos generales
2025-02-06,,,,,,,,,0.0,0.0,7.0,Artículos generales
2025-02-06,,,,,,,,,0.0,0.0,9.0,Artículos generales
2025-02-06,,,,,,,,,0.0,0.0,2.0,Artículos generales
2025-02-06,,,,,,,,,0.0,0.0,2.0,Artículos generales
2025-02-06,,,,,,,,,0.0,0.0,1.0,Artículos generales
2025-02-06,,,,,,,,,0.0,0.0,1.0,Página Inicio
2025-02-06,,,,,,,,,4.46,4.0,166.0,Categorías de producto
2025-02-06,,,,,,,,,0.0,0.0,22.0,Categorías de producto
2025-02-06,,,,,,,,,0.16,1.0,162.0,Categorías de producto
2025-02-06,,,,,,,,,0.53,1.0,212.0,Clases y cursos
2025-02-06,,,,,,,,,14.22,20.0,131.0,Clases y cursos
2025-02-06,,,,,,,,,7.95,15.0,219.0,Clases y cursos
2025-02-06,,,,,,,,,0.0,0.0,1.0,Campañas
2025-02-06,,,,,,,,,1.49,2.0,333.0,Contacto / F.A.Q
2025-02-06,,,,,,,,,0.0,0.0,4.0,Contacto / F.A.Q
2025-02-06,,,,,,,,,0.0,0.0,1.0,Clases y cursos
2025-02-06,,,,,,,,,3.39,7.0,42.0,Clases y cursos
2025-02-06,,,,,,,,,0.0,0.0,10.0,Clases y cursos
2025-02-06,,,,,,,,,0.92,11.0,518.0,Tienda
2025-02-06,,,,,,,,,1.41,8.0,30.0,Tienda
2025-02-06,,,,,,,,,7.51,6.0,58.0,Tienda
2025-02-06,,,,,,,,,0.0,0.0,3.0,Contacto / F.A.Q
2025-02-07,,,,,,,,,0.95,7.0,322.0,Página Inicio
2025-02-07,,,,,,,,,5.1,7.0,125.0,Campañas
2025-02-07,,,,,,,,,4.57,6.0,138.0,Campañas
2025-02-07,,,,,,,,,0.42,2.0,18.0,Campañas
2025-02-07,,,,,,,,,0.99,1.0,265.0,Clases y cursos
2025-02-07,,,,,,,,,0.0,0.0,10.0,Clases y cursos
2025-02-07,,,,,,,,,0.0,0.0,5.0,Clases y cursos
2025-02-07,,,,,,,,,0.0,0.0,7.0,Clases y cursos
2025-02-07,,,,,,,,,1.39,3.0,50.0,Clases y cursos
2025-02-07,,,,,,,,,0.0,0.0,18.0,Clases y cursos
2025-02-07,,,,,,,,,0.0,0.0,9.0,Clases y cursos
2025-02-07,,,,,,,,,0.0,0.0,6.0,Artículos generales
2025-02-07,,,,,,,,,0.0,0.0,3.0,Artículos generales
2025-02-07,,,,,,,,,0.0,0.0,1.0,Artículos generales
2025-02-07,,,,,,,,,0.0,0.0,5.0,Artículos generales
2025-02-07,,,,,,,,,0.0,0.0,2.0,Artículos generales
2025-02-07,,,,,,,,,0.0,0.0,8.0,Artículos generales
2025-02-07,,,,,,,,,0.0,0.0,1.0,Artículos generales
2025-02-07,,,,,,,,,0.0,0.0,5.0,Artículos generales
2025-02-07,,,,,,,,,0.03,1.0,10.0,Artículos generales
2025-02-07,,,,,,,,,0.0,0.0,1.0,Artículos generales
2025-02-07,,,,,,,,,0.0,0.0,1.0,Artículos generales
2025-02-07,,,,,,,,,0.0,0.0,2.0,Página Inicio
2025-02-07,,,,,,,,,6.12,3.0,184.0,Categorías de producto
2025-02-07,,,,,,,,,0.94,2.0,14.0,Categorías de producto
2025-02-07,,,,,,,,,0.0,0.0,18.0,Categorías de producto
2025-02-07,,,,,,,,,2.28,1.0,243.0,Clases y cursos
2025-02-07,,,,,,,,,11.6,15.0,116.0,Clases y cursos
2025-02-07,,,,,,,,,14.0,23.0,170.0,Clases y cursos
2025-02-07,,,,,,,,,0.0,0.0,1.0,Campañas
2025-02-07,,,,,,,,,0.67,1.0,393.0,Contacto / F.A.Q
2025-02-07,,,,,,,,,0.0,0.0,1.0,Contacto / F.A.Q
2025-02-07,,,,,,,,,0.0,0.0,4.0,Clases y cursos
2025-02-07,,,,,,,,,0.0,0.0,1.0,Clases y cursos
2025-02-07,,,,,,,,,6.59,10.0,91.0,Clases y cursos
2025-02-07,,,,,,,,,0.0,0.0,18.0,Clases y cursos
2025-02-07,,,,,,,,,0.0,0.0,3.0,Contacto / F.A.Q
2025-02-07,,,,,,,,,4.17,53.0,1564.0,Tienda
2025-02-07,,,,,,,,,4.19,11.0,60.0,Tienda
2025-02-07,,,,,,,,,0.05,1.0,31.0,Tienda
2025-02-07,,,,,,,,,0.0,0.0,1.0,Contacto / F.A.Q
2025-02-08,,,,,,,,,1.08,0.0,89.0,Página Inicio
2025-02-08,,,,,,,,,2.72,3.0,17.0,Campañas
2025-02-08,,,,,,,,,3.88,6.0,60.0,Campañas
2025-02-08,,,,,,,,,0.25,1.0,25.0,Campañas
2025-02-08,,,,,,,,,2.45,3.0,216.0,Clases y cursos
2025-02-08,,,,,,,,,0.0,0.0,11.0,Clases y cursos
2025-02-08,,,,,,,,,0.0,0.0,11.0,Clases y cursos
2025-02-08,,,,,,,,,0.0,0.0,4.0,Clases y cursos
2025-02-08,,,,,,,,,0.3,1.0,54.0,Clases y cursos
2025-02-08,,,,,,,,,0.25,1.0,3.0,Clases y cursos
2025-02-08,,,,,,,,,0.0,0.0,1.0,Clases y cursos
2025-02-08,,,,,,,,,0.0,0.0,4.0,Artículos generales
2025-02-08,,,,,,,,,0.0,0.0,1.0,Artículos generales
2025-02-08,,,,,,,,,0.0,0.0,1.0,Artículos generales
2025-02-08,,,,,,,,,0.0,0.0,2.0,Artículos generales
2025-02-08,,,,,,,,,0.0,0.0,2.0,Artículos generales
2025-02-08,,,,,,,,,0.0,0.0,8.0,Artículos generales
2025-02-08,,,,,,,,,0.0,0.0,1.0,Artículos generales
2025-02-08,,,,,,,,,0.0,0.0,1.0,Artículos generales
2025-02-08,,,,,,,,,0.0,0.0,1.0,Artículos generales
2025-02-08,,,,,,,,,0.0,0.0,1.0,Artículos generales
2025-02-08,,,,,,,,,0.28,1.0,5.0,Artículos generales
2025-02-08,,,,,,,,,0.0,0.0,3.0,Artículos generales
2025-02-08,,,,,,,,,0.0,0.0,1.0,Artículos generales
2025-02-08,,,,,,,,,0.0,0.0,1.0,Artículos generales
2025-02-08,,,,,,,,,0.59,1.0,170.0,Categorías de producto
2025-02-08,,,,,,,,,0.92,2.0,15.0,Categorías de producto
2025-02-08,,,,,,,,,0.0,0.0,4.0,Categorías de producto
2025-02-08,,,,,,,,,0.0,1.0,181.0,Clases y cursos
2025-02-08,,,,,,,,,13.89,20.0,138.0,Clases y cursos
2025-02-08,,,,,,,,,11.73,20.0,163.0,Clases y cursos
2025-02-08,,,,,,,,,1.2,1.0,348.0,Contacto / F.A.Q
2025-02-08,,,,,,,,,0.0,0.0,6.0,Contacto / F.A.Q
2025-02-08,,,,,,,,,0.0,0.0,2.0,Clases y cursos
2025-02-08,,,,,,,,,5.01,14.0,137.0,Clases y cursos
2025-02-08,,,,,,,,,0.05,1.0,6.0,Clases y cursos
2025-02-08,,,,,,,,,0.0,0.0,2.0,Contacto / F.A.Q
2025-02-08,,,,,,,,,0.7,1.0,236.0,Tienda
2025-02-08,,,,,,,,,0.19,4.0,37.0,Tienda
2025-02-08,,,,,,,,,5.12,5.0,37.0,Tienda
2025-02-08,,,,,,,,,0.94,1.0,1.0,Contacto / F.A.Q
2025-02-09,,,,,,,,,0.81,0.0,123.0,Página Inicio
2025-02-09,,,,,,,,,0.75,4.0,55.0,Campañas
2025-02-09,,,,,,,,,3.47,8.0,165.0,Campañas
2025-02-09,,,,,,,,,0.0,0.0,6.0,Campañas
2025-02-09,,,,,,,,,0.0,0.0,241.0,Clases y cursos
2025-02-09,,,,,,,,,0.0,0.0,21.0,Clases y cursos
2025-02-09,,,,,,,,,0.0,0.0,2.0,Clases y cursos
2025-02-09,,,,,,,,,0.0,0.0,2.0,Clases y cursos
2025-02-09,,,,,,,,,3.75,7.0,81.0,Clases y cursos
2025-02-09,,,,,,,,,0.0,0.0,9.0,Clases y cursos
2025-02-09,,,,,,,,,0.0,0.0,1.0,Artículos generales
2025-02-09,,,,,,,,,0.0,0.0,2.0,Artículos generales
2025-02-09,,,,,,,,,0.0,0.0,2.0,Artículos generales
2025-02-09,,,,,,,,,0.0,0.0,3.0,Artículos generales
2025-02-09,,,,,,,,,0.0,0.0,5.0,Artículos generales
2025-02-09,,,,,,,,,0.45,1.0,12.0,Artículos generales
2025-02-09,,,,,,,,,0.0,0.0,1.0,Artículos generales
2025-02-09,,,,,,,,,0.0,0.0,5.0,Artículos generales
2025-02-09,,,,,,,,,0.0,0.0,1.0,Artículos generales
2025-02-09,,,,,,,,,0.0,0.0,6.0,Artículos generales
2025-02-09,,,,,,,,,0.0,0.0,1.0,Artículos generales
2025-02-09,,,,,,,,,0.87,2.0,222.0,Categorías de producto
2025-02-09,,,,,,,,,0.0,0.0,12.0,Categorías de producto
2025-02-09,,,,,,,,,0.0,0.0,13.0,Categorías de producto
2025-02-09,,,,,,,,,0.0,0.0,208.0,Clases y cursos
2025-02-09,,,,,,,,,8.73,14.0,158.0,Clases y cursos
2025-02-09,,,,,,,,,11.55,21.0,197.0,Clases y cursos
2025-02-09,,,,,,,,,0.0,0.0,1.0,Campañas
2025-02-09,,,,,,,,,0.46,1.0,407.0,Contacto / F.A.Q
2025-02-09,,,,,,,,,1.3,1.0,5.0,Contacto / F.A.Q
2025-02-09,,,,,,,,,0.57,1.0,2.0,Clases y cursos
2025-02-09,,,,,,,,,9.76,33.0,334.0,Clases y cursos
2025-02-09,,,,,,,,,0.0,0.0,3.0,Clases y cursos
2025-02-09,,,,,,,,,0.5,3.0,300.0,Tienda
2025-02-09,,,,,,,,,0.1,2.0,22.0,Tienda
2025-02-09,,,,,,,,,0.23,1.0,23.0,Tienda
2025-02-09,,,,,,,,,0.46,2.0,1.0,Contacto / F.A.Q
2025-02-10,,,,,,,,,1.0,9.0,331.0,Página Inicio
2025-02-10,,,,,,,,,7.36,10.0,165.0,Campañas
2025-02-10,,,,,,,,,3.28,9.0,89.0,Campañas
2025-02-10,,,,,,,,,3.24,6.0,39.0,Campañas
2025-02-10,,,,,,,,,0.0,0.0,3.0,Campañas
2025-02-10,,,,,,,,,1.35,1.0,310.0,Clases y cursos
2025-02-10,,,,,,,,,0.56,1.0,47.0,Clases y cursos
2025-02-10,,,,,,,,,0.36,1.0,25.0,Clases y cursos
2025-02-10,,,,,,,,,0.3,1.0,5.0,Clases y cursos
2025-02-10,,,,,,,,,0.62,1.0,42.0,Clases y cursos
2025-02-10,,,,,,,,,2.45,1.0,34.0,Clases y cursos
2025-02-10,,,,,,,,,0.0,0.0,5.0,Clases y cursos
2025-02-10,,,,,,,,,0.0,0.0,4.0,Artículos generales
2025-02-10,,,,,,,,,0.0,0.0,10.0,Artículos generales
2025-02-10,,,,,,,,,0.0,0.0,1.0,Artículos generales
2025-02-10,,,,,,,,,0.0,0.0,8.0,Artículos generales
2025-02-10,,,,,,,,,0.0,0.0,5.0,Artículos generales
2025-02-10,,,,,,,,,0.0,0.0,5.0,Artículos generales
2025-02-10,,,,,,,,,1.29,1.0,12.0,Artículos generales
2025-02-10,,,,,,,,,0.0,0.0,3.0,Artículos generales
2025-02-10,,,,,,,,,0.0,0.0,17.0,Artículos generales
2025-02-10,,,,,,,,,0.0,0.0,1.0,Artículos generales
2025-02-10,,,,,,,,,0.0,0.0,8.0,Artículos generales
2025-02-10,,,,,,,,,0.0,0.0,2.0,Artículos generales
2025-02-10,,,,,,,,,0.0,0.0,1.0,Artículos generales
2025-02-10,,,,,,,,,0.0,0.0,7.0,Página Inicio
2025-02-10,,,,,,,,,2.37,3.0,212.0,Categorías de producto
2025-02-10,,,,,,,,,0.31,1.0,11.0,Categorías de producto
2025-02-10,,,,,,,,,0.0,0.0,20.0,Categorías de producto
2025-02-10,,,,,,,,,0.0,0.0,272.0,Clases y cursos
2025-02-10,,,,,,,,,6.05,11.0,108.0,Clases y cursos
2025-02-10,,,,,,,,,17.54,30.0,256.0,Clases y cursos
2025-02-10,,,,,,,,,0.0,0.0,2.0,Campañas
2025-02-10,,,,,,,,,0.78,2.0,459.0,Contacto / F.A.Q
2025-02-10,,,,,,,,,0.85,1.0,15.0,Contacto / F.A.Q
2025-02-10,,,,,,,,,0.0,0.0,1.0,Campañas
2025-02-10,,,,,,,,,0.0,0.0,1.0,Clases y cursos
2025-02-10,,,,,,,,,0.0,0.0,3.0,Clases y cursos
2025-02-10,,,,,,,,,3.74,15.0,197.0,Clases y cursos
2025-02-10,,,,,,,,,0.92,4.0,24.0,Clases y cursos
2025-02-10,,,,,,,,,0.0,0.0,2.0,Contacto / F.A.Q
2025-02-10,,,,,,,,,1.19,3.0,452.0,Tienda
2025-02-10,,,,,,,,,0.81,7.0,51.0,Tienda
2025-02-10,,,,,,,,,1.68,3.0,72.0,Tienda
2025-02-10,,,,,,,,,0.0,0.0,5.0,Contacto / F.A.Q
2025-02-11,,,,,,,,,0.83,4.0,104.0,Página Inicio
2025-02-11,,,,,,,,,4.02,6.0,43.0,Campañas
2025-02-11,,,,,,,,,2.55,7.0,271.0,Campañas
2025-02-11,,,,,,,,,0.59,2.0,8.0,Campañas
2025-02-11,,,,,,,,,0.0,0.0,323.0,Clases y cursos
2025-02-11,,,,,,,,,1.31,3.0,39.0,Clases y cursos
2025-02-11,,,,,,,,,0.51,1.0,2.0,Clases y cursos
2025-02-11,,,,,,,,,0.0,0.0,2.0,Clases y cursos
2025-02-11,,,,,,,,,5.04,9.0,106.0,Clases y cursos
2025-02-11,,,,,,,,,0.0,0.0,4.0,Clases y cursos
2025-02-11,,,,,,,,,0.0,0.0,1.0,Clases y cursos
2025-02-11,,,,,,,,,0.0,0.0,1.0,Artículos generales
2025-02-11,,,,,,,,,0.0,0.0,2.0,Artículos generales
2025-02-11,,,,,,,,,0.0,0.0,3.0,Artículos generales
2025-02-11,,,,,,,,,0.0,0.0,1.0,Artículos generales
2025-02-11,,,,,,,,,0.0,0.0,5.0,Artículos generales
2025-02-11,,,,,,,,,0.0,0.0,2.0,Artículos generales
2025-02-11,,,,,,,,,1.94,1.0,6.0,Artículos generales
2025-02-11,,,,,,,,,0.0,0.0,6.0,Artículos generales
2025-02-11,,,,,,,,,0.0,0.0,4.0,Artículos generales
2025-02-11,,,,,,,,,0.0,0.0,2.0,Artículos generales
2025-02-11,,,,,,,,,0.0,0.0,1.0,Página Inicio
2025-02-11,,,,,,,,,3.75,4.0,306.0,Categorías de producto
2025-02-11,,,,,,,,,0.59,1.0,22.0,Categorías de producto
2025-02-11,,,,,,,,,0.0,0.0,26.0,Categorías de producto
2025-02-11,,,,,,,,,0.11,1.0,278.0,Clases y cursos
2025-02-11,,,,,,,,,20.24,31.0,225.0,Clases y cursos
2025-02-11,,,,,,,,,10.83,19.0,265.0,Clases y cursos
2025-02-11,,,,,,,,,0.0,0.0,1.0,Campañas
2025-02-11,,,,,,,,,0.7,1.0,588.0,Contacto / F.A.Q
2025-02-11,,,,,,,,,0.0,0.0,2.0,Contacto / F.A.Q
2025-02-11,,,,,,,,,0.0,0.0,1.0,Clases y cursos
2025-02-11,,,,,,,,,5.18,14.0,177.0,Clases y cursos
2025-02-11,,,,,,,,,0.0,0.0,3.0,Clases y cursos
2025-02-11,,,,,,,,,2.95,24.0,817.0,Tienda
2025-02-11,,,,,,,,,1.19,7.0,57.0,Tienda
2025-02-11,,,,,,,,,4.18,4.0,46.0,Tienda
2025-02-11,,,,,,,,,0.0,0.0,2.0,Contacto / F.A.Q
2025-02-12,,,,,,,,,3.1,3.0,104.0,Página Inicio
2025-02-12,,,,,,,,,0.96,3.0,32.0,Campañas
2025-02-12,,,,,,,,,1.3,3.0,129.0,Campañas
2025-02-12,,,,,,,,,0.0,0.0,12.0,Campañas
2025-02-12,,,,,,,,,3.17,5.0,335.0,Clases y cursos
2025-02-12,,,,,,,,,0.48,1.0,27.0,Clases y cursos
2025-02-12,,,,,,,,,0.04,1.0,1.0,Clases y cursos
2025-02-12,,,,,,,,,2.2,2.0,4.0,Clases y cursos
2025-02-12,,,,,,,,,5.48,5.0,112.0,Clases y cursos
2025-02-12,,,,,,,,,0.63,1.0,10.0,Clases y cursos
2025-02-12,,,,,,,,,0.0,0.0,3.0,Clases y cursos
2025-02-12,,,,,,,,,0.0,0.0,3.0,Artículos generales
2025-02-12,,,,,,,,,0.0,0.0,1.0,Artículos generales
2025-02-12,,,,,,,,,0.0,0.0,1.0,Artículos generales
2025-02-12,,,,,,,,,0.25,1.0,8.0,Artículos generales
2025-02-12,,,,,,,,,0.0,0.0,5.0,Artículos generales
2025-02-12,,,,,,,,,0.0,0.0,3.0,Artículos generales
2025-02-12,,,,,,,,,0.0,0.0,3.0,Artículos generales
2025-02-12,,,,,,,,,0.0,0.0,1.0,Artículos generales
2025-02-12,,,,,,,,,0.0,0.0,1.0,Artículos generales
2025-02-12,,,,,,,,,0.0,0.0,4.0,Artículos generales
2025-02-12,,,,,,,,,0.0,0.0,1.0,Página Inicio
2025-02-12,,,,,,,,,1.3,1.0,316.0,Categorías de producto
2025-02-12,,,,,,,,,0.0,0.0,13.0,Categorías de producto
2025-02-12,,,,,,,,,0.0,0.0,9.0,Categorías de producto
2025-02-12,,,,,,,,,0.08,2.0,281.0,Clases y cursos
2025-02-12,,,,,,,,,20.94,28.0,199.0,Clases y cursos
2025-02-12,,,,,,,,,14.06,20.0,312.0,Clases y cursos
2025-02-12,,,,,,,,,2.66,2.0,565.0,Contacto / F.A.Q
2025-02-12,,,,,,,,,0.0,0.0,2.0,Contacto / F.A.Q
2025-02-12,,,,,,,,,5.75,11.0,82.0,Clases y cursos
2025-02-12,,,,,,,,,0.0,0.0,11.0,Clases y cursos
2025-02-12,,,,,,,,,1.33,5.0,331.0,Tienda
2025-02-12,,,,,,,,,2.79,12.0,43.0,Tienda
2025-02-12,,,,,,,,,0.32,1.0,50.0,Tienda
2025-02-13,,,,,,,,,0.68,3.0,54.0,Página Inicio
2025-02-13,,,,,,,,,3.65,5.0,40.0,Campañas
2025-02-13,,,,,,,,,4.58,8.0,53.0,Campañas
2025-02-13,,,,,,,,,0.0,0.0,2.0,Campañas
2025-02-13,,,,,,,,,1.35,2.0,150.0,Clases y cursos
2025-02-13,,,,,,,,,2.18,3.0,16.0,Clases y cursos
2025-02-13,,,,,,,,,0.0,0.0,6.0,Clases y cursos
2025-02-13,,,,,,,,,1.71,1.0,5.0,Clases y cursos
2025-02-13,,,,,,,,,6.22,7.0,60.0,Clases y cursos
2025-02-13,,,,,,,,,0.0,0.0,5.0,Clases y cursos
2025-02-13,,,,,,,,,0.0,0.0,4.0,Clases y cursos
2025-02-13,,,,,,,,,0.0,0.0,2.0,Artículos generales
2025-02-13,,,,,,,,,0.11,1.0,3.0,Artículos generales
2025-02-13,,,,,,,,,0.0,0.0,5.0,Artículos generales
2025-02-13,,,,,,,,,0.0,0.0,1.0,Artículos generales
2025-02-13,,,,,,,,,0.0,0.0,4.0,Artículos generales
2025-02-13,,,,,,,,,0.0,0.0,8.0,Artículos generales
2025-02-13,,,,,,,,,0.0,0.0,2.0,Artículos generales
2025-02-13,,,,,,,,,0.0,0.0,1.0,Artículos generales
2025-02-13,,,,,,,,,0.0,0.0,1.0,Página Inicio
2025-02-13,,,,,,,,,1.08,2.0,127.0,Categorías de producto
2025-02-13,,,,,,,,,1.94,3.0,11.0,Categorías de producto
2025-02-13,,,,,,,,,2.24,3.0,130.0,Clases y cursos
2025-02-13,,,,,,,,,10.27,14.0,78.0,Clases y cursos
2025-02-13,,,,,,,,,16.94,19.0,140.0,Clases y cursos
2025-02-13,,,,,,,,,0.61,3.0,262.0,Contacto / F.A.Q
2025-02-13,,,,,,,,,0.0,0.0,2.0,Contacto / F.A.Q
2025-02-13,,,,,,,,,3.57,8.0,51.0,Clases y cursos
2025-02-13,,,,,,,,,0.06,1.0,4.0,Clases y cursos
2025-02-13,,,,,,,,,0.35,0.0,154.0,Tienda
2025-02-13,,,,,,,,,2.34,8.0,34.0,Tienda
2025-02-13,,,,,,,,,7.51,3.0,21.0,Tienda
2025-02-13,,,,,,,,,0.0,0.0,2.0,Contacto / F.A.Q
2025-02-14,,,,,,,,,0.55,0.0,79.0,Página Inicio
2025-02-14,,,,,,,,,1.07,2.0,30.0,Campañas
2025-02-14,,,,,,,,,4.6,10.0,128.0,Campañas
2025-02-14,,,,,,,,,0.0,0.0,1.0,Campañas
2025-02-14,,,,,,,,,2.03,2.0,203.0,Clases y cursos
2025-02-14,,,,,,,,,0.25,1.0,21.0,Clases y cursos
2025-02-14,,,,,,,,,0.0,0.0,1.0,Clases y cursos
2025-02-14,,,,,,,,,4.76,4.0,79.0,Clases y cursos
2025-02-14,,,,,,,,,0.0,0.0,7.0,Clases y cursos
2025-02-14,,,,,,,,,0.0,0.0,1.0,Clases y cursos
2025-02-14,,,,,,,,,0.0,0.0,2.0,Artículos generales
2025-02-14,,,,,,,,,0.0,0.0,5.0,Artículos generales
2025-02-14,,,,,,,,,0.0,0.0,1.0,Artículos generales
2025-02-14,,,,,,,,,0.0,0.0,1.0,Artículos generales
2025-02-14,,,,,,,,,0.0,0.0,8.0,Artículos generales
2025-02-14,,,,,,,,,0.0,0.0,3.0,Artículos generales
2025-02-14,,,,,,,,,0.0,0.0,1.0,Artículos generales
2025-02-14,,,,,,,,,0.0,0.0,187.0,Categorías de producto
2025-02-14,,,,,,,,,1.3,2.0,36.0,Categorías de producto
2025-02-14,,,,,,,,,0.0,0.0,45.0,Categorías de producto
2025-02-14,,,,,,,,,0.0,1.0,165.0,Clases y cursos
2025-02-14,,,,,,,,,12.3,16.0,128.0,Clases y cursos
2025-02-14,,,,,,,,,12.9,14.0,142.0,Clases y cursos
2025-02-14,,,,,,,,,0.52,1.0,329.0,Contacto / F.A.Q
2025-02-14,,,,,,,,,0.0,0.0,4.0,Contacto / F.A.Q
2025-02-14,,,,,,,,,3.32,14.0,196.0,Clases y cursos
2025-02-14,,,,,,,,,0.25,1.0,7.0,Clases y cursos
2025-02-14,,,,,,,,,0.03,1.0,1.0,Contacto / F.A.Q
2025-02-14,,,,,,,,,0.23,1.0,219.0,Tienda
2025-02-14,,,,,,,,,1.67,8.0,31.0,Tienda
2025-02-14,,,,,,,,,0.0,0.0,3.0,Tienda
2025-02-15,,,,,,,,,0.8,2.0,97.0,Página Inicio
2025-02-15,,,,,,,,,2.63,4.0,48.0,Campañas
2025-02-15,,,,,,,,,0.82,3.0,48.0,Campañas
2025-02-15,,,,,,,,,0.0,0.0,2.0,Campañas
2025-02-15,,,,,,,,,0.6,4.0,179.0,Clases y cursos
2025-02-15,,,,,,,,,0.78,2.0,5.0,Clases y cursos
2025-02-15,,,,,,,,,0.0,0.0,3.0,Clases y cursos
2025-02-15,,,,,,,,,7.3,5.0,70.0,Clases y cursos
2025-02-15,,,,,,,,,0.43,1.0,13.0,Clases y cursos
2025-02-15,,,,,,,,,0.0,0.0,2.0,Artículos generales
2025-02-15,,,,,,,,,0.0,0.0,2.0,Artículos generales
2025-02-15,,,,,,,,,0.0,0.0,1.0,Artículos generales
2025-02-15,,,,,,,,,0.0,0.0,6.0,Artículos generales
2025-02-15,,,,,,,,,0.0,0.0,1.0,Artículos generales
2025-02-15,,,,,,,,,0.0,0.0,2.0,Artículos generales
2025-02-15,,,,,,,,,0.0,0.0,6.0,Artículos generales
2025-02-15,,,,,,,,,0.0,0.0,1.0,Artículos generales
2025-02-15,,,,,,,,,0.0,0.0,2.0,Artículos generales
2025-02-15,,,,,,,,,0.0,0.0,2.0,Artículos generales
2025-02-15,,,,,,,,,0.0,0.0,1.0,Página Inicio
2025-02-15,,,,,,,,,4.71,4.0,147.0,Categorías de producto
2025-02-15,,,,,,,,,0.0,0.0,8.0,Categorías de producto
2025-02-15,,,,,,,,,0.0,0.0,2.0,Categorías de producto
2025-02-15,,,,,,,,,2.68,2.0,165.0,Clases y cursos
2025-02-15,,,,,,,,,14.07,17.0,134.0,Clases y cursos
2025-02-15,,,,,,,,,10.08,12.0,121.0,Clases y cursos
2025-02-15,,,,,,,,,0.0,0.0,280.0,Contacto / F.A.Q
2025-02-15,,,,,,,,,0.94,1.0,1.0,Contacto / F.A.Q
2025-02-15,,,,,,,,,0.0,0.0,2.0,Clases y cursos
2025-02-15,,,,,,,,,5.7,7.0,151.0,Clases y cursos
2025-02-15,,,,,,,,,0.0,0.0,6.0,Clases y cursos
2025-02-15,,,,,,,,,0.0,0.0,1.0,Contacto / F.A.Q
2025-02-15,,,,,,,,,11.06,129.0,5019.0,Tienda
2025-02-15,,,,,,,,,2.41,3.0,42.0,Tienda
2025-02-15,,,,,,,,,0.0,0.0,25.0,Tienda
2025-02-15,,,,,,,,,2.1,1.0,1.0,Contacto / F.A.Q
2025-02-16,,,,,,,,,1.67,5.0,124.0,Página Inicio
2025-02-16,,,,,,,,,1.14,2.0,72.0,Campañas
2025-02-16,,,,,,,,,3.57,7.0,87.0,Campañas
2025-02-16,,,,,,,,,0.0,0.0,9.0,Campañas
2025-02-16,,,,,,,,,0.0,0.0,1.0,Campañas
2025-02-16,,,,,,,,,2.09,4.0,225.0,Clases y cursos
2025-02-16,,,,,,,,,0.0,0.0,12.0,Clases y cursos
2025-02-16,,,,,,,,,0.23,1.0,3.0,Clases y cursos
2025-02-16,,,,,,,,,0.33,1.0,5.0,Clases y cursos
2025-02-16,,,,,,,,,5.17,6.0,75.0,Clases y cursos
2025-02-16,,,,,,,,,0.06,1.0,5.0,Clases y cursos
2025-02-16,,,,,,,,,0.0,0.0,2.0,Clases y cursos
2025-02-16,,,,,,,,,0.0,0.0,1.0,Artículos generales
2025-02-16,,,,,,,,,0.0,0.0,9.0,Artículos generales
2025-02-16,,,,,,,,,0.0,0.0,1.0,Artículos generales
2025-02-16,,,,,,,,,0.0,0.0,2.0,Artículos generales
2025-02-16,,,,,,,,,0.0,0.0,9.0,Artículos generales
2025-02-16,,,,,,,,,0.0,0.0,11.0,Artículos generales
2025-02-16,,,,,,,,,0.0,0.0,2.0,Artículos generales
2025-02-16,,,,,,,,,0.0,0.0,7.0,Artículos generales
2025-02-16,,,,,,,,,0.06,1.0,13.0,Artículos generales
2025-02-16,,,,,,,,,0.0,0.0,1.0,Artículos generales
2025-02-16,,,,,,,,,0.0,0.0,8.0,Artículos generales
2025-02-16,,,,,,,,,0.0,0.0,1.0,Artículos generales
2025-02-16,,,,,,,,,0.0,0.0,1.0,Artículos generales
2025-02-16,,,,,,,,,0.0,0.0,1.0,Artículos generales
2025-02-16,,,,,,,,,0.78,1.0,161.0,Categorías de producto
2025-02-16,,,,,,,,,0.0,0.0,15.0,Categorías de producto
2025-02-16,,,,,,,,,0.0,0.0,21.0,Categorías de producto
2025-02-16,,,,,,,,,0.02,1.0,192.0,Clases y cursos
2025-02-16,,,,,,,,,18.56,27.0,178.0,Clases y cursos
2025-02-16,,,,,,,,,8.77,12.0,187.0,Clases y cursos
2025-02-16,,,,,,,,,0.0,0.0,1.0,Campañas
2025-02-16,,,,,,,,,0.34,1.0,318.0,Contacto / F.A.Q
2025-02-16,,,,,,,,,5.64,2.0,9.0,Contacto / F.A.Q
2025-02-16,,,,,,,,,2.63,17.0,243.0,Clases y cursos
2025-02-16,,,,,,,,,0.47,1.0,13.0,Clases y cursos
2025-02-16,,,,,,,,,0.0,0.0,1.0,Contacto / F.A.Q
2025-02-16,,,,,,,,,0.21,1.0,229.0,Tienda
2025-02-16,,,,,,,,,2.8,8.0,24.0,Tienda
2025-02-16,,,,,,,,,3.0,4.0,33.0,Tienda
2025-02-17,,,,,,,,,0.91,1.0,36.0,Página Inicio
2025-02-17,,,,,,,,,5.12,9.0,81.0,Campañas
2025-02-17,,,,,,,,,2.78,6.0,42.0,Campañas
2025-02-17,,,,,,,,,0.0,0.0,4.0,Campañas
2025-02-17,,,,,,,,,0.0,0.0,1.0,Campañas
2025-02-17,,,,,,,,,3.19,6.0,194.0,Clases y cursos
2025-02-17,,,,,,,,,0.34,1.0,7.0,Clases y cursos
2025-02-17,,,,,,,,,0.0,0.0,4.0,Clases y cursos
2025-02-17,,,,,,,,,1.92,1.0,6.0,Clases y cursos
2025-02-17,,,,,,,,,10.03,9.0,79.0,Clases y cursos
2025-02-17,,,,,,,,,0.0,0.0,6.0,Clases y cursos
2025-02-17,,,,,,,,,0.0,0.0,4.0,Clases y cursos
2025-02-17,,,,,,,,,0.0,0.0,1.0,Artículos generales
2025-02-17,,,,,,,,,0.16,1.0,4.0,Artículos generales
2025-02-17,,,,,,,,,0.0,0.0,1.0,Artículos generales
2025-02-17,,,,,,,,,0.0,0.0,8.0,Artículos generales
2025-02-17,,,,,,,,,0.0,0.0,2.0,Artículos generales
2025-02-17,,,,,,,,,0.28,1.0,137.0,Categorías de producto
2025-02-17,,,,,,,,,1.31,2.0,10.0,Categorías de producto
2025-02-17,,,,,,,,,0.0,0.0,9.0,Categorías de producto
2025-02-17,,,,,,,,,1.45,5.0,149.0,Clases y cursos
2025-02-17,,,,,,,,,10.0,15.0,129.0,Clases y cursos
2025-02-17,,,,,,,,,17.92,24.0,165.0,Clases y cursos
2025-02-17,,,,,,,,,0.38,1.0,285.0,Contacto / F.A.Q
2025-02-17,,,,,,,,,0.0,0.0,8.0,Contacto / F.A.Q
2025-02-17,,,,,,,,,0.0,0.0,1.0,Campañas
2025-02-17,,,,,,,,,0.0,0.0,3.0,Clases y cursos
2025-02-17,,,,,,,,,3.95,10.0,57.0,Clases y cursos
2025-02-17,,,,,,,,,0.45,1.0,6.0,Clases y cursos
2025-02-17,,,,,,,,,0.95,5.0,257.0,Tienda
2025-02-17,,,,,,,,,1.42,9.0,66.0,Tienda
2025-02-17,,,,,,,,,2.69,3.0,52.0,Tienda
2025-02-17,,,,,,,,,0.45,1.0,7.0,Contacto / F.A.Q
2025-02-18,,,,,,,,,0.16,1.0,15.0,Página Inicio
2025-02-18,,,,,,,,,5.28,9.0,81.0,Campañas
2025-02-18,,,,,,,,,5.31,11.0,81.0,Campañas
2025-02-18,,,,,,,,,2.13,2.0,14.0,Campañas
2025-02-18,,,,,,,,,0.8,1.0,188.0,Clases y cursos
2025-02-18,,,,,,,,,0.0,0.0,5.0,Clases y cursos
2025-02-18,,,,,,,,,0.0,0.0,3.0,Clases y cursos
2025-02-18,,,,,,,,,7.27,8.0,100.0,Clases y cursos
2025-02-18,,,,,,,,,0.0,0.0,11.0,Clases y cursos
2025-02-18,,,,,,,,,0.0,0.0,2.0,Clases y cursos
2025-02-18,,,,,,,,,0.0,0.0,2.0,Artículos generales
2025-02-18,,,,,,,,,0.36,1.0,1.0,Artículos generales
2025-02-18,,,,,,,,,0.0,0.0,4.0,Artículos generales
2025-02-18,,,,,,,,,0.0,0.0,2.0,Artículos generales
2025-02-18,,,,,,,,,0.0,0.0,2.0,Artículos generales
2025-02-18,,,,,,,,,0.0,0.0,3.0,Artículos generales
2025-02-18,,,,,,,,,0.0,0.0,1.0,Artículos generales
2025-02-18,,,,,,,,,0.0,0.0,2.0,Artículos generales
2025-02-18,,,,,,,,,0.0,0.0,1.0,Página Inicio
2025-02-18,,,,,,,,,1.08,1.0,167.0,Categorías de producto
2025-02-18,,,,,,,,,0.0,0.0,17.0,Categorías de producto
2025-02-18,,,,,,,,,0.0,0.0,9.0,Categorías de producto
2025-02-18,,,,,,,,,2.39,1.0,172.0,Clases y cursos
2025-02-18,,,,,,,,,10.33,15.0,145.0,Clases y cursos
2025-02-18,,,,,,,,,12.54,19.0,198.0,Clases y cursos
2025-02-18,,,,,,,,,1.26,1.0,331.0,Contacto / F.A.Q
2025-02-18,,,,,,,,,0.0,0.0,10.0,Contacto / F.A.Q
2025-02-18,,,,,,,,,0.0,0.0,1.0,Campañas
2025-02-18,,,,,,,,,0.0,0.0,1.0,Clases y cursos
2025-02-18,,,,,,,,,0.0,0.0,2.0,Clases y cursos
2025-02-18,,,,,,,,,8.28,19.0,334.0,Clases y cursos
2025-02-18,,,,,,,,,0.23,1.0,3.0,Clases y cursos
2025-02-18,,,,,,,,,0.43,1.0,247.0,Tienda
2025-02-18,,,,,,,,,2.3,7.0,32.0,Tienda
2025-02-18,,,,,,,,,0.46,1.0,37.0,Tienda
2025-02-18,,,,,,,,,0.0,0.0,1.0,Contacto / F.A.Q
2025-02-19,,,,,,,,,0.9,0.0,57.0,Página Inicio
2025-02-19,,,,,,,,,5.54,6.0,64.0,Campañas
2025-02-19,,,,,,,,,7.1,8.0,79.0,Campañas
2025-02-19,,,,,,,,,0.45,1.0,22.0,Campañas
2025-02-19,,,,,,,,,0.52,1.0,269.0,Clases y cursos
2025-02-19,,,,,,,,,0.41,1.0,10.0,Clases y cursos
2025-02-19,,,,,,,,,0.0,0.0,5.0,Clases y cursos
2025-02-19,,,,,,,,,0.0,0.0,9.0,Clases y cursos
2025-02-19,,,,,,,,,6.03,5.0,74.0,Clases y cursos
2025-02-19,,,,,,,,,0.0,0.0,8.0,Clases y cursos
2025-02-19,,,,,,,,,0.0,0.0,1.0,Clases y cursos
2025-02-19,,,,,,,,,0.0,0.0,2.0,Artículos generales
2025-02-19,,,,,,,,,0.0,0.0,2.0,Artículos generales
2025-02-19,,,,,,,,,0.0,0.0,3.0,Artículos generales
2025-02-19,,,,,,,,,0.0,0.0,8.0,Artículos generales
2025-02-19,,,,,,,,,0.0,0.0,3.0,Artículos generales
2025-02-19,,,,,,,,,0.0,0.0,2.0,Artículos generales
2025-02-19,,,,,,,,,0.0,0.0,6.0,Artículos generales
2025-02-19,,,,,,,,,0.0,0.0,1.0,Artículos generales
2025-02-19,,,,,,,,,0.0,0.0,1.0,Artículos generales
2025-02-19,,,,,,,,,0.0,0.0,4.0,Artículos generales
2025-02-19,,,,,,,,,0.0,0.0,2.0,Artículos generales
2025-02-19,,,,,,,,,0.0,0.0,2.0,Página Inicio
2025-02-19,,,,,,,,,1.68,3.0,227.0,Categorías de producto
2025-02-19,,,,,,,,,0.0,0.0,16.0,Categorías de producto
2025-02-19,,,,,,,,,0.45,1.0,118.0,Categorías de producto
2025-02-19,,,,,,,,,0.3,2.0,233.0,Clases y cursos
2025-02-19,,,,,,,,,14.47,24.0,172.0,Clases y cursos
2025-02-19,,,,,,,,,6.96,12.0,235.0,Clases y cursos
2025-02-19,,,,,,,,,0.0,0.0,433.0,Contacto / F.A.Q
2025-02-19,,,,,,,,,0.0,0.0,10.0,Contacto / F.A.Q
2025-02-19,,,,,,,,,0.0,0.0,1.0,Clases y cursos
2025-02-19,,,,,,,,,3.99,8.0,155.0,Clases y cursos
2025-02-19,,,,,,,,,0.88,3.0,20.0,Clases y cursos
2025-02-19,,,,,,,,,2.25,3.0,376.0,Tienda
2025-02-19,,,,,,,,,1.47,8.0,48.0,Tienda
2025-02-19,,,,,,,,,0.75,3.0,30.0,Tienda
2025-02-20,,,,,,,,,1.42,5.0,133.0,Página Inicio
2025-02-20,,,,,,,,,2.36,3.0,39.0,Campañas
2025-02-20,,,,,,,,,5.65,10.0,64.0,Campañas
2025-02-20,,,,,,,,,0.03,1.0,10.0,Campañas
2025-02-20,,,,,,,,,1.55,2.0,219.0,Clases y cursos
2025-02-20,,,,,,,,,0.0,0.0,14.0,Clases y cursos
2025-02-20,,,,,,,,,0.09,1.0,2.0,Clases y cursos
2025-02-20,,,,,,,,,0.0,0.0,3.0,Clases y cursos
2025-02-20,,,,,,,,,6.32,7.0,73.0,Clases y cursos
2025-02-20,,,,,,,,,0.84,1.0,8.0,Clases y cursos
2025-02-20,,,,,,,,,0.0,0.0,5.0,Clases y cursos
2025-02-20,,,,,,,,,0.0,0.0,1.0,Artículos generales
2025-02-20,,,,,,,,,0.0,0.0,1.0,Artículos generales
2025-02-20,,,,,,,,,0.0,0.0,3.0,Artículos generales
2025-02-20,,,,,,,,,0.0,0.0,2.0,Artículos generales
2025-02-20,,,,,,,,,0.0,0.0,3.0,Artículos generales
2025-02-20,,,,,,,,,0.0,0.0,3.0,Artículos generales
2025-02-20,,,,,,,,,0.0,0.0,3.0,Artículos generales
2025-02-20,,,,,,,,,1.63,2.0,167.0,Categorías de producto
2025-02-20,,,,,,,,,2.89,3.0,14.0,Categorías de producto
2025-02-20,,,,,,,,,0.13,1.0,119.0,Categorías de producto
2025-02-20,,,,,,,,,1.61,3.0,180.0,Clases y cursos
2025-02-20,,,,,,,,,16.17,27.0,151.0,Clases y cursos
2025-02-20,,,,,,,,,4.16,8.0,168.0,Clases y cursos
2025-02-20,,,,,,,,,0.39,1.0,328.0,Contacto / F.A.Q
2025-02-20,,,,,,,,,0.53,2.0,5.0,Contacto / F.A.Q
2025-02-20,,,,,,,,,1.49,1.0,2.0,Clases y cursos
2025-02-20,,,,,,,,,4.73,5.0,93.0,Clases y cursos
2025-02-20,,,,,,,,,0.0,0.0,4.0,Clases y cursos
2025-02-20,,,,,,,,,1.02,15.0,306.0,Tienda
2025-02-20,,,,,,,,,2.03,10.0,41.0,Tienda
2025-02-20,,,,,,,,,1.9,2.0,14.0,Tienda
2025-02-20,,,,,,,,,0.0,0.0,2.0,Contacto / F.A.Q
2025-02-21,,,,,,,,,1.28,4.0,94.0,Página Inicio
2025-02-21,,,,,,,,,2.69,6.0,73.0,Campañas
2025-02-21,,,,,,,,,1.32,4.0,81.0,Campañas
2025-02-21,,,,,,,,,0.83,1.0,4.0,Campañas
2025-02-21,,,,,,,,,0.18,1.0,223.0,Clases y cursos
2025-02-21,,,,,,,,,0.75,1.0,18.0,Clases y cursos
2025-02-21,,,,,,,,,0.0,0.0,6.0,Clases y cursos
2025-02-21,,,,,,,,,0.88,1.0,11.0,Clases y cursos
2025-02-21,,,,,,,,,3.6,4.0,75.0,Clases y cursos
2025-02-21,,,,,,,,,0.0,0.0,7.0,Clases y cursos
2025-02-21,,,,,,,,,0.0,0.0,2.0,Clases y cursos
2025-02-21,,,,,,,,,0.0,0.0,3.0,Artículos generales
2025-02-21,,,,,,,,,0.0,0.0,1.0,Artículos generales
2025-02-21,,,,,,,,,0.0,0.0,1.0,Artículos generales
2025-02-21,,,,,,,,,0.0,0.0,2.0,Artículos generales
2025-02-21,,,,,,,,,0.0,0.0,3.0,Artículos generales
2025-02-21,,,,,,,,,0.0,0.0,3.0,Artículos generales
2025-02-21,,,,,,,,,0.0,0.0,8.0,Artículos generales
2025-02-21,,,,,,,,,0.0,0.0,1.0,Artículos generales
2025-02-21,,,,,,,,,0.0,0.0,5.0,Artículos generales
2025-02-21,,,,,,,,,0.0,0.0,4.0,Artículos generales
2025-02-21,,,,,,,,,0.03,1.0,172.0,Categorías de producto
2025-02-21,,,,,,,,,0.71,1.0,22.0,Categorías de producto
2025-02-21,,,,,,,,,0.03,1.0,197.0,Categorías de producto
2025-02-21,,,,,,,,,0.01,1.0,185.0,Clases y cursos
2025-02-21,,,,,,,,,7.58,12.0,143.0,Clases y cursos
2025-02-21,,,,,,,,,3.9,10.0,151.0,Clases y cursos
2025-02-21,,,,,,,,,0.0,0.0,3.0,Campañas
2025-02-21,,,,,,,,,0.0,0.0,337.0,Contacto / F.A.Q
2025-02-21,,,,,,,,,0.0,0.0,4.0,Contacto / F.A.Q
2025-02-21,,,,,,,,,7.22,13.0,75.0,Clases y cursos
2025-02-21,,,,,,,,,0.0,0.0,11.0,Clases y cursos
2025-02-21,,,,,,,,,1.14,0.0,327.0,Tienda
2025-02-21,,,,,,,,,0.97,9.0,37.0,Tienda
2025-02-21,,,,,,,,,1.45,2.0,26.0,Tienda
2025-02-21,,,,,,,,,0.25,1.0,2.0,Contacto / F.A.Q
2025-02-22,,,,,,,,,1.35,8.0,174.0,Página Inicio
2025-02-22,,,,,,,,,3.34,5.0,73.0,Campañas
2025-02-22,,,,,,,,,4.57,7.0,96.0,Campañas
2025-02-22,,,,,,,,,1.7,5.0,23.0,Campañas
2025-02-22,,,,,,,,,0.81,1.0,1.0,Campañas
2025-02-22,,,,,,,,,1.73,2.0,226.0,Clases y cursos
2025-02-22,,,,,,,,,0.0,0.0,6.0,Clases y cursos
2025-02-22,,,,,,,,,0.0,0.0,1.0,Clases y cursos
2025-02-22,,,,,,,,,0.0,0.0,8.0,Clases y cursos
2025-02-22,,,,,,,,,1.01,3.0,33.0,Clases y cursos
2025-02-22,,,,,,,,,0.0,0.0,7.0,Clases y cursos
2025-02-22,,,,,,,,,0.0,0.0,1.0,Artículos generales
2025-02-22,,,,,,,,,0.0,0.0,3.0,Artículos generales
2025-02-22,,,,,,,,,0.0,0.0,2.0,Artículos generales
2025-02-22,,,,,,,,,0.0,0.0,1.0,Artículos generales
2025-02-22,,,,,,,,,0.0,0.0,9.0,Artículos generales
2025-02-22,,,,,,,,,0.0,0.0,1.0,Artículos generales
2025-02-22,,,,,,,,,0.0,0.0,4.0,Artículos generales
2025-02-22,,,,,,,,,0.0,0.0,21.0,Artículos generales
2025-02-22,,,,,,,,,0.0,0.0,2.0,Artículos generales
2025-02-22,,,,,,,,,0.0,0.0,4.0,Artículos generales
2025-02-22,,,,,,,,,0.0,0.0,1.0,Artículos generales
2025-02-22,,,,,,,,,0.0,0.0,2.0,Artículos generales
2025-02-22,,,,,,,,,0.0,0.0,1.0,Página Inicio
2025-02-22,,,,,,,,,0.55,1.0,158.0,Categorías de producto
2025-02-22,,,,,,,,,3.17,3.0,14.0,Categorías de producto
2025-02-22,,,,,,,,,0.02,1.0,198.0,Categorías de producto
2025-02-22,,,,,,,,,0.0,0.0,178.0,Clases y cursos
2025-02-22,,,,,,,,,8.83,15.0,124.0,Clases y cursos
2025-02-22,,,,,,,,,8.51,15.0,135.0,Clases y cursos
2025-02-22,,,,,,,,,0.0,0.0,4.0,Campañas
2025-02-22,,,,,,,,,0.59,1.0,330.0,Contacto / F.A.Q
2025-02-22,,,,,,,,,0.0,0.0,3.0,Contacto / F.A.Q
2025-02-22,,,,,,,,,0.0,0.0,2.0,Campañas
2025-02-22,,,,,,,,,0.41,1.0,3.0,Clases y cursos
2025-02-22,,,,,,,,,4.27,13.0,190.0,Clases y cursos
2025-02-22,,,,,,,,,0.0,0.0,15.0,Clases y cursos
2025-02-22,,,,,,,,,0.0,0.0,2.0,Contacto / F.A.Q
2025-02-22,,,,,,,,,1.52,6.0,423.0,Tienda
2025-02-22,,,,,,,,,0.62,7.0,31.0,Tienda
2025-02-22,,,,,,,,,0.52,1.0,36.0,Tienda
2025-02-22,,,,,,,,,0.78,1.0,6.0,Contacto / F.A.Q
2025-02-23,,,,,,,,,0.27,3.0,48.0,Página Inicio
2025-02-23,,,,,,,,,2.68,4.0,58.0,Campañas
2025-02-23,,,,,,,,,3.16,9.0,91.0,Campañas
2025-02-23,,,,,,,,,0.71,2.0,25.0,Campañas
2025-02-23,,,,,,,,,0.0,1.0,288.0,Clases y cursos
2025-02-23,,,,,,,,,1.69,1.0,8.0,Clases y cursos
2025-02-23,,,,,,,,,0.0,0.0,11.0,Clases y cursos
2025-02-23,,,,,,,,,1.5,2.0,5.0,Clases y cursos
2025-02-23,,,,,,,,,1.28,2.0,62.0,Clases y cursos
2025-02-23,,,,,,,,,1.06,1.0,18.0,Clases y cursos
2025-02-23,,,,,,,,,0.0,0.0,6.0,Clases y cursos
2025-02-23,,,,,,,,,0.33,1.0,7.0,Artículos generales
2025-02-23,,,,,,,,,0.0,0.0,1.0,Artículos generales
2025-02-23,,,,,,,,,0.0,0.0,6.0,Artículos generales
2025-02-23,,,,,,,,,0.0,0.0,3.0,Artículos generales
2025-02-23,,,,,,,,,0.0,0.0,7.0,Artículos generales
2025-02-23,,,,,,,,,0.0,0.0,1.0,Artículos generales
2025-02-23,,,,,,,,,0.0,0.0,2.0,Artículos generales
2025-02-23,,,,,,,,,0.0,0.0,6.0,Artículos generales
2025-02-23,,,,,,,,,0.37,1.0,20.0,Artículos generales
2025-02-23,,,,,,,,,0.0,0.0,2.0,Artículos generales
2025-02-23,,,,,,,,,0.0,0.0,6.0,Artículos generales
2025-02-23,,,,,,,,,0.0,0.0,7.0,Artículos generales
2025-02-23,,,,,,,,,0.0,0.0,1.0,Artículos generales
2025-02-23,,,,,,,,,0.31,1.0,206.0,Categorías de producto
2025-02-23,,,,,,,,,0.0,0.0,12.0,Categorías de producto
2025-02-23,,,,,,,,,0.47,3.0,152.0,Categorías de producto
2025-02-23,,,,,,,,,1.25,4.0,251.0,Clases y cursos
2025-02-23,,,,,,,,,6.75,11.0,126.0,Clases y cursos
2025-02-23,,,,,,,,,6.2,9.0,174.0,Clases y cursos
2025-02-23,,,,,,,,,0.0,0.0,1.0,Campañas
2025-02-23,,,,,,,,,1.81,3.0,453.0,Contacto / F.A.Q
2025-02-23,,,,,,,,,0.0,0.0,8.0,Contacto / F.A.Q
2025-02-23,,,,,,,,,0.0,0.0,1.0,Campañas
2025-02-23,,,,,,,,,0.0,0.0,1.0,Clases y cursos
2025-02-23,,,,,,,,,3.86,11.0,194.0,Clases y cursos
2025-02-23,,,,,,,,,2.08,4.0,24.0,Clases y cursos
2025-02-23,,,,,,,,,0.94,3.0,378.0,Tienda
2025-02-23,,,,,,,,,0.68,2.0,26.0,Tienda
2025-02-23,,,,,,,,,0.9,2.0,78.0,Tienda
2025-02-23,,,,,,,,,2.91,3.0,6.0,Contacto / F.A.Q
