Día,Campaña,Dispositivo,Conversiones,Impr.,Coste,Resultados,Interacciones,Clics
2025-01-29,Búsqueda | General,Equipos informáticos,"1,00",829,"2,45","Envío de formulario para clientes potenciales: 1,00",4,4
2025-01-29,Búsqueda | General,Teléfonos móviles,"4,00",1.476,"40,47","Contacto: 5,00; Interacción: 3,00; Cómo llegar: 3,00; Envío de formulario para clientes potenciales: 4,00",66,66
2025-01-29,Búsqueda | General,Tablets,"0,00",80,"0,00",0,0,0
2025-01-29,Pmax | Promoción Bonos - MOFU,Equipos informáticos,"0,00",7,"0,01",0,1,1
2025-01-29,Pmax | Promoción Bonos - MOFU,Teléfonos móviles,"0,00",35,"3,29","Interacción: 7,00; Cómo llegar: 2,00",13,13
2025-01-29,Pmax | Promoción Bonos - RMK,Equipos informáticos,"0,00",44,"0,69",0,1,1
2025-01-29,Pmax | Promoción Bonos - RMK,Teléfonos móviles,"0,00",284,"5,38","Interacción: 24,00; Cómo llegar: 1,00",22,18
2025-01-29,Pmax | Promoción Bonos - RMK,Tablets,"0,00",8,"0,14",0,1,0
2025-01-29,Pmax | Promoción Bonos - RMK,Pantallas de TV,"0,00",4,"0,24",0,3,0
2025-01-29,Pmax | Promoción Nuevo Centro,Equipos informáticos,"0,00",38,"2,73","Interacción: 1,00",3,2
2025-01-29,Pmax | Promoción Nuevo Centro,Teléfonos móviles,"0,00",140,"5,63","Contacto: 2,00",15,8
2025-01-29,Pmax | Promoción Nuevo Centro,Tablets,"0,00",4,"0,00",0,0,0
2025-01-30,Búsqueda | General,Equipos informáticos,"0,00",137,"5,98",0,5,5
2025-01-30,Búsqueda | General,Teléfonos móviles,"2,00",708,"31,47","Interacción: 2,00; Cómo llegar: 3,00; Envío de formulario para clientes potenciales: 2,00",51,51
2025-01-30,Búsqueda | General,Tablets,"0,00",10,"0,00",0,0,0
2025-01-30,Pmax | Promoción Bonos - MOFU,Equipos informáticos,"0,00",6,"0,58",0,1,1
2025-01-30,Pmax | Promoción Bonos - MOFU,Teléfonos móviles,"0,00",25,"1,39","Interacción: 1,00; Cómo llegar: 4,00",6,6
2025-01-30,Pmax | Promoción Bonos - RMK,Equipos informáticos,"0,00",19,"0,57",0,1,1
2025-01-30,Pmax | Promoción Bonos - RMK,Teléfonos móviles,"0,00",152,"5,35","Interacción: 4,00",13,9
2025-01-30,Pmax | Promoción Bonos - RMK,Tablets,"0,00",1,"0,00",0,0,0
2025-01-30,Pmax | Promoción Nuevo Centro,Equipos informáticos,"0,00",26,"0,03",0,0,0
2025-01-30,Pmax | Promoción Nuevo Centro,Teléfonos móviles,"0,00",346,"2,93","Interacción: 2,00",31,17
2025-01-30,Pmax | Promoción Nuevo Centro,Tablets,"0,00",15,"0,01",0,0,0
2025-01-30,Pmax | Promoción Nuevo Centro,Pantallas de TV,"0,00",2,"0,01",0,1,0
2025-01-31,Búsqueda | General,Equipos informáticos,"0,00",103,"3,55",0,3,3
2025-01-31,Búsqueda | General,Teléfonos móviles,"0,00",612,"23,86","Interacción: 9,00",44,44
2025-01-31,Búsqueda | General,Tablets,"0,00",19,"0,00",0,0,0
2025-01-31,Pmax | Promoción Bonos - MOFU,Equipos informáticos,"0,00",12,"4,91",0,6,6
2025-01-31,Pmax | Promoción Bonos - MOFU,Teléfonos móviles,"0,00",28,"1,32","Contacto: 1,00",7,7
2025-01-31,Pmax | Promoción Bonos - RMK,Equipos informáticos,"0,00",13,"0,00",0,0,0
2025-01-31,Pmax | Promoción Bonos - RMK,Teléfonos móviles,"0,00",137,"2,92","Interacción: 3,00",11,8
2025-01-31,Pmax | Promoción Bonos - RMK,Tablets,"0,00",6,"0,01",0,0,0
2025-01-31,Pmax | Promoción Nuevo Centro,Equipos informáticos,"0,00",44,"1,25",0,3,1
2025-01-31,Pmax | Promoción Nuevo Centro,Teléfonos móviles,"0,00",143,"3,40","Interacción: 1,00; Cómo llegar: 2,00",17,9
2025-01-31,Pmax | Promoción Nuevo Centro,Tablets,"0,00",2,"0,00",0,1,0
2025-01-31,Pmax | Promoción Nuevo Centro,Pantallas de TV,"0,00",2,"0,01",0,0,0
2025-02-01,Búsqueda | General,Otro,"0,00",1,"0,00",0,0,0
2025-02-01,Búsqueda | General,Equipos informáticos,"0,00",147,"0,00",0,0,0
2025-02-01,Búsqueda | General,Teléfonos móviles,"3,00",796,"20,43","Cómo llegar: 1,00; Envío de formulario para clientes potenciales: 3,00",40,40
2025-02-01,Búsqueda | General,Tablets,"0,00",28,"0,00",0,0,0
2025-02-01,Pmax | Promoción Bonos - MOFU,Equipos informáticos,"0,00",0,"0,00",0,0,0
2025-02-01,Pmax | Promoción Bonos - MOFU,Teléfonos móviles,"1,00",48,"2,23","Contacto: 3,00; Interacción: 4,00; Envío de formulario para clientes potenciales: 1,00",12,12
2025-02-01,Pmax | Promoción Bonos - MOFU,Tablets,"0,00",0,"0,00",0,0,0
2025-02-01,Pmax | Promoción Bonos - RMK,Equipos informáticos,"0,00",21,"2,09",0,1,1
2025-02-01,Pmax | Promoción Bonos - RMK,Teléfonos móviles,"0,00",188,"6,47","Interacción: 6,00; Cómo llegar: 4,00",16,9
2025-02-01,Pmax | Promoción Bonos - RMK,Tablets,"0,00",7,"0,02",0,0,0
2025-02-01,Pmax | Promoción Nuevo Centro,Equipos informáticos,"0,00",53,"2,17",0,3,1
2025-02-01,Pmax | Promoción Nuevo Centro,Teléfonos móviles,"0,00",377,"8,10","Interacción: 5,00; Cómo llegar: 1,00",39,23
2025-02-01,Pmax | Promoción Nuevo Centro,Tablets,"0,00",8,"0,00",0,1,0
2025-02-02,Búsqueda | General,Equipos informáticos,"0,00",455,"0,24",0,2,2
2025-02-02,Búsqueda | General,Teléfonos móviles,"1,00",1.617,"45,80","Cómo llegar: 1,00; Envío de formulario para clientes potenciales: 1,00",79,79
2025-02-02,Búsqueda | General,Tablets,"0,00",90,"0,00",0,0,0
2025-02-02,Pmax | Promoción Bonos - MOFU,Equipos informáticos,"0,00",2,"0,00",0,0,0
2025-02-02,Pmax | Promoción Bonos - MOFU,Teléfonos móviles,"0,00",24,"1,30","Interacción: 1,00; Cómo llegar: 1,00",7,7
2025-02-02,Pmax | Promoción Bonos - MOFU,Tablets,"0,00",1,"0,17","Interacción: 55,00; Cómo llegar: 2,00",1,1
2025-02-02,Pmax | Promoción Bonos - RMK,Equipos informáticos,"0,00",8,"0,01",0,1,0
2025-02-02,Pmax | Promoción Bonos - RMK,Teléfonos móviles,"0,00",113,"6,60","Cómo llegar: 3,00",9,6
2025-02-02,Pmax | Promoción Nuevo Centro,Equipos informáticos,"0,00",61,"0,01",0,1,0
2025-02-02,Pmax | Promoción Nuevo Centro,Teléfonos móviles,"0,00",451,"4,15",0,29,20
2025-02-02,Pmax | Promoción Nuevo Centro,Tablets,"0,00",3,"0,00",0,1,0
2025-02-02,Pmax | Promoción Nuevo Centro,Pantallas de TV,"0,00",1,"0,01",0,0,0
2025-02-03,Búsqueda | General,Equipos informáticos,"0,00",340,"4,22",0,4,4
2025-02-03,Búsqueda | General,Teléfonos móviles,"3,00",1.211,"67,80","Contacto: 1,00; Interacción: 7,00; Cómo llegar: 2,00; Envío de formulario para clientes potenciales: 3,00",97,97
2025-02-03,Búsqueda | General,Tablets,"0,00",36,"0,03",0,1,1
2025-02-03,Pmax | Promoción Bonos - MOFU,Equipos informáticos,"0,00",11,"0,56",0,4,4
2025-02-03,Pmax | Promoción Bonos - MOFU,Teléfonos móviles,"0,00",50,"0,68",0,8,7
2025-02-03,Pmax | Promoción Bonos - RMK,Equipos informáticos,"0,00",8,"0,01",0,1,0
2025-02-03,Pmax | Promoción Bonos - RMK,Teléfonos móviles,"0,00",93,"1,25","Interacción: 1,00",11,3
2025-02-03,Pmax | Promoción Bonos - RMK,Tablets,"0,00",4,"0,00",0,1,0
2025-02-03,Pmax | Promoción Nuevo Centro,Equipos informáticos,"0,00",32,"0,00",0,0,0
2025-02-03,Pmax | Promoción Nuevo Centro,Teléfonos móviles,"0,00",206,"2,94","Interacción: 1,00; Cómo llegar: 3,00",23,8
2025-02-03,Pmax | Promoción Nuevo Centro,Tablets,"0,00",7,"0,00",0,0,0
2025-02-03,Pmax | Promoción Nuevo Centro,Pantallas de TV,"0,00",1,"0,01",0,1,0
2025-02-04,Búsqueda | General,Equipos informáticos,"0,00",220,"8,24","Cómo llegar: 1,00",8,8
2025-02-04,Búsqueda | General,Teléfonos móviles,"5,00",810,"48,22","Interacción: 4,00; Cómo llegar: 9,00; Cliente potencial por teléfono: 1,00; Envío de formulario para clientes potenciales: 4,00",72,72
2025-02-04,Búsqueda | General,Tablets,"0,00",11,"0,00",0,0,0
2025-02-04,Pmax | Promoción Bonos - MOFU,Equipos informáticos,"1,00",11,"5,07","Cómo llegar: 1,00; Envío de formulario para clientes potenciales: 1,00",7,7
2025-02-04,Pmax | Promoción Bonos - MOFU,Teléfonos móviles,"0,00",49,"4,63","Interacción: 17,00",15,15
2025-02-04,Pmax | Promoción Bonos - RMK,Equipos informáticos,"0,00",21,"1,29",0,3,1
2025-02-04,Pmax | Promoción Bonos - RMK,Teléfonos móviles,"0,00",127,"9,28","Contacto: 1,00; Interacción: 2,00",19,9
2025-02-04,Pmax | Promoción Bonos - RMK,Tablets,"0,00",1,"0,00",0,0,0
2025-02-04,Pmax | Promoción Nuevo Centro,Equipos informáticos,"0,00",23,"1,43",0,4,2
2025-02-04,Pmax | Promoción Nuevo Centro,Teléfonos móviles,"0,00",117,"5,64","Interacción: 1,00; Cómo llegar: 2,00",15,10
2025-02-04,Pmax | Promoción Nuevo Centro,Tablets,"0,00",7,"0,03",0,1,0
2025-02-04,Pmax | Promoción Nuevo Centro,Pantallas de TV,"0,00",1,"0,00",0,1,0
2025-02-05,Búsqueda | General,Equipos informáticos,"0,00",283,"4,73","Cómo llegar: 1,00",6,6
2025-02-05,Búsqueda | General,Teléfonos móviles,"1,00",1.679,"38,50","Contacto: 3,00; Interacción: 5,00; Cómo llegar: 3,00; Envío de formulario para clientes potenciales: 1,00",74,74
2025-02-05,Búsqueda | General,Tablets,"0,00",35,"0,02",0,1,1
2025-02-05,Pmax | Promoción Bonos - MOFU,Equipos informáticos,"0,00",10,"9,03","Cómo llegar: 3,00",5,5
2025-02-05,Pmax | Promoción Bonos - MOFU,Teléfonos móviles,"1,00",39,"2,31","Contacto: 2,00; Interacción: 10,00; Cómo llegar: 8,00; Envío de formulario para clientes potenciales: 1,00",18,18
2025-02-05,Pmax | Promoción Bonos - RMK,Equipos informáticos,"0,00",33,"0,06",0,2,0
2025-02-05,Pmax | Promoción Bonos - RMK,Teléfonos móviles,"0,00",509,"3,93","Cómo llegar: 1,00",28,22
2025-02-05,Pmax | Promoción Bonos - RMK,Tablets,"0,00",13,"0,12",0,3,0
2025-02-05,Pmax | Promoción Nuevo Centro,Equipos informáticos,"0,00",133,"1,94","Cómo llegar: 1,00",4,2
2025-02-05,Pmax | Promoción Nuevo Centro,Teléfonos móviles,"0,00",313,"1,97","Interacción: 2,00; Cómo llegar: 1,00",31,17
2025-02-05,Pmax | Promoción Nuevo Centro,Tablets,"0,00",9,"0,04",0,2,1
2025-02-05,Pmax | Promoción Nuevo Centro,Pantallas de TV,"0,00",2,"0,01",0,2,0
2025-02-06,Búsqueda | General,Otro,"0,00",1,"0,00",0,0,0
2025-02-06,Búsqueda | General,Equipos informáticos,"0,00",382,"0,00",0,0,0
2025-02-06,Búsqueda | General,Teléfonos móviles,"2,00",1.323,"42,65","Interacción: 19,00; Cómo llegar: 5,00; Envío de formulario para clientes potenciales: 2,00",72,72
2025-02-06,Búsqueda | General,Tablets,"0,00",67,"0,06",0,1,1
2025-02-06,Pmax | Promoción Bonos - MOFU,Equipos informáticos,"0,00",6,"1,39",0,3,3
2025-02-06,Pmax | Promoción Bonos - MOFU,Teléfonos móviles,"0,00",24,"1,00","Interacción: 1,00; Cómo llegar: 2,00",8,8
2025-02-06,Pmax | Promoción Bonos - RMK,Equipos informáticos,"0,00",31,"3,83","Interacción: 3,00",4,3
2025-02-06,Pmax | Promoción Bonos - RMK,Teléfonos móviles,"0,00",405,"6,37","Interacción: 6,00",19,18
2025-02-06,Pmax | Promoción Nuevo Centro,Equipos informáticos,"0,00",92,"0,18",0,5,0
2025-02-06,Pmax | Promoción Nuevo Centro,Teléfonos móviles,"0,00",661,"4,24","Interacción: 2,00",66,16
2025-02-06,Pmax | Promoción Nuevo Centro,Tablets,"0,00",9,"0,01",0,2,0
2025-02-06,Pmax | Promoción Nuevo Centro,Pantallas de TV,"0,00",5,"0,01",0,2,0
2025-02-07,Búsqueda | General,Equipos informáticos,"0,00",88,"3,60","Cómo llegar: 1,00",3,3
2025-02-07,Búsqueda | General,Teléfonos móviles,"2,00",516,"45,55","Interacción: 6,00; Cómo llegar: 1,00; Envío de formulario para clientes potenciales: 2,00",62,62
2025-02-07,Búsqueda | General,Tablets,"0,00",3,"0,00",0,0,0
2025-02-07,Pmax | Promoción Bonos - MOFU,Equipos informáticos,"0,00",9,"3,39",0,3,3
2025-02-07,Pmax | Promoción Bonos - MOFU,Teléfonos móviles,"0,00",51,"1,00","Cómo llegar: 1,00",10,10
2025-02-07,Pmax | Promoción Bonos - RMK,Equipos informáticos,"0,00",30,"0,02",0,2,0
2025-02-07,Pmax | Promoción Bonos - RMK,Teléfonos móviles,"0,00",1.363,"5,39","Contacto: 2,00; Interacción: 1,00",68,58
2025-02-07,Pmax | Promoción Bonos - RMK,Tablets,"0,00",2,"0,00",0,0,0
2025-02-07,Pmax | Promoción Bonos - RMK,Pantallas de TV,"0,00",3,"0,01",0,1,0
2025-02-07,Pmax | Promoción Nuevo Centro,Equipos informáticos,"0,00",46,"0,03",0,1,0
2025-02-07,Pmax | Promoción Nuevo Centro,Teléfonos móviles,"0,00",483,"5,97","Cómo llegar: 2,00",37,14
2025-02-07,Pmax | Promoción Nuevo Centro,Tablets,"0,00",4,"0,00",0,2,0
2025-02-07,Pmax | Promoción Nuevo Centro,Pantallas de TV,"0,00",9,"0,05",0,1,0
2025-02-08,Búsqueda | General,Equipos informáticos,"0,00",25,"2,00",0,2,2
2025-02-08,Búsqueda | General,Teléfonos móviles,"3,00",553,"35,51","Interacción: 16,00; Envío de formulario para clientes potenciales: 3,00",63,63
2025-02-08,Búsqueda | General,Tablets,"0,00",4,"0,00",0,0,0
2025-02-08,Pmax | Promoción Bonos - MOFU,Equipos informáticos,"0,00",1,"0,00",0,0,0
2025-02-08,Pmax | Promoción Bonos - MOFU,Teléfonos móviles,"0,00",36,"0,34","Cómo llegar: 9,00",5,5
2025-02-08,Pmax | Promoción Bonos - RMK,Equipos informáticos,"0,00",4,"0,00",0,0,0
2025-02-08,Pmax | Promoción Bonos - RMK,Teléfonos móviles,"0,00",166,"7,54","Interacción: 8,00",16,11
2025-02-08,Pmax | Promoción Nuevo Centro,Equipos informáticos,"0,00",9,"0,00",0,1,0
2025-02-08,Pmax | Promoción Nuevo Centro,Teléfonos móviles,"0,00",115,"6,07",0,18,6
2025-02-08,Pmax | Promoción Nuevo Centro,Tablets,"0,00",1,"0,00",0,0,0
2025-02-08,Pmax | Promoción Nuevo Centro,Pantallas de TV,"0,00",5,"0,07",0,1,0
2025-02-09,Búsqueda | General,Equipos informáticos,"0,00",64,"2,96",0,4,4
2025-02-09,Búsqueda | General,Teléfonos móviles,"3,00",910,"35,62","Interacción: 1,00; Cómo llegar: 1,00; Envío de formulario para clientes potenciales: 3,00",82,82
2025-02-09,Búsqueda | General,Tablets,"0,00",7,"0,00",0,0,0
2025-02-09,Pmax | Promoción Bonos - MOFU,Equipos informáticos,"0,00",1,"0,00",0,0,0
2025-02-09,Pmax | Promoción Bonos - MOFU,Teléfonos móviles,"0,00",21,"0,11","Interacción: 2,00; Cómo llegar: 2,00",3,3
2025-02-09,Pmax | Promoción Bonos - RMK,Equipos informáticos,"0,00",18,"0,05",0,1,0
2025-02-09,Pmax | Promoción Bonos - RMK,Teléfonos móviles,"0,00",120,"2,53",0,7,6
2025-02-09,Pmax | Promoción Bonos - RMK,Tablets,"0,00",4,"0,02",0,0,0
2025-02-09,Pmax | Promoción Nuevo Centro,Equipos informáticos,"0,00",15,"0,00",0,0,0
2025-02-09,Pmax | Promoción Nuevo Centro,Teléfonos móviles,"0,00",188,"2,38",0,22,7
2025-02-09,Pmax | Promoción Nuevo Centro,Tablets,"0,00",5,"0,07",0,0,0
2025-02-09,Pmax | Promoción Nuevo Centro,Pantallas de TV,"0,00",8,"0,02",0,3,0
2025-02-10,Búsqueda | General,Equipos informáticos,"0,00",77,"1,46",0,2,2
2025-02-10,Búsqueda | General,Teléfonos móviles,"2,00",680,"35,04","Interacción: 3,00; Cómo llegar: 5,00; Envío de formulario para clientes potenciales: 2,00",71,71
2025-02-10,Búsqueda | General,Tablets,"0,00",13,"0,00",0,0,0
2025-02-10,Pmax | Promoción Bonos - MOFU,Equipos informáticos,"0,00",14,"0,56","Cómo llegar: 1,00",5,5
2025-02-10,Pmax | Promoción Bonos - MOFU,Teléfonos móviles,"0,00",37,"0,36","Interacción: 1,00",3,3
2025-02-10,Pmax | Promoción Bonos - RMK,Equipos informáticos,"0,00",64,"0,90",0,1,1
2025-02-10,Pmax | Promoción Bonos - RMK,Teléfonos móviles,"1,00",308,"10,57","Contacto: 1,00; Interacción: 8,00; Cómo llegar: 2,00; Envío de formulario para clientes potenciales: 1,00",23,17
2025-02-10,Pmax | Promoción Bonos - RMK,Tablets,"0,00",4,"0,00",0,0,0
2025-02-10,Pmax | Promoción Nuevo Centro,Equipos informáticos,"0,00",88,"0,18",0,4,0
2025-02-10,Pmax | Promoción Nuevo Centro,Teléfonos móviles,"1,00",500,"8,91","Envío de formulario para clientes potenciales: 1,00",32,22
2025-02-10,Pmax | Promoción Nuevo Centro,Tablets,"0,00",19,"0,04",0,5,0
2025-02-10,Pmax | Promoción Nuevo Centro,Pantallas de TV,"0,00",4,"0,03",0,2,0
2025-02-11,Búsqueda | General,Equipos informáticos,"0,00",153,"2,03",0,4,4
2025-02-11,Búsqueda | General,Teléfonos móviles,"4,00",966,"48,16","Contacto: 7,00; Interacción: 4,00; Cómo llegar: 5,00; Envío de formulario para clientes potenciales: 4,00",85,85
2025-02-11,Búsqueda | General,Tablets,"0,00",12,"0,00",0,0,0
2025-02-11,Pmax | Promoción Bonos - MOFU,Equipos informáticos,"0,00",6,"0,08",0,1,1
2025-02-11,Pmax | Promoción Bonos - MOFU,Teléfonos móviles,"0,00",51,"1,22","Interacción: 9,00; Cómo llegar: 2,00",7,7
2025-02-11,Pmax | Promoción Bonos - RMK,Equipos informáticos,"0,00",141,"1,84",0,5,2
2025-02-11,Pmax | Promoción Bonos - RMK,Teléfonos móviles,"0,00",491,"5,89","Cómo llegar: 1,00",29,28
2025-02-11,Pmax | Promoción Bonos - RMK,Tablets,"0,00",2,"0,00",0,0,0
2025-02-11,Pmax | Promoción Bonos - RMK,Pantallas de TV,"0,00",1,"0,00",0,0,0
2025-02-11,Pmax | Promoción Nuevo Centro,Equipos informáticos,"0,00",26,"2,47",0,4,2
2025-02-11,Pmax | Promoción Nuevo Centro,Teléfonos móviles,"0,00",114,"4,76","Interacción: 1,00",16,10
2025-02-11,Pmax | Promoción Nuevo Centro,Tablets,"0,00",4,"0,01",0,1,0
2025-02-11,Pmax | Promoción Nuevo Centro,Pantallas de TV,"0,00",8,"0,05",0,2,0
2025-02-12,Búsqueda | General,Equipos informáticos,"0,00",141,"1,57",0,2,2
2025-02-12,Búsqueda | General,Teléfonos móviles,"5,00",736,"53,13","Interacción: 5,00; Cómo llegar: 2,00; Envío de formulario para clientes potenciales: 5,00",73,73
2025-02-12,Búsqueda | General,Tablets,"0,00",6,"0,00",0,0,0
2025-02-12,Pmax | Promoción Bonos - MOFU,Equipos informáticos,"1,00",10,"2,00","Envío de formulario para clientes potenciales: 1,00",4,4
2025-02-12,Pmax | Promoción Bonos - MOFU,Teléfonos móviles,"1,00",33,"1,53","Contacto: 1,00; Cómo llegar: 1,00; Envío de formulario para clientes potenciales: 1,00",14,14
2025-02-12,Pmax | Promoción Bonos - RMK,Equipos informáticos,"0,00",20,"0,00",0,0,0
2025-02-12,Pmax | Promoción Bonos - RMK,Teléfonos móviles,"0,00",142,"3,79","Cómo llegar: 1,00",15,11
2025-02-12,Pmax | Promoción Bonos - RMK,Tablets,"0,00",11,"0,76",0,1,0
2025-02-12,Pmax | Promoción Bonos - RMK,Pantallas de TV,"0,00",1,"0,01",0,0,0
2025-02-12,Pmax | Promoción Nuevo Centro,Equipos informáticos,"0,00",15,"0,11",0,2,0
2025-02-12,Pmax | Promoción Nuevo Centro,Teléfonos móviles,"0,00",124,"3,93","Interacción: 1,00",27,6
2025-02-12,Pmax | Promoción Nuevo Centro,Tablets,"0,00",4,"0,01",0,0,0
2025-02-13,Búsqueda | General,Equipos informáticos,"0,00",77,"9,51","Interacción: 3,00",9,9
2025-02-13,Búsqueda | General,Teléfonos móviles,"2,00",331,"41,02","Envío de formulario para clientes potenciales: 2,00",59,59
2025-02-13,Búsqueda | General,Tablets,"0,00",1,"0,00",0,0,0
2025-02-13,Pmax | Promoción Bonos - MOFU,Equipos informáticos,"0,00",6,"1,34","Cómo llegar: 1,00",3,3
2025-02-13,Pmax | Promoción Bonos - MOFU,Teléfonos móviles,"0,00",28,"1,03",0,8,8
2025-02-13,Pmax | Promoción Bonos - RMK,Equipos informáticos,"0,00",8,"4,21",0,1,1
2025-02-13,Pmax | Promoción Bonos - RMK,Teléfonos móviles,"0,00",61,"3,71",0,9,3
2025-02-13,Pmax | Promoción Bonos - RMK,Tablets,"0,00",1,"0,01",0,1,0
2025-02-13,Pmax | Promoción Nuevo Centro,Equipos informáticos,"1,00",13,"1,71","Envío de formulario para clientes potenciales: 1,00",1,1
2025-02-13,Pmax | Promoción Nuevo Centro,Teléfonos móviles,"0,00",112,"4,87",0,19,11
2025-02-13,Pmax | Promoción Nuevo Centro,Pantallas de TV,"0,00",1,"0,00",0,1,0
2025-02-14,Búsqueda | General,Equipos informáticos,"1,00",67,"5,28","Envío de formulario para clientes potenciales: 1,00",5,5
2025-02-14,Búsqueda | General,Teléfonos móviles,"0,00",696,"35,97","Interacción: 1,00",57,57
2025-02-14,Búsqueda | General,Tablets,"0,00",12,"0,00",0,0,0
2025-02-14,Pmax | Promoción Bonos - MOFU,Equipos informáticos,"0,00",3,"1,26",0,3,3
2025-02-14,Pmax | Promoción Bonos - MOFU,Teléfonos móviles,"2,00",28,"1,15","Interacción: 18,00; Cómo llegar: 9,00; Envío de formulario para clientes potenciales: 2,00",7,7
2025-02-14,Pmax | Promoción Bonos - RMK,Equipos informáticos,"0,00",7,"0,00",0,0,0
2025-02-14,Pmax | Promoción Bonos - RMK,Teléfonos móviles,"0,00",58,"0,23",0,5,2
2025-02-14,Pmax | Promoción Bonos - RMK,Tablets,"0,00",2,"0,00",0,0,0
2025-02-14,Pmax | Promoción Nuevo Centro,Equipos informáticos,"0,00",12,"0,03",0,2,0
2025-02-14,Pmax | Promoción Nuevo Centro,Teléfonos móviles,"0,00",117,"3,73","Contacto: 2,00",13,5
2025-02-14,Pmax | Promoción Nuevo Centro,Tablets,"0,00",6,"0,01",0,1,0
2025-02-14,Pmax | Promoción Nuevo Centro,Pantallas de TV,"0,00",11,"0,10",0,4,0
2025-02-15,Búsqueda | General,Equipos informáticos,"0,00",27,"2,08",0,1,1
2025-02-15,Búsqueda | General,Teléfonos móviles,"3,00",502,"44,66","Envío de formulario para clientes potenciales: 3,00",52,52
2025-02-15,Búsqueda | General,Tablets,"0,00",10,"0,00",0,0,0
2025-02-15,Pmax | Promoción Bonos - MOFU,Equipos informáticos,"1,00",4,"1,73","Envío de formulario para clientes potenciales: 1,00",1,1
2025-02-15,Pmax | Promoción Bonos - MOFU,Teléfonos móviles,"0,00",38,"0,86","Cómo llegar: 2,00",3,3
2025-02-15,Pmax | Promoción Bonos - RMK,Equipos informáticos,"0,00",548,"0,51",0,12,1
2025-02-15,Pmax | Promoción Bonos - RMK,Teléfonos móviles,"1,00",4.293,"11,17","Envío de formulario para clientes potenciales: 1,00",275,131
2025-02-15,Pmax | Promoción Bonos - RMK,Tablets,"0,00",52,"0,13",0,10,1
2025-02-15,Pmax | Promoción Bonos - RMK,Pantallas de TV,"0,00",9,"0,18",0,3,0
2025-02-15,Pmax | Promoción Nuevo Centro,Equipos informáticos,"0,00",4,"0,01",0,1,0
2025-02-15,Pmax | Promoción Nuevo Centro,Teléfonos móviles,"2,00",159,"5,86","Envío de formulario para clientes potenciales: 2,00",19,8
2025-02-15,Pmax | Promoción Nuevo Centro,Tablets,"0,00",7,"0,01",0,0,0
2025-02-15,Pmax | Promoción Nuevo Centro,Pantallas de TV,"0,00",14,"0,08",0,4,0
2025-02-16,Búsqueda | General,Equipos informáticos,"0,00",70,"0,00",0,0,0
2025-02-16,Búsqueda | General,Teléfonos móviles,"1,00",740,"41,51","Interacción: 2,00; Cómo llegar: 4,00; Envío de formulario para clientes potenciales: 1,00",72,72
2025-02-16,Búsqueda | General,Tablets,"0,00",8,"0,00",0,0,0
2025-02-16,Pmax | Promoción Bonos - MOFU,Equipos informáticos,"0,00",1,"1,54",0,1,1
2025-02-16,Pmax | Promoción Bonos - MOFU,Teléfonos móviles,"3,00",23,"1,68","Interacción: 1,00; Cómo llegar: 2,00; Envío de formulario para clientes potenciales: 3,00",10,10
2025-02-16,Pmax | Promoción Bonos - RMK,Equipos informáticos,"0,00",11,"0,00",0,0,0
2025-02-16,Pmax | Promoción Bonos - RMK,Teléfonos móviles,"0,00",111,"7,63","Interacción: 1,00",8,8
2025-02-16,Pmax | Promoción Bonos - RMK,Tablets,"0,00",4,"0,06",0,1,1
2025-02-16,Pmax | Promoción Nuevo Centro,Equipos informáticos,"0,00",17,"0,01",0,0,0
2025-02-16,Pmax | Promoción Nuevo Centro,Teléfonos móviles,"0,00",223,"6,03",0,28,12
2025-02-16,Pmax | Promoción Nuevo Centro,Tablets,"0,00",7,"0,01",0,0,0
2025-02-16,Pmax | Promoción Nuevo Centro,Pantallas de TV,"0,00",7,"0,03",0,1,0
2025-02-17,Búsqueda | General,Equipos informáticos,"0,00",57,"9,68",0,7,7
2025-02-17,Búsqueda | General,Teléfonos móviles,"2,00",439,"39,17","Envío de formulario para clientes potenciales: 2,00",65,65
2025-02-17,Búsqueda | General,Tablets,"0,00",2,"0,00",0,0,0
2025-02-17,Pmax | Promoción Bonos - MOFU,Equipos informáticos,"1,00",11,"0,38","Cómo llegar: 3,00; Envío de formulario para clientes potenciales: 1,00",1,1
2025-02-17,Pmax | Promoción Bonos - MOFU,Teléfonos móviles,"0,00",55,"2,58","Contacto: 1,00; Cómo llegar: 17,00",15,15
2025-02-17,Pmax | Promoción Bonos - RMK,Equipos informáticos,"0,00",33,"0,20",0,3,1
2025-02-17,Pmax | Promoción Bonos - RMK,Teléfonos móviles,"1,00",145,"7,65","Cómo llegar: 1,00; Envío de formulario para clientes potenciales: 1,00",17,12
2025-02-17,Pmax | Promoción Bonos - RMK,Tablets,"0,00",5,"0,01",0,0,0
2025-02-17,Pmax | Promoción Nuevo Centro,Equipos informáticos,"0,00",13,"1,94",0,2,1
2025-02-17,Pmax | Promoción Nuevo Centro,Teléfonos móviles,"0,00",122,"4,09","Interacción: 1,00",16,9
2025-02-17,Pmax | Promoción Nuevo Centro,Tablets,"0,00",1,"0,00",0,0,0
2025-02-18,Búsqueda | General,Equipos informáticos,"0,00",101,"6,23",0,6,6
2025-02-18,Búsqueda | General,Teléfonos móviles,"1,00",749,"40,64","Cómo llegar: 1,00; Envío de formulario para clientes potenciales: 1,00",69,69
2025-02-18,Búsqueda | General,Tablets,"0,00",39,"0,00",0,0,0
2025-02-18,Pmax | Promoción Bonos - MOFU,Equipos informáticos,"0,00",13,"2,02",0,2,2
2025-02-18,Pmax | Promoción Bonos - MOFU,Teléfonos móviles,"0,00",19,"0,48","Contacto: 1,00; Interacción: 5,00; Cómo llegar: 1,00",6,6
2025-02-18,Pmax | Promoción Bonos - RMK,Equipos informáticos,"0,00",24,"0,01",0,0,0
2025-02-18,Pmax | Promoción Bonos - RMK,Teléfonos móviles,"0,00",146,"6,01","Interacción: 1,00; Cómo llegar: 2,00",12,7
2025-02-18,Pmax | Promoción Bonos - RMK,Tablets,"0,00",2,"0,00",0,0,0
2025-02-18,Pmax | Promoción Nuevo Centro,Equipos informáticos,"0,00",9,"0,00",0,0,0
2025-02-18,Pmax | Promoción Nuevo Centro,Teléfonos móviles,"0,00",108,"5,43","Interacción: 1,00",13,10
2025-02-18,Pmax | Promoción Nuevo Centro,Pantallas de TV,"0,00",1,"0,00",0,0,0
2025-02-19,Búsqueda | General,Equipos informáticos,"0,00",149,"9,39",0,8,8
2025-02-19,Búsqueda | General,Teléfonos móviles,"3,00",689,"32,23","Interacción: 8,00; Cómo llegar: 2,00; Envío de formulario para clientes potenciales: 3,00",55,55
2025-02-19,Búsqueda | General,Tablets,"0,00",21,"0,00",0,0,0
2025-02-19,Pmax | Promoción Bonos - MOFU,Equipos informáticos,"0,00",8,"0,20",0,1,1
2025-02-19,Pmax | Promoción Bonos - MOFU,Teléfonos móviles,"0,00",40,"2,62","Contacto: 2,00; Interacción: 1,00; Cómo llegar: 1,00",12,12
2025-02-19,Pmax | Promoción Bonos - RMK,Equipos informáticos,"0,00",51,"0,14",0,1,0
2025-02-19,Pmax | Promoción Bonos - RMK,Teléfonos móviles,"0,00",223,"4,18","Interacción: 18,00",13,11
2025-02-19,Pmax | Promoción Bonos - RMK,Tablets,"0,00",4,"0,00",0,0,0
2025-02-19,Pmax | Promoción Nuevo Centro,Equipos informáticos,"0,00",23,"1,18",0,2,1
2025-02-19,Pmax | Promoción Nuevo Centro,Teléfonos móviles,"0,00",116,"5,25",0,11,5
2025-02-19,Pmax | Promoción Nuevo Centro,Tablets,"0,00",2,"0,01",0,1,0
2025-02-19,Pmax | Promoción Nuevo Centro,Pantallas de TV,"0,00",2,"0,00",0,0,0
2025-02-20,Búsqueda | General,Equipos informáticos,"1,00",122,"4,00","Envío de formulario para clientes potenciales: 1,00",5,5
2025-02-20,Búsqueda | General,Teléfonos móviles,"3,00",562,"37,68","Interacción: 1,00; Cómo llegar: 2,00; Envío de formulario para clientes potenciales: 3,00",58,58
2025-02-20,Búsqueda | General,Tablets,"0,00",12,"0,00",0,0,0
2025-02-20,Pmax | Promoción Bonos - MOFU,Equipos informáticos,"0,00",8,"0,61",0,1,1
2025-02-20,Pmax | Promoción Bonos - MOFU,Teléfonos móviles,"2,00",33,"1,76","Contacto: 1,00; Cómo llegar: 3,00; Envío de formulario para clientes potenciales: 2,00",12,12
2025-02-20,Pmax | Promoción Bonos - RMK,Equipos informáticos,"0,00",18,"1,49",0,1,1
2025-02-20,Pmax | Promoción Bonos - RMK,Teléfonos móviles,"0,00",154,"6,43",0,25,22
2025-02-20,Pmax | Promoción Bonos - RMK,Tablets,"0,00",1,"0,00",0,1,0
2025-02-20,Pmax | Promoción Nuevo Centro,Equipos informáticos,"0,00",34,"0,42",0,1,0
2025-02-20,Pmax | Promoción Nuevo Centro,Teléfonos móviles,"2,00",146,"4,53","Interacción: 2,00; Cómo llegar: 1,00; Envío de formulario para clientes potenciales: 2,00",27,11
2025-02-20,Pmax | Promoción Nuevo Centro,Tablets,"0,00",7,"0,00",0,0,0
2025-02-20,Pmax | Promoción Nuevo Centro,Pantallas de TV,"0,00",6,"0,01",0,2,0
2025-02-21,Búsqueda | General,Equipos informáticos,"0,00",128,"2,07",0,4,4
2025-02-21,Búsqueda | General,Teléfonos móviles,"1,00",628,"23,07","Interacción: 1,00; Cómo llegar: 2,00; Envío de formulario para clientes potenciales: 1,00",43,43
2025-02-21,Búsqueda | General,Tablets,"0,00",6,"0,00",0,0,0
2025-02-21,Pmax | Promoción Bonos - MOFU,Equipos informáticos,"1,00",9,"0,34","Envío de formulario para clientes potenciales: 1,00",2,2
2025-02-21,Pmax | Promoción Bonos - MOFU,Teléfonos móviles,"1,00",29,"1,33","Interacción: 1,00; Cómo llegar: 1,00; Envío de formulario para clientes potenciales: 1,00",11,11
2025-02-21,Pmax | Promoción Bonos - RMK,Equipos informáticos,"0,00",28,"0,00",0,0,0
2025-02-21,Pmax | Promoción Bonos - RMK,Teléfonos móviles,"0,00",164,"4,51","Interacción: 2,00; Cómo llegar: 1,00",13,5
2025-02-21,Pmax | Promoción Bonos - RMK,Tablets,"0,00",3,"0,00",0,1,0
2025-02-21,Pmax | Promoción Bonos - RMK,Pantallas de TV,"0,00",2,"0,04",0,1,0
2025-02-21,Pmax | Promoción Nuevo Centro,Equipos informáticos,"0,00",21,"1,35",0,1,1
2025-02-21,Pmax | Promoción Nuevo Centro,Teléfonos móviles,"0,00",175,"2,08","Cómo llegar: 1,00",18,9
2025-02-21,Pmax | Promoción Nuevo Centro,Tablets,"0,00",2,"0,00",0,1,0
2025-02-21,Pmax | Promoción Nuevo Centro,Pantallas de TV,"0,00",10,"0,53",0,2,0
2025-02-22,Búsqueda | General,Equipos informáticos,"0,00",64,"2,27","Cómo llegar: 1,00",3,3
2025-02-22,Búsqueda | General,Teléfonos móviles,"3,00",726,"30,98","Interacción: 4,00; Cómo llegar: 1,00; Envío de formulario para clientes potenciales: 3,00",58,58
2025-02-22,Búsqueda | General,Tablets,"0,00",6,"0,00",0,0,0
2025-02-22,Pmax | Promoción Bonos - MOFU,Equipos informáticos,"0,00",2,"0,10",0,1,1
2025-02-22,Pmax | Promoción Bonos - MOFU,Teléfonos móviles,"0,00",28,"0,65","Contacto: 3,00; Cómo llegar: 1,00",8,8
2025-02-22,Pmax | Promoción Bonos - MOFU,Tablets,"0,00",1,"0,00",0,0,0
2025-02-22,Pmax | Promoción Bonos - RMK,Equipos informáticos,"0,00",33,"0,01",0,1,0
2025-02-22,Pmax | Promoción Bonos - RMK,Teléfonos móviles,"0,00",325,"4,68","Interacción: 4,00",27,14
2025-02-22,Pmax | Promoción Bonos - RMK,Tablets,"0,00",7,"0,08",0,2,0
2025-02-22,Pmax | Promoción Bonos - RMK,Pantallas de TV,"0,00",10,"0,17",0,3,0
2025-02-22,Pmax | Promoción Nuevo Centro,Equipos informáticos,"0,00",49,"0,15",0,2,1
2025-02-22,Pmax | Promoción Nuevo Centro,Teléfonos móviles,"0,00",209,"5,18","Cómo llegar: 6,00",30,13
2025-02-22,Pmax | Promoción Nuevo Centro,Tablets,"0,00",9,"0,05",0,1,0
2025-02-22,Pmax | Promoción Nuevo Centro,Pantallas de TV,"0,00",5,"0,12",0,3,0
2025-02-23,Búsqueda | General,Equipos informáticos,"0,00",75,"0,31",0,1,1
2025-02-23,Búsqueda | General,Teléfonos móviles,"1,00",723,"24,96","Interacción: 1,00; Cómo llegar: 6,00; Envío de formulario para clientes potenciales: 1,00",47,47
2025-02-23,Búsqueda | General,Tablets,"0,00",21,"0,23","Interacción: 1,00",1,1
2025-02-23,Pmax | Promoción Bonos - MOFU,Teléfonos móviles,"1,00",26,"1,10","Contacto: 1,00; Envío de formulario para clientes potenciales: 1,00",6,6
2025-02-23,Pmax | Promoción Bonos - RMK,Equipos informáticos,"0,00",13,"0,00",0,0,0
2025-02-23,Pmax | Promoción Bonos - RMK,Teléfonos móviles,"0,00",291,"8,60","Interacción: 1,00",22,16
2025-02-23,Pmax | Promoción Bonos - RMK,Tablets,"0,00",12,"0,00",0,0,0
2025-02-23,Pmax | Promoción Bonos - RMK,Pantallas de TV,"0,00",6,"0,05",0,1,0
2025-02-23,Pmax | Promoción Nuevo Centro,Equipos informáticos,"0,00",17,"1,36","Cómo llegar: 3,00",1,1
2025-02-23,Pmax | Promoción Nuevo Centro,Teléfonos móviles,"0,00",130,"4,58","Cómo llegar: 1,00",11,11
2025-02-23,Pmax | Promoción Nuevo Centro,Tablets,"0,00",1,"0,00",0,0,0
2025-02-23,Pmax | Promoción Nuevo Centro,Pantallas de TV,"0,00",3,"0,01",0,2,0