Día,Dispositivo,Grupo de anuncios,Campaña,Conversiones,Impr.,Coste,Interacciones,Clics
2025-01-29,Equipos informáticos,Clases de Natación,Búsqueda | General,"0,00",59,"1,47",2,2
2025-01-29,Equipos informáticos,Matronatación,Búsqueda | General,"1,00",69,"0,71",1,1
2025-01-29,Equipos informáticos,Natació- Infantil,Búsqueda | General,"0,00",689,"0,27",1,1
2025-01-29,Equipos informáticos,Natación Adultos,Búsqueda | General,"0,00",2,"0,00",0,0
2025-01-29,Equipos informáticos,Natación para Embarazadas,Búsqueda | General,"0,00",10,"0,00",0,0
2025-01-29,Teléfonos móviles,Clases de Natación,Búsqueda | General,"0,00",245,"18,20",27,27
2025-01-29,Teléfonos móviles,Matronatación,Búsqueda | General,"3,00",149,"13,35",17,17
2025-01-29,Teléfonos móviles,Natació- Infantil,Búsqueda | General,"0,00",965,"2,61",9,9
2025-01-29,Teléfonos móviles,Natación Adultos,Búsqueda | General,"0,00",31,"2,16",5,5
2025-01-29,Teléfonos móviles,Natación para Embarazadas,Búsqueda | General,"1,00",86,"4,15",8,8
2025-01-29,Tablets,Clases de Natación,Búsqueda | General,"0,00",9,"0,00",0,0
2025-01-29,Tablets,Matronatación,Búsqueda | General,"0,00",3,"0,00",0,0
2025-01-29,Tablets,Natació- Infantil,Búsqueda | General,"0,00",68,"0,00",0,0
2025-01-30,Equipos informáticos,Clases de Natación,Búsqueda | General,"0,00",33,"2,63",2,2
2025-01-30,Equipos informáticos,Matronatación,Búsqueda | General,"0,00",15,"1,80",2,2
2025-01-30,Equipos informáticos,Natació- Infantil,Búsqueda | General,"0,00",79,"1,55",1,1
2025-01-30,Equipos informáticos,Natación para Embarazadas,Búsqueda | General,"0,00",10,"0,00",0,0
2025-01-30,Teléfonos móviles,Clases de Natación,Búsqueda | General,"0,00",159,"5,82",10,10
2025-01-30,Teléfonos móviles,Matronatación,Búsqueda | General,"1,00",115,"15,19",22,22
2025-01-30,Teléfonos móviles,Natació- Infantil,Búsqueda | General,"0,00",347,"3,49",8,8
2025-01-30,Teléfonos móviles,Natación Adultos,Búsqueda | General,"0,00",28,"1,34",4,4
2025-01-30,Teléfonos móviles,Natación para Embarazadas,Búsqueda | General,"1,00",59,"5,64",7,7
2025-01-30,Tablets,Natació- Infantil,Búsqueda | General,"0,00",10,"0,00",0,0
2025-01-31,Equipos informáticos,Clases de Natación,Búsqueda | General,"0,00",21,"0,95",1,1
2025-01-31,Equipos informáticos,Matronatación,Búsqueda | General,"0,00",12,"0,00",0,0
2025-01-31,Equipos informáticos,Natació- Infantil,Búsqueda | General,"0,00",69,"2,60",2,2
2025-01-31,Equipos informáticos,Natación Adultos,Búsqueda | General,"0,00",1,"0,00",0,0
2025-01-31,Teléfonos móviles,Clases de Natación,Búsqueda | General,"0,00",114,"6,10",11,11
2025-01-31,Teléfonos móviles,Matronatación,Búsqueda | General,"0,00",107,"13,76",21,21
2025-01-31,Teléfonos móviles,Natació- Infantil,Búsqueda | General,"0,00",326,"2,61",8,8
2025-01-31,Teléfonos móviles,Natación Adultos,Búsqueda | General,"0,00",37,"0,89",3,3
2025-01-31,Teléfonos móviles,Natación para Embarazadas,Búsqueda | General,"0,00",28,"0,50",1,1
2025-01-31,Tablets,Clases de Natación,Búsqueda | General,"0,00",3,"0,00",0,0
2025-01-31,Tablets,Matronatación,Búsqueda | General,"0,00",2,"0,00",0,0
2025-01-31,Tablets,Natació- Infantil,Búsqueda | General,"0,00",14,"0,00",0,0
2025-02-01,Otro,Natació- Infantil,Búsqueda | General,"0,00",1,"0,00",0,0
2025-02-01,Equipos informáticos,Clases de Natación,Búsqueda | General,"0,00",40,"0,00",0,0
2025-02-01,Equipos informáticos,Matronatación,Búsqueda | General,"0,00",9,"0,00",0,0
2025-02-01,Equipos informáticos,Natació- Infantil,Búsqueda | General,"0,00",96,"0,00",0,0
2025-02-01,Equipos informáticos,Natación Adultos,Búsqueda | General,"0,00",1,"0,00",0,0
2025-02-01,Equipos informáticos,Natación para Embarazadas,Búsqueda | General,"0,00",1,"0,00",0,0
2025-02-01,Teléfonos móviles,Clases de Natación,Búsqueda | General,"0,00",198,"6,00",13,13
2025-02-01,Teléfonos móviles,Matronatación,Búsqueda | General,"1,00",108,"5,81",11,11
2025-02-01,Teléfonos móviles,Natació- Infantil,Búsqueda | General,"0,00",417,"1,74",5,5
2025-02-01,Teléfonos móviles,Natación Adultos,Búsqueda | General,"0,00",33,"1,35",4,4
2025-02-01,Teléfonos móviles,Natación para Embarazadas,Búsqueda | General,"2,00",40,"5,53",7,7
2025-02-01,Tablets,Clases de Natación,Búsqueda | General,"0,00",2,"0,00",0,0
2025-02-01,Tablets,Matronatación,Búsqueda | General,"0,00",2,"0,00",0,0
2025-02-01,Tablets,Natació- Infantil,Búsqueda | General,"0,00",23,"0,00",0,0
2025-02-01,Tablets,Natación Adultos,Búsqueda | General,"0,00",1,"0,00",0,0
2025-02-02,Equipos informáticos,Clases de Natación,Búsqueda | General,"0,00",82,"0,14",1,1
2025-02-02,Equipos informáticos,Matronatación,Búsqueda | General,"0,00",13,"0,00",0,0
2025-02-02,Equipos informáticos,Natació- Infantil,Búsqueda | General,"0,00",353,"0,10",1,1
2025-02-02,Equipos informáticos,Natación Adultos,Búsqueda | General,"0,00",2,"0,00",0,0
2025-02-02,Equipos informáticos,Natación para Embarazadas,Búsqueda | General,"0,00",5,"0,00",0,0
2025-02-02,Teléfonos móviles,Clases de Natación,Búsqueda | General,"1,00",342,"11,48",23,23
2025-02-02,Teléfonos móviles,Matronatación,Búsqueda | General,"0,00",223,"19,26",25,25
2025-02-02,Teléfonos móviles,Natació- Infantil,Búsqueda | General,"0,00",952,"5,33",15,15
2025-02-02,Teléfonos móviles,Natación Adultos,Búsqueda | General,"0,00",52,"5,40",12,12
2025-02-02,Teléfonos móviles,Natación para Embarazadas,Búsqueda | General,"0,00",48,"4,33",4,4
2025-02-02,Tablets,Clases de Natación,Búsqueda | General,"0,00",20,"0,00",0,0
2025-02-02,Tablets,Matronatación,Búsqueda | General,"0,00",2,"0,00",0,0
2025-02-02,Tablets,Natació- Infantil,Búsqueda | General,"0,00",65,"0,00",0,0
2025-02-02,Tablets,Natación para Embarazadas,Búsqueda | General,"0,00",3,"0,00",0,0
2025-02-03,Equipos informáticos,Clases de Natación,Búsqueda | General,"0,00",23,"0,00",0,0
2025-02-03,Equipos informáticos,Matronatación,Búsqueda | General,"0,00",25,"0,21",1,1
2025-02-03,Equipos informáticos,Natació- Infantil,Búsqueda | General,"0,00",268,"0,09",1,1
2025-02-03,Equipos informáticos,Natación Adultos,Búsqueda | General,"0,00",7,"0,00",0,0
2025-02-03,Equipos informáticos,Natación para Embarazadas,Búsqueda | General,"0,00",17,"3,92",2,2
2025-02-03,Teléfonos móviles,Clases de Natación,Búsqueda | General,"0,50",250,"29,76",40,40
2025-02-03,Teléfonos móviles,Matronatación,Búsqueda | General,"1,00",167,"15,19",23,23
2025-02-03,Teléfonos móviles,Natació- Infantil,Búsqueda | General,"0,00",655,"5,87",13,13
2025-02-03,Teléfonos móviles,Natación Adultos,Búsqueda | General,"0,50",43,"3,42",7,7
2025-02-03,Teléfonos móviles,Natación para Embarazadas,Búsqueda | General,"1,00",96,"13,57",14,14
2025-02-03,Tablets,Clases de Natación,Búsqueda | General,"0,00",5,"0,00",0,0
2025-02-03,Tablets,Matronatación,Búsqueda | General,"0,00",1,"0,00",0,0
2025-02-03,Tablets,Natació- Infantil,Búsqueda | General,"0,00",27,"0,03",1,1
2025-02-03,Tablets,Natación Adultos,Búsqueda | General,"0,00",3,"0,00",0,0
2025-02-04,Equipos informáticos,Clases de Natación,Búsqueda | General,"0,00",24,"3,60",2,2
2025-02-04,Equipos informáticos,Matronatación,Búsqueda | General,"0,00",13,"0,26",1,1
2025-02-04,Equipos informáticos,Natació- Infantil,Búsqueda | General,"0,00",165,"4,38",5,5
2025-02-04,Equipos informáticos,Natación Adultos,Búsqueda | General,"0,00",4,"0,00",0,0
2025-02-04,Equipos informáticos,Natación para Embarazadas,Búsqueda | General,"0,00",14,"0,00",0,0
2025-02-04,Teléfonos móviles,Clases de Natación,Búsqueda | General,"1,00",139,"12,31",23,23
2025-02-04,Teléfonos móviles,Matronatación,Búsqueda | General,"1,00",118,"9,93",13,13
2025-02-04,Teléfonos móviles,Natació- Infantil,Búsqueda | General,"0,00",444,"4,54",14,14
2025-02-04,Teléfonos móviles,Natación Adultos,Búsqueda | General,"1,00",33,"3,74",6,6
2025-02-04,Teléfonos móviles,Natación para Embarazadas,Búsqueda | General,"2,00",76,"17,69",16,16
2025-02-04,Tablets,Clases de Natación,Búsqueda | General,"0,00",3,"0,00",0,0
2025-02-04,Tablets,Natació- Infantil,Búsqueda | General,"0,00",8,"0,00",0,0
2025-02-05,Equipos informáticos,Clases de Natación,Búsqueda | General,"0,00",19,"0,00",0,0
2025-02-05,Equipos informáticos,Matronatación,Búsqueda | General,"0,00",59,"3,89",3,3
2025-02-05,Equipos informáticos,Natació- Infantil,Búsqueda | General,"0,00",186,"0,84",3,3
2025-02-05,Equipos informáticos,Natación Adultos,Búsqueda | General,"0,00",7,"0,00",0,0
2025-02-05,Equipos informáticos,Natación para Embarazadas,Búsqueda | General,"0,00",12,"0,00",0,0
2025-02-05,Teléfonos móviles,Clases de Natación,Búsqueda | General,"0,00",206,"11,99",20,20
2025-02-05,Teléfonos móviles,Matronatación,Búsqueda | General,"1,00",307,"12,57",23,23
2025-02-05,Teléfonos móviles,Natació- Infantil,Búsqueda | General,"0,00",1.069,"6,34",20,20
2025-02-05,Teléfonos móviles,Natación Adultos,Búsqueda | General,"0,00",25,"0,51",2,2
2025-02-05,Teléfonos móviles,Natación para Embarazadas,Búsqueda | General,"0,00",72,"7,09",9,9
2025-02-05,Tablets,Clases de Natación,Búsqueda | General,"0,00",3,"0,00",0,0
2025-02-05,Tablets,Matronatación,Búsqueda | General,"0,00",7,"0,00",0,0
2025-02-05,Tablets,Natació- Infantil,Búsqueda | General,"0,00",25,"0,02",1,1
2025-02-06,Otro,Natació- Infantil,Búsqueda | General,"0,00",1,"0,00",0,0
2025-02-06,Equipos informáticos,Clases de Natación,Búsqueda | General,"0,00",47,"0,00",0,0
2025-02-06,Equipos informáticos,Matronatación,Búsqueda | General,"0,00",52,"0,00",0,0
2025-02-06,Equipos informáticos,Natació- Infantil,Búsqueda | General,"0,00",274,"0,00",0,0
2025-02-06,Equipos informáticos,Natación Adultos,Búsqueda | General,"0,00",1,"0,00",0,0
2025-02-06,Equipos informáticos,Natación para Embarazadas,Búsqueda | General,"0,00",8,"0,00",0,0
2025-02-06,Teléfonos móviles,Clases de Natación,Búsqueda | General,"0,00",165,"9,48",16,16
2025-02-06,Teléfonos móviles,Matronatación,Búsqueda | General,"2,00",257,"16,42",24,24
2025-02-06,Teléfonos móviles,Natació- Infantil,Búsqueda | General,"0,00",796,"5,66",18,18
2025-02-06,Teléfonos móviles,Natación Adultos,Búsqueda | General,"0,00",41,"4,28",8,8
2025-02-06,Teléfonos móviles,Natación para Embarazadas,Búsqueda | General,"0,00",64,"6,81",6,6
2025-02-06,Tablets,Clases de Natación,Búsqueda | General,"0,00",7,"0,00",0,0
2025-02-06,Tablets,Matronatación,Búsqueda | General,"0,00",6,"0,00",0,0
2025-02-06,Tablets,Natació- Infantil,Búsqueda | General,"0,00",54,"0,06",1,1
2025-02-07,Equipos informáticos,Clases de Natación,Búsqueda | General,"0,00",25,"0,37",1,1
2025-02-07,Equipos informáticos,Matronatación,Búsqueda | General,"0,00",12,"0,00",0,0
2025-02-07,Equipos informáticos,Natació- Infantil,Búsqueda | General,"0,00",26,"1,87",1,1
2025-02-07,Equipos informáticos,Natación Adultos,Búsqueda | General,"0,00",11,"1,36",1,1
2025-02-07,Equipos informáticos,Natación para Embarazadas,Búsqueda | General,"0,00",14,"0,00",0,0
2025-02-07,Teléfonos móviles,Clases de Natación,Búsqueda | General,"0,00",145,"14,62",23,23
2025-02-07,Teléfonos móviles,Matronatación,Búsqueda | General,"2,00",134,"15,47",18,18
2025-02-07,Teléfonos móviles,Natació- Infantil,Búsqueda | General,"0,00",121,"2,70",5,5
2025-02-07,Teléfonos móviles,Natación Adultos,Búsqueda | General,"0,00",80,"6,81",11,11
2025-02-07,Teléfonos móviles,Natación para Embarazadas,Búsqueda | General,"0,00",36,"5,95",5,5
2025-02-07,Tablets,Matronatación,Búsqueda | General,"0,00",2,"0,00",0,0
2025-02-07,Tablets,Natació- Infantil,Búsqueda | General,"0,00",1,"0,00",0,0
2025-02-08,Equipos informáticos,Clases de Natación,Búsqueda | General,"0,00",10,"0,00",0,0
2025-02-08,Equipos informáticos,Matronatación,Búsqueda | General,"0,00",5,"0,89",1,1
2025-02-08,Equipos informáticos,Natació- Infantil,Búsqueda | General,"0,00",5,"1,11",1,1
2025-02-08,Equipos informáticos,Natación Adultos,Búsqueda | General,"0,00",3,"0,00",0,0
2025-02-08,Equipos informáticos,Natación para Embarazadas,Búsqueda | General,"0,00",2,"0,00",0,0
2025-02-08,Teléfonos móviles,Clases de Natación,Búsqueda | General,"1,00",151,"11,73",20,20
2025-02-08,Teléfonos móviles,Matronatación,Búsqueda | General,"0,00",152,"15,11",22,22
2025-02-08,Teléfonos móviles,Natació- Infantil,Búsqueda | General,"1,00",65,"2,77",5,5
2025-02-08,Teléfonos móviles,Natación Adultos,Búsqueda | General,"1,00",133,"5,60",15,15
2025-02-08,Teléfonos móviles,Natación para Embarazadas,Búsqueda | General,"0,00",52,"0,30",1,1
2025-02-08,Tablets,Clases de Natación,Búsqueda | General,"0,00",2,"0,00",0,0
2025-02-08,Tablets,Natació- Infantil,Búsqueda | General,"0,00",1,"0,00",0,0
2025-02-08,Tablets,Natación Adultos,Búsqueda | General,"0,00",1,"0,00",0,0
2025-02-09,Equipos informáticos,Clases de Natación,Búsqueda | General,"0,00",9,"1,05",2,2
2025-02-09,Equipos informáticos,Matronatación,Búsqueda | General,"0,00",5,"0,99",1,1
2025-02-09,Equipos informáticos,Natació- Infantil,Búsqueda | General,"0,00",38,"0,00",0,0
2025-02-09,Equipos informáticos,Natación Adultos,Búsqueda | General,"0,00",11,"0,92",1,1
2025-02-09,Equipos informáticos,Natación para Embarazadas,Búsqueda | General,"0,00",1,"0,00",0,0
2025-02-09,Teléfonos móviles,Clases de Natación,Búsqueda | General,"1,00",187,"10,50",19,19
2025-02-09,Teléfonos móviles,Matronatación,Búsqueda | General,"2,00",176,"7,74",13,13
2025-02-09,Teléfonos móviles,Natació- Infantil,Búsqueda | General,"0,00",145,"3,47",8,8
2025-02-09,Teléfonos móviles,Natación Adultos,Búsqueda | General,"0,00",322,"10,17",35,35
2025-02-09,Teléfonos móviles,Natación para Embarazadas,Búsqueda | General,"0,00",80,"3,75",7,7
2025-02-09,Tablets,Clases de Natación,Búsqueda | General,"0,00",1,"0,00",0,0
2025-02-09,Tablets,Matronatación,Búsqueda | General,"0,00",2,"0,00",0,0
2025-02-09,Tablets,Natació- Infantil,Búsqueda | General,"0,00",3,"0,00",0,0
2025-02-09,Tablets,Natación Adultos,Búsqueda | General,"0,00",1,"0,00",0,0
2025-02-09,Tablets,Natación para Embarazadas,Búsqueda | General,"0,00",0,"0,00",0,0
2025-02-10,Equipos informáticos,Clases de Natación,Búsqueda | General,"0,00",29,"0,80",1,1
2025-02-10,Equipos informáticos,Matronatación,Búsqueda | General,"0,00",16,"0,00",0,0
2025-02-10,Equipos informáticos,Natació- Infantil,Búsqueda | General,"0,00",20,"0,66",1,1
2025-02-10,Equipos informáticos,Natación Adultos,Búsqueda | General,"0,00",8,"0,00",0,0
2025-02-10,Equipos informáticos,Natación para Embarazadas,Búsqueda | General,"0,00",4,"0,00",0,0
2025-02-10,Teléfonos móviles,Clases de Natación,Búsqueda | General,"0,00",223,"16,74",29,29
2025-02-10,Teléfonos móviles,Matronatación,Búsqueda | General,"1,00",119,"9,73",15,15
2025-02-10,Teléfonos móviles,Natació- Infantil,Búsqueda | General,"0,00",116,"3,18",9,9
2025-02-10,Teléfonos móviles,Natación Adultos,Búsqueda | General,"0,00",186,"4,76",17,17
2025-02-10,Teléfonos móviles,Natación para Embarazadas,Búsqueda | General,"1,00",36,"0,62",1,1
2025-02-10,Tablets,Clases de Natación,Búsqueda | General,"0,00",4,"0,00",0,0
2025-02-10,Tablets,Matronatación,Búsqueda | General,"0,00",4,"0,00",0,0
2025-02-10,Tablets,Natación Adultos,Búsqueda | General,"0,00",3,"0,00",0,0
2025-02-10,Tablets,Natación para Embarazadas,Búsqueda | General,"0,00",2,"0,00",0,0
2025-02-11,Equipos informáticos,Clases de Natación,Búsqueda | General,"0,00",36,"0,93",2,2
2025-02-11,Equipos informáticos,Matronatación,Búsqueda | General,"0,00",28,"0,00",0,0
2025-02-11,Equipos informáticos,Natació- Infantil,Búsqueda | General,"0,00",70,"0,00",0,0
2025-02-11,Equipos informáticos,Natación Adultos,Búsqueda | General,"0,00",13,"0,98",1,1
2025-02-11,Equipos informáticos,Natación para Embarazadas,Búsqueda | General,"0,00",6,"0,12",1,1
2025-02-11,Teléfonos móviles,Clases de Natación,Búsqueda | General,"1,00",226,"13,98",21,21
2025-02-11,Teléfonos móviles,Matronatación,Búsqueda | General,"2,00",244,"21,20",33,33
2025-02-11,Teléfonos móviles,Natació- Infantil,Búsqueda | General,"0,00",233,"3,86",10,10
2025-02-11,Teléfonos móviles,Natación Adultos,Búsqueda | General,"0,00",163,"4,20",13,13
2025-02-11,Teléfonos móviles,Natación para Embarazadas,Búsqueda | General,"1,00",100,"4,92",8,8
2025-02-11,Tablets,Clases de Natación,Búsqueda | General,"0,00",3,"0,00",0,0
2025-02-11,Tablets,Matronatación,Búsqueda | General,"0,00",1,"0,00",0,0
2025-02-11,Tablets,Natació- Infantil,Búsqueda | General,"0,00",7,"0,00",0,0
2025-02-11,Tablets,Natación Adultos,Búsqueda | General,"0,00",1,"0,00",0,0
2025-02-12,Equipos informáticos,Clases de Natación,Búsqueda | General,"0,00",33,"0,00",0,0
2025-02-12,Equipos informáticos,Matronatación,Búsqueda | General,"0,00",25,"1,52",1,1
2025-02-12,Equipos informáticos,Natació- Infantil,Búsqueda | General,"0,00",64,"0,05",1,1
2025-02-12,Equipos informáticos,Natación Adultos,Búsqueda | General,"0,00",8,"0,00",0,0
2025-02-12,Equipos informáticos,Natación para Embarazadas,Búsqueda | General,"0,00",11,"0,00",0,0
2025-02-12,Teléfonos móviles,Clases de Natación,Búsqueda | General,"3,00",277,"20,02",25,25
2025-02-12,Teléfonos móviles,Matronatación,Búsqueda | General,"1,00",196,"19,42",27,27
2025-02-12,Teléfonos móviles,Natació- Infantil,Búsqueda | General,"0,00",88,"2,47",5,5
2025-02-12,Teléfonos móviles,Natación Adultos,Búsqueda | General,"1,00",74,"5,75",11,11
2025-02-12,Teléfonos móviles,Natación para Embarazadas,Búsqueda | General,"0,00",101,"5,48",5,5
2025-02-12,Tablets,Clases de Natación,Búsqueda | General,"0,00",2,"0,00",0,0
2025-02-12,Tablets,Natació- Infantil,Búsqueda | General,"0,00",4,"0,00",0,0
2025-02-13,Equipos informáticos,Clases de Natación,Búsqueda | General,"0,00",35,"3,23",3,3
2025-02-13,Equipos informáticos,Matronatación,Búsqueda | General,"0,00",16,"1,80",2,2
2025-02-13,Equipos informáticos,Natació- Infantil,Búsqueda | General,"0,00",7,"2,27",2,2
2025-02-13,Equipos informáticos,Natación Adultos,Búsqueda | General,"0,00",3,"0,00",0,0
2025-02-13,Equipos informáticos,Natación para Embarazadas,Búsqueda | General,"0,00",16,"2,21",2,2
2025-02-13,Teléfonos móviles,Clases de Natación,Búsqueda | General,"0,00",105,"16,10",18,18
2025-02-13,Teléfonos móviles,Matronatación,Búsqueda | General,"1,00",72,"12,21",16,16
2025-02-13,Teléfonos móviles,Natació- Infantil,Búsqueda | General,"0,00",62,"4,49",9,9
2025-02-13,Teléfonos móviles,Natación Adultos,Búsqueda | General,"0,00",48,"4,21",11,11
2025-02-13,Teléfonos móviles,Natación para Embarazadas,Búsqueda | General,"1,00",44,"4,01",5,5
2025-02-13,Tablets,Matronatación,Búsqueda | General,"0,00",1,"0,00",0,0
2025-02-14,Equipos informáticos,Clases de Natación,Búsqueda | General,"0,00",16,"0,73",1,1
2025-02-14,Equipos informáticos,Matronatación,Búsqueda | General,"0,00",25,"0,00",0,0
2025-02-14,Equipos informáticos,Natació- Infantil,Búsqueda | General,"0,00",12,"0,00",0,0
2025-02-14,Equipos informáticos,Natación Adultos,Búsqueda | General,"1,00",4,"1,17",1,1
2025-02-14,Equipos informáticos,Natación para Embarazadas,Búsqueda | General,"0,00",10,"3,38",3,3
2025-02-14,Teléfonos móviles,Clases de Natación,Búsqueda | General,"0,00",122,"13,99",14,14
2025-02-14,Teléfonos móviles,Matronatación,Búsqueda | General,"0,00",180,"13,60",18,18
2025-02-14,Teléfonos móviles,Natació- Infantil,Búsqueda | General,"0,00",133,"4,85",11,11
2025-02-14,Teléfonos móviles,Natación Adultos,Búsqueda | General,"0,00",192,"2,15",13,13
2025-02-14,Teléfonos móviles,Natación para Embarazadas,Búsqueda | General,"0,00",69,"1,38",1,1
2025-02-14,Tablets,Clases de Natación,Búsqueda | General,"0,00",4,"0,00",0,0
2025-02-14,Tablets,Matronatación,Búsqueda | General,"0,00",4,"0,00",0,0
2025-02-14,Tablets,Natació- Infantil,Búsqueda | General,"0,00",4,"0,00",0,0
2025-02-15,Equipos informáticos,Clases de Natación,Búsqueda | General,"0,00",12,"0,00",0,0
2025-02-15,Equipos informáticos,Matronatación,Búsqueda | General,"0,00",1,"0,00",0,0
2025-02-15,Equipos informáticos,Natació- Infantil,Búsqueda | General,"0,00",3,"0,00",0,0
2025-02-15,Equipos informáticos,Natación Adultos,Búsqueda | General,"0,00",7,"0,00",0,0
2025-02-15,Equipos informáticos,Natación para Embarazadas,Búsqueda | General,"0,00",4,"2,08",1,1
2025-02-15,Teléfonos móviles,Clases de Natación,Búsqueda | General,"0,00",107,"10,08",12,12
2025-02-15,Teléfonos móviles,Matronatación,Búsqueda | General,"3,00",141,"15,19",19,19
2025-02-15,Teléfonos móviles,Natació- Infantil,Búsqueda | General,"0,00",50,"2,20",6,6
2025-02-15,Teléfonos móviles,Natación Adultos,Búsqueda | General,"0,00",138,"6,35",8,8
2025-02-15,Teléfonos móviles,Natación para Embarazadas,Búsqueda | General,"0,00",66,"10,84",7,7
2025-02-15,Tablets,Clases de Natación,Búsqueda | General,"0,00",2,"0,00",0,0
2025-02-15,Tablets,Matronatación,Búsqueda | General,"0,00",2,"0,00",0,0
2025-02-15,Tablets,Natación Adultos,Búsqueda | General,"0,00",6,"0,00",0,0
2025-02-16,Equipos informáticos,Clases de Natación,Búsqueda | General,"0,00",20,"0,00",0,0
2025-02-16,Equipos informáticos,Matronatación,Búsqueda | General,"0,00",17,"0,00",0,0
2025-02-16,Equipos informáticos,Natació- Infantil,Búsqueda | General,"0,00",8,"0,00",0,0
2025-02-16,Equipos informáticos,Natación Adultos,Búsqueda | General,"0,00",20,"0,00",0,0
2025-02-16,Equipos informáticos,Natación para Embarazadas,Búsqueda | General,"0,00",5,"0,00",0,0
2025-02-16,Teléfonos móviles,Clases de Natación,Búsqueda | General,"1,00",165,"10,04",13,13
2025-02-16,Teléfonos móviles,Matronatación,Búsqueda | General,"0,00",197,"19,34",28,28
2025-02-16,Teléfonos móviles,Natació- Infantil,Búsqueda | General,"0,00",88,"4,33",8,8
2025-02-16,Teléfonos móviles,Natación Adultos,Búsqueda | General,"0,00",220,"2,63",17,17
2025-02-16,Teléfonos móviles,Natación para Embarazadas,Búsqueda | General,"0,00",70,"5,17",6,6
2025-02-16,Tablets,Clases de Natación,Búsqueda | General,"0,00",2,"0,00",0,0
2025-02-16,Tablets,Natació- Infantil,Búsqueda | General,"0,00",3,"0,00",0,0
2025-02-16,Tablets,Natación Adultos,Búsqueda | General,"0,00",3,"0,00",0,0
2025-02-17,Equipos informáticos,Clases de Natación,Búsqueda | General,"0,00",25,"4,59",3,3
2025-02-17,Equipos informáticos,Matronatación,Búsqueda | General,"0,00",11,"1,55",1,1
2025-02-17,Equipos informáticos,Natació- Infantil,Búsqueda | General,"0,00",7,"1,07",2,2
2025-02-17,Equipos informáticos,Natación Adultos,Búsqueda | General,"0,00",5,"0,00",0,0
2025-02-17,Equipos informáticos,Natación para Embarazadas,Búsqueda | General,"0,00",9,"2,47",1,1
2025-02-17,Teléfonos móviles,Clases de Natación,Búsqueda | General,"0,00",140,"15,07",24,24
2025-02-17,Teléfonos móviles,Matronatación,Búsqueda | General,"2,00",137,"9,76",16,16
2025-02-17,Teléfonos móviles,Natació- Infantil,Búsqueda | General,"0,00",42,"2,05",5,5
2025-02-17,Teléfonos móviles,Natación Adultos,Búsqueda | General,"0,00",51,"4,23",11,11
2025-02-17,Teléfonos móviles,Natación para Embarazadas,Búsqueda | General,"0,00",69,"8,06",9,9
2025-02-17,Tablets,Natación Adultos,Búsqueda | General,"0,00",1,"0,00",0,0
2025-02-17,Tablets,Natación para Embarazadas,Búsqueda | General,"0,00",1,"0,00",0,0
2025-02-18,Equipos informáticos,Clases de Natación,Búsqueda | General,"0,00",33,"1,99",1,1
2025-02-18,Equipos informáticos,Matronatación,Búsqueda | General,"0,00",10,"0,00",0,0
2025-02-18,Equipos informáticos,Natació- Infantil,Búsqueda | General,"0,00",11,"1,02",1,1
2025-02-18,Equipos informáticos,Natación Adultos,Búsqueda | General,"0,00",29,"1,06",2,2
2025-02-18,Equipos informáticos,Natación para Embarazadas,Búsqueda | General,"0,00",18,"2,16",2,2
2025-02-18,Teléfonos móviles,Clases de Natación,Búsqueda | General,"0,00",162,"12,43",20,20
2025-02-18,Teléfonos móviles,Matronatación,Búsqueda | General,"1,00",157,"11,59",16,16
2025-02-18,Teléfonos móviles,Natació- Infantil,Búsqueda | General,"0,00",74,"4,29",10,10
2025-02-18,Teléfonos móviles,Natación Adultos,Búsqueda | General,"0,00",274,"7,22",17,17
2025-02-18,Teléfonos móviles,Natación para Embarazadas,Búsqueda | General,"0,00",82,"5,11",6,6
2025-02-18,Tablets,Clases de Natación,Búsqueda | General,"0,00",3,"0,00",0,0
2025-02-18,Tablets,Matronatación,Búsqueda | General,"0,00",4,"0,00",0,0
2025-02-18,Tablets,Natació- Infantil,Búsqueda | General,"0,00",1,"0,00",0,0
2025-02-18,Tablets,Natación Adultos,Búsqueda | General,"0,00",31,"0,00",0,0
2025-02-19,Equipos informáticos,Clases de Natación,Búsqueda | General,"0,00",58,"1,99",2,2
2025-02-19,Equipos informáticos,Matronatación,Búsqueda | General,"0,00",40,"1,81",2,2
2025-02-19,Equipos informáticos,Natació- Infantil,Búsqueda | General,"0,00",16,"4,93",3,3
2025-02-19,Equipos informáticos,Natación Adultos,Búsqueda | General,"0,00",27,"0,00",0,0
2025-02-19,Equipos informáticos,Natación para Embarazadas,Búsqueda | General,"0,00",8,"0,66",1,1
2025-02-19,Teléfonos móviles,Clases de Natación,Búsqueda | General,"0,00",177,"4,97",10,10
2025-02-19,Teléfonos móviles,Matronatación,Búsqueda | General,"2,00",260,"14,49",25,25
2025-02-19,Teléfonos móviles,Natació- Infantil,Búsqueda | General,"0,00",72,"3,10",7,7
2025-02-19,Teléfonos móviles,Natación Adultos,Búsqueda | General,"1,00",114,"4,29",9,9
2025-02-19,Teléfonos móviles,Natación para Embarazadas,Búsqueda | General,"0,00",66,"5,37",4,4
2025-02-19,Tablets,Matronatación,Búsqueda | General,"0,00",6,"0,00",0,0
2025-02-19,Tablets,Natació- Infantil,Búsqueda | General,"0,00",1,"0,00",0,0
2025-02-19,Tablets,Natación Adultos,Búsqueda | General,"0,00",14,"0,00",0,0
2025-02-20,Equipos informáticos,Clases de Natación,Búsqueda | General,"0,00",37,"0,72",2,2
2025-02-20,Equipos informáticos,Matronatación,Búsqueda | General,"1,00",52,"2,71",2,2
2025-02-20,Equipos informáticos,Natació- Infantil,Búsqueda | General,"0,00",9,"0,57",1,1
2025-02-20,Equipos informáticos,Natación Adultos,Búsqueda | General,"0,00",15,"0,00",0,0
2025-02-20,Equipos informáticos,Natación para Embarazadas,Búsqueda | General,"0,00",9,"0,00",0,0
2025-02-20,Teléfonos móviles,Clases de Natación,Búsqueda | General,"0,00",129,"3,44",6,6
2025-02-20,Teléfonos móviles,Matronatación,Búsqueda | General,"2,00",227,"17,00",30,30
2025-02-20,Teléfonos móviles,Natació- Infantil,Búsqueda | General,"0,00",69,"5,08",9,9
2025-02-20,Teléfonos móviles,Natación Adultos,Búsqueda | General,"1,00",73,"5,84",6,6
2025-02-20,Teléfonos móviles,Natación para Embarazadas,Búsqueda | General,"0,00",64,"6,32",7,7
2025-02-20,Tablets,Clases de Natación,Búsqueda | General,"0,00",2,"0,00",0,0
2025-02-20,Tablets,Matronatación,Búsqueda | General,"0,00",5,"0,00",0,0
2025-02-20,Tablets,Natación Adultos,Búsqueda | General,"0,00",5,"0,00",0,0
2025-02-21,Equipos informáticos,Clases de Natación,Búsqueda | General,"0,00",30,"0,18",1,1
2025-02-21,Equipos informáticos,Matronatación,Búsqueda | General,"0,00",63,"0,00",0,0
2025-02-21,Equipos informáticos,Natació- Infantil,Búsqueda | General,"0,00",22,"0,75",1,1
2025-02-21,Equipos informáticos,Natación Adultos,Búsqueda | General,"0,00",8,"1,14",2,2
2025-02-21,Equipos informáticos,Natación para Embarazadas,Búsqueda | General,"0,00",5,"0,00",0,0
2025-02-21,Teléfonos móviles,Clases de Natación,Búsqueda | General,"0,00",121,"3,75",10,10
2025-02-21,Teléfonos móviles,Matronatación,Búsqueda | General,"0,00",295,"8,33",14,14
2025-02-21,Teléfonos móviles,Natació- Infantil,Búsqueda | General,"0,00",75,"1,32",4,4
2025-02-21,Teléfonos móviles,Natación Adultos,Búsqueda | General,"1,00",67,"6,08",11,11
2025-02-21,Teléfonos móviles,Natación para Embarazadas,Búsqueda | General,"0,00",70,"3,60",4,4
2025-02-21,Tablets,Matronatación,Búsqueda | General,"0,00",4,"0,00",0,0
2025-02-21,Tablets,Natació- Infantil,Búsqueda | General,"0,00",2,"0,00",0,0
2025-02-22,Equipos informáticos,Clases de Natación,Búsqueda | General,"0,00",14,"1,48",1,1
2025-02-22,Equipos informáticos,Matronatación,Búsqueda | General,"0,00",26,"0,66",1,1
2025-02-22,Equipos informáticos,Natació- Infantil,Búsqueda | General,"0,00",15,"0,00",0,0
2025-02-22,Equipos informáticos,Natación Adultos,Búsqueda | General,"0,00",9,"0,13",1,1
2025-02-22,Teléfonos móviles,Clases de Natación,Búsqueda | General,"1,00",121,"9,31",17,17
2025-02-22,Teléfonos móviles,Matronatación,Búsqueda | General,"2,00",307,"11,95",19,19
2025-02-22,Teléfonos móviles,Natació- Infantil,Búsqueda | General,"0,00",85,"4,57",7,7
2025-02-22,Teléfonos móviles,Natación Adultos,Búsqueda | General,"0,00",180,"4,14",12,12
2025-02-22,Teléfonos móviles,Natación para Embarazadas,Búsqueda | General,"0,00",33,"1,01",3,3
2025-02-22,Tablets,Matronatación,Búsqueda | General,"0,00",3,"0,00",0,0
2025-02-22,Tablets,Natació- Infantil,Búsqueda | General,"0,00",2,"0,00",0,0
2025-02-22,Tablets,Natación Adultos,Búsqueda | General,"0,00",1,"0,00",0,0
2025-02-23,Equipos informáticos,Clases de Natación,Búsqueda | General,"0,00",15,"0,00",0,0
2025-02-23,Equipos informáticos,Matronatación,Búsqueda | General,"0,00",34,"0,31",1,1
2025-02-23,Equipos informáticos,Natació- Infantil,Búsqueda | General,"0,00",12,"0,00",0,0
2025-02-23,Equipos informáticos,Natación Adultos,Búsqueda | General,"0,00",12,"0,00",0,0
2025-02-23,Equipos informáticos,Natación para Embarazadas,Búsqueda | General,"0,00",2,"0,00",0,0
2025-02-23,Teléfonos móviles,Clases de Natación,Búsqueda | General,"1,00",157,"7,01",10,10
2025-02-23,Teléfonos móviles,Matronatación,Búsqueda | General,"0,00",243,"6,68",12,12
2025-02-23,Teléfonos móviles,Natació- Infantil,Búsqueda | General,"0,00",84,"4,85",10,10
2025-02-23,Teléfonos móviles,Natación Adultos,Búsqueda | General,"0,00",179,"5,15",13,13
2025-02-23,Teléfonos móviles,Natación para Embarazadas,Búsqueda | General,"0,00",60,"1,28",2,2
2025-02-23,Tablets,Clases de Natación,Búsqueda | General,"0,00",2,"0,00",0,0
2025-02-23,Tablets,Matronatación,Búsqueda | General,"0,00",13,"0,23",1,1
2025-02-23,Tablets,Natació- Infantil,Búsqueda | General,"0,00",3,"0,00",0,0
2025-02-23,Tablets,Natación Adultos,Búsqueda | General,"0,00",3,"0,00",0,0