Fecha,Campaña,Set anuncios,Anuncio,Plataforma,Objetivo,Tipo de resultado,Resultados,Coste,Alcance,Impresiones,Recuerdo anuncio estimado,Clics en link,Vistas,Clics (todos),Engagement en página,Follows o likes,Visitas a perfil IG,Leads,Leads de sitio web,Meta leads,Ventas
2025-02-11,Post_chapoteos,Chapoteos_4_oct,Copia_chapoteos,instagram,Clics en link,Clics en link,0,0.02,14,14,0,0,14,0,0,0,0,0,0,0,0.0
2025-02-13,Post_chapoteos,Chapoteos_4_oct,Chapoteos_29_nov,messenger,Clics en link,Clics en link,0,0.0,2,2,0,0,2,0,0,0,0,0,0,0,0.0
2025-02-03,Post_chapoteos,Chapoteos_4_oct,Chapoteos_29_nov,instagram,Clics en link,Clics en link,7,0.33,76,76,0,7,76,7,9,0,0,0,0,0,0.0
2025-02-03,Post_chapoteos,Chapoteos_4_oct,Chapoteos_29_nov,facebook,Clics en link,Clics en link,44,3.85,4655,4805,0,44,4810,108,46,0,0,0,0,0,0.0
2025-02-14,Post_chapoteos,Chapoteos_4_oct,Copia_chapoteos,facebook,Clics en link,Clics en link,6,0.94,844,872,0,6,873,7,6,0,0,0,0,0,0.0
2025-02-14,Post_chapoteos,Chapoteos_4_oct,Copia_chapoteos,instagram,Clics en link,Clics en link,1,0.04,27,27,0,1,27,2,1,0,1,0,0,0,0.0
2025-02-14,Post_chapoteos,Chapoteos_4_oct,Copia_chapoteos,audience_network,Clics en link,Clics en link,0,0.03,48,116,0,0,0,0,0,0,0,0,0,0,0.0
2025-02-14,Post_chapoteos,Chapoteos_4_oct,Copia_chapoteos,messenger,Clics en link,Clics en link,0,0.0,1,1,0,0,1,0,0,0,0,0,0,0,0.0
2025-02-13,Post_chapoteos,Chapoteos_4_oct,Chapoteos_29_nov,facebook,Clics en link,Clics en link,29,2.82,2669,2800,0,29,2805,43,30,0,0,0,0,0,0.0
2025-02-13,Post_chapoteos,Chapoteos_4_oct,Chapoteos_29_nov,audience_network,Clics en link,Clics en link,2,0.07,149,403,0,2,0,2,2,0,0,0,0,0,0.0
2025-02-13,Post_chapoteos,Chapoteos_4_oct,Chapoteos_29_nov,instagram,Clics en link,Clics en link,1,0.05,22,22,0,1,22,1,1,0,0,0,0,0,0.0
2025-02-13,Post_chapoteos,Chapoteos_4_oct,Copia_chapoteos,facebook,Clics en link,Clics en link,7,0.95,905,935,0,7,937,15,8,0,0,0,0,0,0.0
2025-02-03,Post_chapoteos,Chapoteos_4_oct,Chapoteos_29_nov,messenger,Clics en link,Clics en link,0,0.0,2,3,0,0,3,0,0,0,0,0,0,0,0.0
2025-02-13,Post_chapoteos,Chapoteos_4_oct,Copia_chapoteos,instagram,Clics en link,Clics en link,1,0.03,10,11,0,1,11,1,1,0,0,0,0,0,0.0
2025-02-13,Post_chapoteos,Chapoteos_4_oct,Copia_chapoteos,audience_network,Clics en link,Clics en link,0,0.01,42,120,0,0,0,0,0,0,0,0,0,0,0.0
2025-02-12,Post_chapoteos,Chapoteos_4_oct,Chapoteos_29_nov,facebook,Clics en link,Clics en link,20,2.66,2887,3024,0,20,3029,31,21,0,0,0,0,0,0.0
2025-02-12,Post_chapoteos,Chapoteos_4_oct,Chapoteos_29_nov,instagram,Clics en link,Clics en link,1,0.09,38,38,0,1,38,1,1,0,0,0,0,0,0.0
2025-02-12,Post_chapoteos,Chapoteos_4_oct,Chapoteos_29_nov,audience_network,Clics en link,Clics en link,0,0.06,152,403,0,0,0,0,0,0,0,0,0,0,0.0
2025-02-12,Post_chapoteos,Chapoteos_4_oct,Chapoteos_29_nov,messenger,Clics en link,Clics en link,0,0.0,2,2,0,0,2,0,0,0,0,0,0,0,0.0
2025-02-04,Post_chapoteos,Chapoteos_4_oct,Copia_chapoteos,instagram,Clics en link,Clics en link,0,0.06,17,17,0,0,17,0,1,0,0,0,0,0,0.0
2025-02-04,Post_chapoteos,Chapoteos_4_oct,Copia_chapoteos,audience_network,Clics en link,Clics en link,1,0.02,103,248,0,1,0,1,1,0,0,0,0,0,0.0
2025-02-04,Post_chapoteos,Chapoteos_4_oct,Copia_chapoteos,facebook,Clics en link,Clics en link,8,0.93,846,874,0,8,876,21,9,0,0,0,0,0,0.0
2025-02-04,Post_chapoteos,Chapoteos_4_oct,Chapoteos_29_nov,messenger,Clics en link,Clics en link,0,0.0,1,1,0,0,1,0,0,0,0,0,0,0,0.0
2025-02-03,Post_chapoteos,Chapoteos_4_oct,Chapoteos_29_nov,audience_network,Clics en link,Clics en link,3,0.15,306,820,0,3,0,3,3,0,0,0,0,0,0.0
2025-02-14,Post_chapoteos,Chapoteos_4_oct,Chapoteos_29_nov,instagram,Clics en link,Clics en link,0,0.16,37,37,0,0,37,0,0,0,0,0,0,0,0.0
2025-02-04,Post_chapoteos,Chapoteos_4_oct,Chapoteos_29_nov,audience_network,Clics en link,Clics en link,1,0.15,424,1092,0,1,0,1,1,0,0,0,0,0,0.0
2025-02-15,Post_chapoteos,Chapoteos_4_oct,Chapoteos_29_nov,facebook,Clics en link,Clics en link,31,3.29191257,3070,3216,0,31,3218,57,35,0,0,0,0,0,0.0
2025-02-02,Post_chapoteos,Chapoteos_4_oct,Chapoteos_29_nov,facebook,Clics en link,Clics en link,38,2.73,3517,3718,0,38,3724,95,43,0,0,0,0,0,0.0
2025-02-16,Post_chapoteos,Chapoteos_4_oct,Chapoteos_29_nov,facebook,Clics en link,Clics en link,46,3.38,3745,3957,0,46,3958,68,51,0,0,0,0,0,0.0
2025-02-16,Post_chapoteos,Chapoteos_4_oct,Chapoteos_29_nov,instagram,Clics en link,Clics en link,5,0.17,58,58,0,5,58,6,5,0,1,0,0,0,0.0
2025-02-16,Post_chapoteos,Chapoteos_4_oct,Chapoteos_29_nov,audience_network,Clics en link,Clics en link,2,0.08,274,748,0,2,0,2,2,0,0,0,0,0,0.0
2025-02-16,Post_chapoteos,Chapoteos_4_oct,Chapoteos_29_nov,messenger,Clics en link,Clics en link,0,0.0,5,5,0,0,5,0,0,0,0,0,0,0,0.0
2025-02-16,Post_chapoteos,Chapoteos_4_oct,Copia_chapoteos,instagram,Clics en link,Clics en link,0,0.08,17,17,0,0,17,0,0,0,0,0,0,0,0.0
2025-02-16,Post_chapoteos,Chapoteos_4_oct,Copia_chapoteos,facebook,Clics en link,Clics en link,8,0.92,1094,1137,0,8,1137,12,8,0,0,0,0,0,0.0
2025-02-07,Post_chapoteos,Chapoteos_4_oct,Copia_chapoteos,instagram,Clics en link,Clics en link,0,0.06,15,15,0,0,15,0,0,0,0,0,0,0,0.0
2025-02-15,Post_chapoteos,Chapoteos_4_oct,Chapoteos_29_nov,audience_network,Clics en link,Clics en link,3,0.15912568,244,618,0,3,0,3,3,0,0,0,0,0,0.0
2025-02-15,Post_chapoteos,Chapoteos_4_oct,Chapoteos_29_nov,instagram,Clics en link,Clics en link,4,0.17901639,41,41,0,4,41,4,4,0,0,0,0,0,0.0
2025-02-14,Post_chapoteos,Chapoteos_4_oct,Chapoteos_29_nov,messenger,Clics en link,Clics en link,0,0.0,1,1,0,0,1,0,0,0,0,0,0,0,0.0
2025-02-15,Post_chapoteos,Chapoteos_4_oct,Chapoteos_29_nov,messenger,Clics en link,Clics en link,0,0.00994536,4,4,0,0,4,0,0,0,0,0,0,0,0.0
2025-02-15,Post_chapoteos,Chapoteos_4_oct,Copia_chapoteos,facebook,Clics en link,Clics en link,10,0.87,871,902,0,10,905,16,11,0,0,0,0,0,0.0
2025-02-15,Post_chapoteos,Chapoteos_4_oct,Copia_chapoteos,instagram,Clics en link,Clics en link,0,0.02,18,18,0,0,18,1,0,0,1,0,0,0,0.0
2025-02-15,Post_chapoteos,Chapoteos_4_oct,Copia_chapoteos,audience_network,Clics en link,Clics en link,0,0.08,49,123,0,0,0,0,0,0,0,0,0,0,0.0
2025-02-14,Post_chapoteos,Chapoteos_4_oct,Chapoteos_29_nov,facebook,Clics en link,Clics en link,26,2.77,2631,2762,0,26,2767,41,28,0,0,0,0,0,0.0
2025-02-14,Post_chapoteos,Chapoteos_4_oct,Chapoteos_29_nov,audience_network,Clics en link,Clics en link,1,0.13,218,652,0,1,0,1,1,0,0,0,0,0,0.0
2025-02-03,Post_chapoteos,Chapoteos_4_oct,Copia_chapoteos,messenger,Clics en link,Clics en link,0,0.0,1,1,0,0,1,0,0,0,0,0,0,0,0.0
2025-02-03,Post_chapoteos,Chapoteos_4_oct,Copia_chapoteos,instagram,Clics en link,Clics en link,1,0.07,16,16,0,1,16,1,1,0,0,0,0,0,0.0
2025-02-03,Post_chapoteos,Chapoteos_4_oct,Copia_chapoteos,facebook,Clics en link,Clics en link,10,0.68,883,913,0,10,914,25,12,0,0,0,0,0,0.0
2025-02-03,Post_chapoteos,Chapoteos_4_oct,Copia_chapoteos,audience_network,Clics en link,Clics en link,1,0.07,101,249,0,1,0,1,1,0,0,0,0,0,0.0
2025-02-04,Post_chapoteos,Chapoteos_4_oct,Chapoteos_29_nov,facebook,Clics en link,Clics en link,32,2.82,2731,2887,0,32,2890,65,35,0,0,0,0,0,0.0
2025-02-04,Post_chapoteos,Chapoteos_4_oct,Chapoteos_29_nov,instagram,Clics en link,Clics en link,9,0.85,241,241,0,9,241,10,10,0,1,0,0,0,0.0
2025-02-02,Post_chapoteos,Chapoteos_4_oct,Chapoteos_29_nov,audience_network,Clics en link,Clics en link,2,0.16,175,466,0,2,0,2,2,0,0,0,0,0,0.0
2025-02-06,Post_chapoteos,Chapoteos_4_oct,Chapoteos_29_nov,instagram,Clics en link,Clics en link,5,0.62,199,199,0,5,199,5,5,0,0,0,0,0,0.0
2025-02-09,Post_chapoteos,Chapoteos_4_oct,Copia_chapoteos,instagram,Clics en link,Clics en link,1,0.07,31,31,0,1,31,1,1,0,0,0,0,0,0.0
2025-02-09,Post_chapoteos,Chapoteos_4_oct,Copia_chapoteos,audience_network,Clics en link,Clics en link,2,0.01,62,150,0,2,0,2,2,0,0,0,0,0,0.0
2025-02-08,Post_chapoteos,Chapoteos_4_oct,Chapoteos_29_nov,facebook,Clics en link,Clics en link,32,2.87,3053,3226,0,32,3229,61,32,0,0,0,0,0,0.0
2025-02-08,Post_chapoteos,Chapoteos_4_oct,Chapoteos_29_nov,audience_network,Clics en link,Clics en link,2,0.09,128,308,0,2,0,2,2,0,0,0,0,0,0.0
2025-02-06,Post_chapoteos,Chapoteos_4_oct,Copia_chapoteos,instagram,Clics en link,Clics en link,0,0.13881356,46,47,0,0,47,0,0,0,0,0,0,0,0.0
2025-02-06,Post_chapoteos,Chapoteos_4_oct,Copia_chapoteos,audience_network,Clics en link,Clics en link,1,0.06940678,51,120,0,1,0,1,1,0,0,0,0,0,0.0
2025-02-06,Post_chapoteos,Chapoteos_4_oct,Copia_chapoteos,facebook,Clics en link,Clics en link,8,0.96177966,850,873,0,8,874,23,9,0,0,0,0,0,0.0
2025-02-06,Post_chapoteos,Chapoteos_4_oct,Chapoteos_29_nov,audience_network,Clics en link,Clics en link,1,0.09,188,569,0,1,0,1,1,0,0,0,0,0,0.0
2025-02-06,Post_chapoteos,Chapoteos_4_oct,Chapoteos_29_nov,facebook,Clics en link,Clics en link,21,2.57,2211,2305,0,21,2308,49,22,0,0,0,0,0,0.0
2025-02-08,Post_chapoteos,Chapoteos_4_oct,Chapoteos_29_nov,instagram,Clics en link,Clics en link,1,0.28,104,104,0,1,104,1,1,0,0,0,0,0,0.0
2025-02-09,Post_chapoteos,Chapoteos_4_oct,Chapoteos_29_nov,messenger,Clics en link,Clics en link,0,0.0,1,1,0,0,1,0,0,0,0,0,0,0,0.0
2025-02-08,Post_chapoteos,Chapoteos_4_oct,Chapoteos_29_nov,messenger,Clics en link,Clics en link,0,0.0,6,6,0,0,6,0,0,0,0,0,0,0,0.0
2025-02-08,Post_chapoteos,Chapoteos_4_oct,Copia_chapoteos,facebook,Clics en link,Clics en link,12,0.97,996,1045,0,12,1051,21,13,0,0,0,0,0,0.0
2025-02-08,Post_chapoteos,Chapoteos_4_oct,Copia_chapoteos,instagram,Clics en link,Clics en link,1,0.14,45,45,0,1,45,1,2,0,0,0,0,0,0.0
2025-02-08,Post_chapoteos,Chapoteos_4_oct,Copia_chapoteos,messenger,Clics en link,Clics en link,0,0.0,1,1,0,0,1,0,0,0,0,0,0,0,0.0
2025-02-08,Post_chapoteos,Chapoteos_4_oct,Copia_chapoteos,audience_network,Clics en link,Clics en link,0,0.01,27,75,0,0,0,0,0,0,0,0,0,0,0.0
2025-02-07,Post_chapoteos,Chapoteos_4_oct,Chapoteos_29_nov,instagram,Clics en link,Clics en link,5,0.36,96,97,0,5,97,6,5,0,1,0,0,0,0.0
2025-02-07,Post_chapoteos,Chapoteos_4_oct,Chapoteos_29_nov,facebook,Clics en link,Clics en link,19,2.62,2337,2444,0,19,2447,56,21,0,0,0,0,0,0.0
2025-02-07,Post_chapoteos,Chapoteos_4_oct,Chapoteos_29_nov,audience_network,Clics en link,Clics en link,0,0.12,168,431,0,0,0,0,0,0,0,0,0,0,0.0
2025-02-07,Post_chapoteos,Chapoteos_4_oct,Chapoteos_29_nov,messenger,Clics en link,Clics en link,0,0.0,3,3,0,0,3,0,0,0,0,0,0,0,0.0
2025-02-07,Post_chapoteos,Chapoteos_4_oct,Copia_chapoteos,facebook,Clics en link,Clics en link,14,0.9,808,836,0,14,837,23,17,0,0,0,0,0,0.0
2025-02-09,Post_chapoteos,Chapoteos_4_oct,Copia_chapoteos,facebook,Clics en link,Clics en link,9,1.07,1058,1102,0,9,1103,23,10,0,0,0,0,0,0.0
2025-02-09,Post_chapoteos,Chapoteos_4_oct,Chapoteos_29_nov,audience_network,Clics en link,Clics en link,1,0.03,137,350,0,1,0,1,1,0,0,0,0,0,0.0
2025-02-12,Post_chapoteos,Chapoteos_4_oct,Copia_chapoteos,audience_network,Clics en link,Clics en link,3,0.07,44,124,0,3,0,2,3,0,0,0,0,0,0.0
2025-02-10,Post_chapoteos,Chapoteos_4_oct,Chapoteos_29_nov,instagram,Clics en link,Clics en link,1,0.09,32,32,0,1,32,1,1,0,0,0,0,0,0.0
2025-02-12,Post_chapoteos,Chapoteos_4_oct,Copia_chapoteos,facebook,Clics en link,Clics en link,14,0.98,1135,1164,0,14,1168,21,15,0,0,0,0,0,0.0
2025-02-12,Post_chapoteos,Chapoteos_4_oct,Copia_chapoteos,instagram,Clics en link,Clics en link,0,0.01,17,17,0,0,17,0,0,0,0,0,0,0,0.0
2025-02-11,Post_chapoteos,Chapoteos_4_oct,Chapoteos_29_nov,audience_network,Clics en link,Clics en link,2,0.13910256,200,509,0,2,0,2,2,0,0,0,0,0,0.0
2025-02-11,Post_chapoteos,Chapoteos_4_oct,Chapoteos_29_nov,facebook,Clics en link,Clics en link,39,2.84166667,2903,3066,0,39,3073,68,42,0,0,0,0,0,0.0
2025-02-11,Post_chapoteos,Chapoteos_4_oct,Chapoteos_29_nov,instagram,Clics en link,Clics en link,3,0.11923077,41,41,0,3,41,3,3,0,0,0,0,0,0.0
2025-02-11,Post_chapoteos,Chapoteos_4_oct,Copia_chapoteos,facebook,Clics en link,Clics en link,13,1.2,1206,1240,0,13,1241,20,13,0,0,0,0,0,0.0
2025-02-11,Post_chapoteos,Chapoteos_4_oct,Copia_chapoteos,audience_network,Clics en link,Clics en link,1,0.08,100,256,0,1,0,1,1,0,0,0,0,0,0.0
2025-02-10,Post_chapoteos,Chapoteos_4_oct,Chapoteos_29_nov,facebook,Clics en link,Clics en link,24,2.53,2710,2876,0,24,2879,50,26,0,0,0,0,0,0.0
2025-02-10,Post_chapoteos,Chapoteos_4_oct,Chapoteos_29_nov,audience_network,Clics en link,Clics en link,4,0.07,126,313,0,4,0,4,4,0,0,0,0,0,0.0
2025-02-10,Post_chapoteos,Chapoteos_4_oct,Chapoteos_29_nov,messenger,Clics en link,Clics en link,0,0.0,1,1,0,0,1,0,0,0,0,0,0,0,0.0
2025-02-09,Post_chapoteos,Chapoteos_4_oct,Chapoteos_29_nov,instagram,Clics en link,Clics en link,2,0.3,76,76,0,2,76,2,2,0,0,0,0,0,0.0
2025-02-05,Post_chapoteos,Chapoteos_4_oct,Copia_chapoteos,audience_network,Clics en link,Clics en link,0,0.05,56,134,0,0,0,0,0,0,0,0,0,0,0.0
2025-02-05,Post_chapoteos,Chapoteos_4_oct,Copia_chapoteos,instagram,Clics en link,Clics en link,0,0.02,8,8,0,0,8,0,0,0,0,0,0,0,0.0
2025-02-05,Post_chapoteos,Chapoteos_4_oct,Copia_chapoteos,facebook,Clics en link,Clics en link,14,0.93,741,757,0,14,757,21,14,0,0,0,0,0,0.0
2025-02-05,Post_chapoteos,Chapoteos_4_oct,Chapoteos_29_nov,audience_network,Clics en link,Clics en link,1,0.06,137,373,0,1,0,1,1,0,0,0,0,0,0.0
2025-02-05,Post_chapoteos,Chapoteos_4_oct,Chapoteos_29_nov,facebook,Clics en link,Clics en link,21,2.66,2319,2424,0,21,2427,54,22,0,0,0,0,0,0.0
2025-02-05,Post_chapoteos,Chapoteos_4_oct,Chapoteos_29_nov,instagram,Clics en link,Clics en link,2,0.34,79,79,0,2,79,2,2,0,0,0,0,0,0.0
2025-02-10,Post_chapoteos,Chapoteos_4_oct,Copia_chapoteos,instagram,Clics en link,Clics en link,1,0.01,18,18,0,1,18,1,1,0,0,0,0,0,0.0
2025-02-10,Post_chapoteos,Chapoteos_4_oct,Copia_chapoteos,facebook,Clics en link,Clics en link,14,0.98,1016,1047,0,14,1047,30,18,0,0,0,0,0,0.0
2025-02-10,Post_chapoteos,Chapoteos_4_oct,Copia_chapoteos,audience_network,Clics en link,Clics en link,0,0.02,58,159,0,0,0,0,0,0,0,0,0,0,0.0
2025-02-09,Post_chapoteos,Chapoteos_4_oct,Chapoteos_29_nov,facebook,Clics en link,Clics en link,34,3.21,3493,3691,0,34,3696,63,36,0,0,0,0,0,0.0
2025-02-02,Post_chapoteos,Chapoteos_4_oct,Chapoteos_29_nov,instagram,Clics en link,Clics en link,3,0.49,168,168,0,3,168,3,3,0,0,0,0,0,0.0
2025-02-16,Post_chapoteos,Chapoteos_4_oct,Copia_chapoteos,audience_network,Clics en link,Clics en link,1,0.08,98,263,0,1,0,1,1,0,0,0,0,0,0.0
2025-02-02,Post_chapoteos,Chapoteos_4_oct,Chapoteos_29_nov,messenger,Clics en link,Clics en link,0,0.0,2,2,0,0,2,0,0,0,0,0,0,0,0.0
2025-02-21,Post_chapoteos,Chapoteos_4_oct,Copia_chapoteos,instagram,Clics en link,Clics en link,0,0.06,10,10,0,0,10,0,0,0,0,0,0,0,0.0
2025-01-30,Post_chapoteos,Chapoteos_4_oct,Chapoteos_29_nov,instagram,Clics en link,Clics en link,1,0.13,30,30,0,1,30,1,1,0,0,0,0,0,0.0
2025-01-30,Post_chapoteos,Chapoteos_4_oct,Chapoteos_29_nov,facebook,Clics en link,Clics en link,33,2.73,3230,3379,0,33,3381,79,35,0,0,0,0,0,0.0
2025-01-30,Post_chapoteos,Chapoteos_4_oct,Chapoteos_29_nov,audience_network,Clics en link,Clics en link,2,0.09,237,729,0,2,0,2,2,0,0,0,0,0,0.0
2025-02-21,Post_chapoteos,Chapoteos_4_oct,Chapoteos_29_nov,facebook,Clics en link,Clics en link,39,4.26101053,3925,4042,0,39,4045,59,41,0,0,0,0,0,0.0
2025-02-21,Post_chapoteos,Chapoteos_4_oct,Chapoteos_29_nov,instagram,Clics en link,Clics en link,1,0.11974737,22,22,0,1,22,1,1,0,0,0,0,0,0.0
2025-02-21,Post_chapoteos,Chapoteos_4_oct,Chapoteos_29_nov,audience_network,Clics en link,Clics en link,5,0.35924211,1066,3117,0,5,0,5,5,0,0,0,0,0,0.0
2025-02-21,Post_chapoteos,Chapoteos_4_oct,Chapoteos_29_nov,messenger,Clics en link,Clics en link,0,0.0,5,5,0,0,5,0,0,0,0,0,0,0,0.0
2025-02-21,Post_chapoteos,Chapoteos_4_oct,Copia_chapoteos,audience_network,Clics en link,Clics en link,4,0.13,132,315,0,4,0,3,4,0,0,0,0,0,0.0
2025-02-21,Post_chapoteos,Chapoteos_4_oct,Copia_chapoteos,facebook,Clics en link,Clics en link,17,1.05,974,1009,0,17,1010,23,17,0,0,0,0,0,0.0
2025-02-20,Post_chapoteos,Chapoteos_4_oct,Chapoteos_29_nov,facebook,Clics en link,Clics en link,40,4.37,4320,4587,0,40,4602,73,45,0,0,0,0,0,0.0
2025-02-22,Post_chapoteos,Chapoteos_4_oct,Copia_chapoteos,instagram,Clics en link,Clics en link,0,0.01,4,4,0,0,4,0,0,0,0,0,0,0,0.0
2025-02-20,Post_chapoteos,Chapoteos_4_oct,Chapoteos_29_nov,audience_network,Clics en link,Clics en link,7,0.35,919,2477,0,7,0,6,7,0,0,0,0,0,0.0
2025-02-20,Post_chapoteos,Chapoteos_4_oct,Chapoteos_29_nov,instagram,Clics en link,Clics en link,0,0.09,16,16,0,0,16,0,0,0,0,0,0,0,0.0
2025-01-31,Post_chapoteos,Chapoteos_4_oct,Copia_chapoteos,audience_network,Clics en link,Clics en link,0,0.06,87,209,0,0,0,0,0,0,0,0,0,0,0.0
2025-01-31,Post_chapoteos,Chapoteos_4_oct,Copia_chapoteos,instagram,Clics en link,Clics en link,1,0.13,32,33,0,1,33,1,1,0,0,0,0,0,0.0
2025-02-20,Post_chapoteos,Chapoteos_4_oct,Copia_chapoteos,facebook,Clics en link,Clics en link,12,1.14,1101,1143,0,12,1145,23,14,0,0,0,0,0,0.0
2025-02-20,Post_chapoteos,Chapoteos_4_oct,Copia_chapoteos,audience_network,Clics en link,Clics en link,2,0.04,320,809,0,2,0,2,2,0,0,0,0,0,0.0
2025-01-31,Post_chapoteos,Chapoteos_4_oct,Chapoteos_29_nov,instagram,Clics en link,Clics en link,0,0.21,46,46,0,0,46,0,0,0,0,0,0,0,0.0
2025-01-31,Post_chapoteos,Chapoteos_4_oct,Chapoteos_29_nov,audience_network,Clics en link,Clics en link,0,0.06,139,377,0,0,0,0,0,0,0,0,0,0,0.0
2025-01-31,Post_chapoteos,Chapoteos_4_oct,Chapoteos_29_nov,facebook,Clics en link,Clics en link,30,2.76,2606,2732,0,30,2734,60,30,0,0,0,0,0,0.0
2025-01-30,Post_chapoteos,Chapoteos_4_oct,Chapoteos_29_nov,messenger,Clics en link,Clics en link,0,0.0,3,3,0,0,3,0,0,0,0,0,0,0,0.0
2025-01-30,Post_chapoteos,Chapoteos_4_oct,Copia_chapoteos,audience_network,Clics en link,Clics en link,1,0.02,87,253,0,1,0,1,1,0,0,0,0,0,0.0
2025-02-20,Post_chapoteos,Chapoteos_4_oct,Copia_chapoteos,instagram,Clics en link,Clics en link,0,0.0,7,7,0,0,7,0,0,0,0,0,0,0,0.0
2025-02-23,Post_chapoteos,Chapoteos_4_oct,Chapoteos_29_nov,instagram,Clics en link,Clics en link,0,0.13,20,24,0,0,24,0,0,0,0,0,0,0,0.0
2025-01-29,Post_chapoteos,Chapoteos_4_oct,Copia_chapoteos,audience_network,Clics en link,Clics en link,0,0.03,76,232,0,0,0,0,0,0,0,0,0,0,0.0
2025-01-29,Post_chapoteos,Chapoteos_4_oct,Copia_chapoteos,instagram,Clics en link,Clics en link,0,0.02,7,7,0,0,7,0,0,0,0,0,0,0,0.0
2025-01-29,Post_chapoteos,Chapoteos_4_oct,Copia_chapoteos,facebook,Clics en link,Clics en link,17,1.28,1283,1317,0,17,1319,34,18,0,0,0,0,0,0.0
2025-02-23,Post_chapoteos,Chapoteos_4_oct,Chapoteos_29_nov,audience_network,Clics en link,Clics en link,14,0.72,1294,3757,0,14,0,14,14,0,0,0,0,0,0.0
2025-01-29,Post_chapoteos,Chapoteos_4_oct,Chapoteos_29_nov,instagram,Clics en link,Clics en link,0,0.0,2,2,0,0,2,0,0,0,0,0,0,0,0.0
2025-01-29,Post_chapoteos,Chapoteos_4_oct,Chapoteos_29_nov,audience_network,Clics en link,Clics en link,3,0.05979021,222,654,0,3,0,3,3,0,0,0,0,0,0.0
2025-01-29,Post_chapoteos,Chapoteos_4_oct,Chapoteos_29_nov,facebook,Clics en link,Clics en link,38,2.79020979,3202,3367,0,38,3377,76,40,0,0,0,0,0,0.0
2025-02-23,Post_chapoteos,Chapoteos_4_oct,Chapoteos_29_nov,facebook,Clics en link,Clics en link,50,4.06,4000,4369,0,50,4373,82,58,0,0,0,0,0,0.0
2025-02-23,Post_chapoteos,Chapoteos_4_oct,Chapoteos_29_nov,messenger,Clics en link,Clics en link,0,0.0,0,1,0,0,1,0,0,0,0,0,0,0,0.0
2025-02-23,Post_chapoteos,Chapoteos_4_oct,Copia_chapoteos,facebook,Clics en link,Clics en link,7,0.78,886,919,0,7,919,13,8,0,0,0,0,0,0.0
2025-01-30,Post_chapoteos,Chapoteos_4_oct,Copia_chapoteos,facebook,Clics en link,Clics en link,22,1.38,1413,1463,0,22,1466,38,23,0,0,0,0,0,0.0
2025-02-23,Post_chapoteos,Chapoteos_4_oct,Copia_chapoteos,instagram,Clics en link,Clics en link,1,0.01,12,12,0,1,12,1,1,0,0,0,0,0,0.0
2025-02-23,Post_chapoteos,Chapoteos_4_oct,Copia_chapoteos,audience_network,Clics en link,Clics en link,4,0.29,360,952,0,4,0,4,4,0,0,0,0,0,0.0
2025-02-22,Post_chapoteos,Chapoteos_4_oct,Chapoteos_29_nov,facebook,Clics en link,Clics en link,36,4.34,4259,4545,0,36,4547,69,45,0,0,0,0,0,0.0
2025-02-22,Post_chapoteos,Chapoteos_4_oct,Chapoteos_29_nov,audience_network,Clics en link,Clics en link,5,0.35,708,1858,0,5,0,5,5,0,0,0,0,0,0.0
2025-02-22,Post_chapoteos,Chapoteos_4_oct,Chapoteos_29_nov,instagram,Clics en link,Clics en link,0,0.09,6,21,0,0,21,2,0,0,2,0,0,0,0.0
2025-02-22,Post_chapoteos,Chapoteos_4_oct,Chapoteos_29_nov,messenger,Clics en link,Clics en link,0,0.0,0,1,0,0,1,0,0,0,0,0,0,0,0.0
2025-02-22,Post_chapoteos,Chapoteos_4_oct,Copia_chapoteos,facebook,Clics en link,Clics en link,5,1.11,1042,1102,0,5,1103,9,5,0,0,0,0,0,0.0
2025-02-22,Post_chapoteos,Chapoteos_4_oct,Copia_chapoteos,audience_network,Clics en link,Clics en link,1,0.1,223,540,0,1,0,1,1,0,0,0,0,0,0.0
2025-01-30,Post_chapoteos,Chapoteos_4_oct,Copia_chapoteos,instagram,Clics en link,Clics en link,0,0.06,19,19,0,0,19,0,0,0,0,0,0,0,0.0
2025-01-30,Post_chapoteos,Chapoteos_4_oct,Copia_chapoteos,messenger,Clics en link,Clics en link,0,0.0,1,1,0,0,1,0,0,0,0,0,0,0,0.0
2025-02-20,Post_chapoteos,Chapoteos_4_oct,Copia_chapoteos,messenger,Clics en link,Clics en link,0,0.0,2,2,0,0,2,0,0,0,0,0,0,0,0.0
2025-01-31,Post_chapoteos,Chapoteos_4_oct,Copia_chapoteos,facebook,Clics en link,Clics en link,8,1.3,1176,1208,0,8,1209,21,9,0,0,0,0,0,0.0
2025-02-18,Post_chapoteos,Chapoteos_4_oct,Chapoteos_29_nov,instagram,Clics en link,Clics en link,3,0.13,21,22,0,3,22,3,3,0,0,0,0,0,0.0
2025-02-18,Post_chapoteos,Chapoteos_4_oct,Copia_chapoteos,audience_network,Clics en link,Clics en link,0,0.03,52,102,0,0,0,0,0,0,0,0,0,0,0.0
2025-02-01,Post_chapoteos,Chapoteos_4_oct,Copia_chapoteos,facebook,Clics en link,Clics en link,11,1.08,1216,1259,0,11,1259,23,11,0,0,0,0,0,0.0
2025-02-01,Post_chapoteos,Chapoteos_4_oct,Chapoteos_29_nov,messenger,Clics en link,Clics en link,0,0.0,1,1,0,0,1,0,0,0,0,0,0,0,0.0
2025-02-01,Post_chapoteos,Chapoteos_4_oct,Chapoteos_29_nov,audience_network,Clics en link,Clics en link,1,0.03,137,365,0,1,0,1,1,0,0,0,0,0,0.0
2025-02-01,Post_chapoteos,Chapoteos_4_oct,Chapoteos_29_nov,facebook,Clics en link,Clics en link,28,2.54,2765,2915,0,28,2917,78,31,0,0,0,0,0,0.0
2025-02-01,Post_chapoteos,Chapoteos_4_oct,Chapoteos_29_nov,instagram,Clics en link,Clics en link,12,0.59,184,187,0,12,187,13,12,0,1,0,0,0,0.0
2025-02-18,Post_chapoteos,Chapoteos_4_oct,Chapoteos_29_nov,facebook,Clics en link,Clics en link,37,3.31,3512,3689,0,37,3695,55,40,0,0,0,0,0,0.0
2025-02-18,Post_chapoteos,Chapoteos_4_oct,Chapoteos_29_nov,audience_network,Clics en link,Clics en link,4,0.27,487,1221,0,4,0,4,4,0,0,0,0,0,0.0
2025-02-18,Post_chapoteos,Chapoteos_4_oct,Chapoteos_29_nov,messenger,Clics en link,Clics en link,0,0.0,3,3,0,0,3,0,0,0,0,0,0,0,0.0
2025-02-18,Post_chapoteos,Chapoteos_4_oct,Copia_chapoteos,facebook,Clics en link,Clics en link,14,1.16,1107,1148,0,14,1149,25,15,0,0,0,0,0,0.0
2025-02-18,Post_chapoteos,Chapoteos_4_oct,Copia_chapoteos,instagram,Clics en link,Clics en link,0,0.04,12,12,0,0,12,0,0,0,0,0,0,0,0.0
2025-02-01,Post_chapoteos,Chapoteos_4_oct,Copia_chapoteos,audience_network,Clics en link,Clics en link,0,0.0,61,142,0,0,0,0,0,0,0,0,0,0,0.0
2025-02-17,Post_chapoteos,Chapoteos_4_oct,Chapoteos_29_nov,facebook,Clics en link,Clics en link,30,2.81,3275,3408,0,30,3412,54,35,0,0,0,0,0,0.0
2025-02-17,Post_chapoteos,Chapoteos_4_oct,Chapoteos_29_nov,audience_network,Clics en link,Clics en link,2,0.16,306,821,0,2,0,2,2,0,0,0,0,0,0.0
2025-02-17,Post_chapoteos,Chapoteos_4_oct,Chapoteos_29_nov,instagram,Clics en link,Clics en link,0,0.09,27,27,0,0,27,0,0,0,0,0,0,0,0.0
2025-02-17,Post_chapoteos,Chapoteos_4_oct,Chapoteos_29_nov,messenger,Clics en link,Clics en link,0,0.0,2,2,0,0,2,0,0,0,0,0,0,0,0.0
2025-02-17,Post_chapoteos,Chapoteos_4_oct,Copia_chapoteos,facebook,Clics en link,Clics en link,8,0.84,925,947,0,8,949,11,8,0,0,0,0,0,0.0
2025-02-17,Post_chapoteos,Chapoteos_4_oct,Copia_chapoteos,audience_network,Clics en link,Clics en link,2,0.02,150,424,0,2,0,2,2,0,0,0,0,0,0.0
2025-02-17,Post_chapoteos,Chapoteos_4_oct,Copia_chapoteos,instagram,Clics en link,Clics en link,0,0.08,18,18,0,0,18,0,0,0,0,0,0,0,0.0
2025-02-02,Post_chapoteos,Chapoteos_4_oct,Copia_chapoteos,audience_network,Clics en link,Clics en link,0,0.05,66,171,0,0,0,0,0,0,0,0,0,0,0.0
2025-02-02,Post_chapoteos,Chapoteos_4_oct,Copia_chapoteos,instagram,Clics en link,Clics en link,2,0.06,25,25,0,2,25,2,2,0,0,0,0,0,0.0
2025-02-02,Post_chapoteos,Chapoteos_4_oct,Copia_chapoteos,facebook,Clics en link,Clics en link,9,0.96,1150,1188,0,9,1188,31,9,0,0,0,0,0,0.0
2025-02-01,Post_chapoteos,Chapoteos_4_oct,Copia_chapoteos,instagram,Clics en link,Clics en link,2,0.15,33,33,0,2,33,2,2,0,0,0,0,0,0.0
2025-02-07,Post_chapoteos,Chapoteos_4_oct,Copia_chapoteos,audience_network,Clics en link,Clics en link,1,0.01,44,98,0,1,0,1,1,0,0,0,0,0,0.0
2025-02-19,Post_chapoteos,Chapoteos_4_oct,Chapoteos_29_nov,facebook,Clics en link,Clics en link,29,4.16,4453,4612,0,29,4617,57,30,0,0,0,0,0,0.0
2025-02-19,Post_chapoteos,Chapoteos_4_oct,Chapoteos_29_nov,audience_network,Clics en link,Clics en link,7,0.32,576,1599,0,7,0,7,7,0,0,0,0,0,0.0
2025-02-19,Post_chapoteos,Chapoteos_4_oct,Copia_chapoteos,instagram,Clics en link,Clics en link,1,0.05,8,8,0,1,8,1,1,0,0,0,0,0,0.0
2025-02-19,Post_chapoteos,Chapoteos_4_oct,Chapoteos_29_nov,messenger,Clics en link,Clics en link,0,0.0,4,4,0,0,4,0,0,0,0,0,0,0,0.0
2025-02-19,Post_chapoteos,Chapoteos_4_oct,Copia_chapoteos,facebook,Clics en link,Clics en link,10,1.12,1189,1219,0,10,1220,19,10,0,0,0,0,0,0.0
2025-02-19,Post_chapoteos,Chapoteos_4_oct,Copia_chapoteos,audience_network,Clics en link,Clics en link,2,0.09,550,1491,0,2,0,2,2,0,0,0,0,0,0.0
2025-02-19,Post_chapoteos,Chapoteos_4_oct,Chapoteos_29_nov,instagram,Clics en link,Clics en link,3,0.18,34,40,0,3,40,4,3,0,0,0,0,0,0.0
2025-02-22,Matronatacion_conversion,Matro_intereses_conversion,Video_matro,instagram,Leads,Leads de sitio web,1,12.74231462,3584,3664,0,45,4028,66,861,0,21,1,1,0,0.0
2025-02-22,Matronatacion_conversion,Matro_intereses_conversion,Video_matro,facebook,Leads,Leads de sitio web,2,1.66768538,621,643,0,11,677,24,173,0,0,2,2,0,0.0
2025-02-15,Matronatacion_conversion,Matro_intereses_conversion,Video_matro,messenger,Leads,Leads de sitio web,0,0.0,2,3,0,0,0,0,0,0,0,0,0,0,0.0
2025-02-15,Matronatacion_conversion,Matro_intereses_conversion,Video_matro,instagram,Leads,Leads de sitio web,4,20.41084305,6084,6271,0,93,7045,140,1612,0,47,4,4,0,0.0
2025-02-15,Matronatacion_conversion,Matro_intereses_conversion,Video_matro,facebook,Leads,Leads de sitio web,0,1.87915695,713,737,0,9,757,13,175,0,0,0,0,0,0.0
2025-02-10,Matronatacion_conversion,Matro_intereses_conversion,Video_matro,instagram,Leads,Leads de sitio web,2,17.77,5976,6065,0,93,6735,135,1448,0,42,2,2,0,0.0
2025-02-17,Matronatacion_conversion,Matro_intereses_conversion,Video_matro,instagram,Leads,Leads de sitio web,4,26.64423947,7713,7905,0,122,8875,182,1876,0,60,4,4,0,0.0
2025-02-19,Matronatacion_conversion,Matro_intereses_conversion,Video_matro,messenger,Leads,Leads de sitio web,0,0.0,0,1,0,0,0,0,0,0,0,0,0,0,0.0
2025-02-19,Matronatacion_conversion,Matro_intereses_conversion,Video_matro,audience_network,Leads,Leads de sitio web,0,0.0,2,2,0,0,2,0,2,0,0,0,0,0,0.0
2025-02-07,Matronatacion_conversion,Matro_intereses_conversion,Video_matro,facebook,Leads,Leads de sitio web,0,1.30929796,463,514,0,4,509,9,105,0,0,0,0,0,0.0
2025-02-07,Matronatacion_conversion,Matro_intereses_conversion,Video_matro,instagram,Leads,Leads de sitio web,9,17.34070204,4737,4737,0,86,5294,128,1200,0,42,9,9,0,0.0
2025-02-12,Matronatacion_conversion,Matro_intereses_conversion,Video_matro,instagram,Leads,Leads de sitio web,0,22.68163614,6818,6976,0,121,7741,173,2139,0,47,0,0,0,0.0
2025-02-23,Matronatacion_conversion,Matro_intereses_conversion,Video_matro,instagram,Leads,Leads de sitio web,8,16.52,4410,4533,0,75,4973,101,1073,0,26,8,8,0,0.0
2025-02-19,Matronatacion_conversion,Matro_intereses_conversion,Video_matro,facebook,Leads,Leads de sitio web,0,1.75690141,765,810,0,11,814,21,198,0,0,0,0,0,0.0
2025-02-19,Matronatacion_conversion,Matro_intereses_conversion,Video_matro,instagram,Leads,Leads de sitio web,10,20.92309859,5575,5816,0,108,6340,154,1566,0,45,10,10,0,0.0
2025-02-16,Matronatacion_conversion,Matro_intereses_conversion,Video_matro,facebook,Leads,Leads de sitio web,0,3.4,1460,1646,0,12,1640,25,402,0,0,0,0,0,0.0
2025-02-16,Matronatacion_conversion,Matro_intereses_conversion,Video_matro,instagram,Leads,Leads de sitio web,4,23.18,7469,7577,0,117,8354,176,1819,0,62,4,4,0,0.0
2025-02-08,Matronatacion_conversion,Matro_intereses_conversion,Video_matro,instagram,Leads,Leads de sitio web,2,17.27,5236,5344,0,95,5935,132,1333,0,33,2,2,0,0.0
2025-02-17,Matronatacion_conversion,Matro_intereses_conversion,Video_matro,facebook,Leads,Leads de sitio web,2,2.02576053,754,769,0,13,798,23,185,0,0,2,2,0,0.0
2025-02-21,Matronatacion_conversion,Matro_intereses_conversion,Video_matro,facebook,Leads,Leads de sitio web,0,1.33,482,502,0,6,515,11,122,1,0,0,0,0,0.0
2025-02-18,Matronatacion_conversion,Matro_intereses_conversion,Video_matro,facebook,Leads,Leads de sitio web,0,1.4,552,620,0,6,637,21,125,0,0,0,0,0,0.0
2025-02-18,Matronatacion_conversion,Matro_intereses_conversion,Video_matro,instagram,Leads,Leads de sitio web,4,18.66,5301,5428,0,81,5992,127,1377,0,45,4,4,0,0.0
2025-02-18,Matronatacion_conversion,Matro_intereses_conversion,Video_matro,messenger,Leads,Leads de sitio web,0,0.0,2,2,0,0,0,0,0,0,0,0,0,0,0.0
2025-02-20,Matronatacion_conversion,Matro_intereses_conversion,Video_matro,facebook,Leads,Leads de sitio web,0,1.64509512,652,682,0,2,699,13,155,0,0,0,0,0,0.0
2025-02-21,Matronatacion_conversion,Matro_intereses_conversion,Video_matro,instagram,Leads,Leads de sitio web,2,13.13,3402,3493,0,34,3801,52,842,0,15,2,2,0,0.0
2025-02-20,Matronatacion_conversion,Matro_intereses_conversion,Video_matro,instagram,Leads,Leads de sitio web,2,15.12490488,3993,4147,0,54,4582,79,991,0,24,2,2,0,0.0
2025-02-20,Matronatacion_conversion,Matro_intereses_conversion,Video_matro,messenger,Leads,Leads de sitio web,0,0.0,1,1,0,0,0,0,0,0,0,0,0,0,0.0
2025-02-12,Matronatacion_conversion,Matro_intereses_conversion,Video_matro,messenger,Leads,Leads de sitio web,0,0.0,0,1,0,0,0,0,0,0,0,0,0,0,0.0
2025-02-11,Matronatacion_conversion,Matro_intereses_conversion,Video_matro,facebook,Leads,Leads de sitio web,0,1.43,700,714,0,3,713,10,177,0,0,0,0,0,0.0
2025-02-10,Matronatacion_conversion,Matro_intereses_conversion,Video_matro,facebook,Leads,Leads de sitio web,0,1.22,528,573,0,8,579,17,132,0,0,0,0,0,0.0
2025-02-09,Matronatacion_conversion,Matro_intereses_conversion,Video_matro,facebook,Leads,Leads de sitio web,0,0.98,438,469,0,6,482,10,119,0,0,0,0,0,0.0
2025-02-09,Matronatacion_conversion,Matro_intereses_conversion,Video_matro,instagram,Leads,Leads de sitio web,4,22.01,7298,7610,0,138,8554,185,1869,0,48,4,4,0,0.0
2025-02-11,Matronatacion_conversion,Matro_intereses_conversion,Video_matro,instagram,Leads,Leads de sitio web,6,28.41,7864,8112,0,122,8921,182,1852,0,58,6,6,0,0.0
2025-02-14,Matronatacion_conversion,Matro_intereses_conversion,Video_matro,instagram,Leads,Leads de sitio web,4,19.33144248,5927,5947,0,95,6593,149,1546,0,53,4,4,0,0.0
2025-02-14,Matronatacion_conversion,Matro_intereses_conversion,Video_matro,facebook,Leads,Leads de sitio web,0,3.25855752,1399,1464,0,11,1497,37,363,1,0,0,0,0,0.0
2025-02-13,Matronatacion_conversion,Matro_intereses_conversion,Video_matro,facebook,Leads,Leads de sitio web,0,1.61587261,626,755,0,5,748,18,181,0,0,0,0,0,0.0
2025-02-13,Matronatacion_conversion,Matro_intereses_conversion,Video_matro,instagram,Leads,Leads de sitio web,6,21.87412739,6411,6744,0,118,7381,177,1883,0,57,6,6,0,0.0
2025-02-08,Matronatacion_conversion,Matro_intereses_conversion,Video_matro,facebook,Leads,Leads de sitio web,0,1.04,408,468,0,6,500,8,93,0,0,0,0,0,0.0
2025-02-12,Matronatacion_conversion,Matro_intereses_conversion,Video_matro,facebook,Leads,Leads de sitio web,0,1.30836386,478,508,0,5,528,11,129,0,0,0,0,0,0.0
2025-02-23,Matronatacion_conversion,Matro_intereses_conversion,Video_matro,facebook,Leads,Leads de sitio web,3,2.11,694,786,0,10,811,25,184,0,0,3,3,0,0.0
2025-01-29,Matronatacion_conversion,Matro_intereses_conversion,Video_matro,instagram,Leads,Leads de sitio web,3,12.78,3237,3305,0,63,3707,94,838,0,30,3,3,0,0.0
2025-01-30,Matronatacion_conversion,Matro_intereses_conversion,Video_matro,facebook,Leads,Leads de sitio web,0,1.48892419,773,808,0,14,818,28,251,0,0,0,0,0,0.0
2025-01-29,Matronatacion_conversion,Matro_intereses_conversion,Video_matro,facebook,Leads,Leads de sitio web,0,1.59,701,746,0,8,751,30,209,0,0,0,0,0,0.0
2025-02-05,Matronatacion_conversion,Matro_intereses_conversion,Video_matro,instagram,Leads,Leads de sitio web,6,19.69,5518,5568,0,133,6256,211,1411,0,76,6,6,0,0.0
2025-02-05,Matronatacion_conversion,Matro_intereses_conversion,Video_matro,facebook,Leads,Leads de sitio web,2,0.94,436,462,0,7,473,15,110,0,0,2,2,0,0.0
2025-02-01,Matronatacion_conversion,Matro_intereses_conversion,Video_matro,facebook,Leads,Leads de sitio web,0,0.9193677,421,439,0,3,442,6,86,0,0,0,0,0,0.0
2025-02-01,Matronatacion_conversion,Matro_intereses_conversion,Video_matro,instagram,Leads,Leads de sitio web,0,13.6206323,3819,3868,0,58,4360,90,1003,0,32,0,0,0,0.0
2025-02-02,Matronatacion_conversion,Matro_intereses_conversion,Video_matro,instagram,Leads,Leads de sitio web,2,15.94061765,4710,4710,0,89,5325,126,1175,0,37,2,2,0,0.0
2025-02-02,Matronatacion_conversion,Matro_intereses_conversion,Video_matro,facebook,Leads,Leads de sitio web,0,1.04938235,607,610,0,5,667,13,167,0,0,0,0,0,0.0
2025-02-04,Matronatacion_conversion,Matro_intereses_conversion,Video_matro,facebook,Leads,Leads de sitio web,0,0.98,536,582,0,7,600,16,137,0,0,0,0,0,0.0
2025-02-04,Matronatacion_conversion,Matro_intereses_conversion,Video_matro,instagram,Leads,Leads de sitio web,2,19.34,5619,5637,0,108,6339,163,1438,0,56,2,2,0,0.0
2025-02-03,Matronatacion_conversion,Matro_intereses_conversion,Video_matro,facebook,Leads,Leads de sitio web,0,1.21,625,641,0,6,657,15,168,0,0,0,0,0,0.0
2025-02-03,Matronatacion_conversion,Matro_intereses_conversion,Video_matro,instagram,Leads,Leads de sitio web,4,12.76,4114,4170,0,72,4667,112,1106,0,39,4,4,0,0.0
2025-02-06,Matronatacion_conversion,Matro_intereses_conversion,Video_matro,instagram,Leads,Leads de sitio web,6,19.08,5198,5328,0,101,5976,156,1184,0,54,6,6,0,0.0
2025-02-06,Matronatacion_conversion,Matro_intereses_conversion,Video_matro,facebook,Leads,Leads de sitio web,0,0.95,432,445,0,6,460,8,91,0,0,0,0,0,0.0
2025-01-30,Matronatacion_conversion,Matro_intereses_conversion,Video_matro,instagram,Leads,Leads de sitio web,9,12.35107581,3193,3225,0,62,3660,90,808,0,29,9,9,0,0.0
2025-01-31,Matronatacion_conversion,Matro_intereses_conversion,Video_matro,instagram,Leads,Leads de sitio web,9,12.44,3431,3482,0,50,3881,82,826,0,32,9,9,0,0.0
2025-01-31,Matronatacion_conversion,Matro_intereses_conversion,Video_matro,facebook,Leads,Leads de sitio web,0,1.44,615,649,0,2,676,12,145,0,0,0,0,0,0.0
2025-01-29,Clientes_potenciales_reel,Clientes_potenciales,Reel_clientes_potenciales,instagram,Leads,Meta leads,1,6.78309257,1660,1709,0,17,1870,34,321,0,18,3,2,1,0.0
2025-01-31,Clientes_potenciales_reel,Clientes_potenciales,Reel_clientes_potenciales,facebook,Leads,Meta leads,0,3.27,1165,1248,0,6,1240,14,220,0,0,0,0,0,0.0
2025-02-02,Clientes_potenciales_reel,Clientes_potenciales,Reel_clientes_potenciales,facebook,Leads,Meta leads,2,4.44,1653,1781,0,6,1751,23,303,0,0,2,0,2,0.0
2025-01-30,Clientes_potenciales_reel,Clientes_potenciales,Reel_clientes_potenciales,facebook,Leads,Meta leads,0,2.76,1201,1293,0,4,1293,17,224,0,0,0,0,0,0.0
2025-01-31,Clientes_potenciales_reel,Clientes_potenciales,Reel_clientes_potenciales,instagram,Leads,Meta leads,0,6.45,1684,1724,0,15,1903,30,343,0,15,0,0,0,0.0
2025-01-30,Clientes_potenciales_reel,Clientes_potenciales,Reel_clientes_potenciales,instagram,Leads,Meta leads,4,6.8,1735,1760,0,17,1915,31,310,0,11,6,2,4,0.0
2025-02-01,Clientes_potenciales_reel,Clientes_potenciales,Reel_clientes_potenciales,facebook,Leads,Meta leads,0,3.03,1246,1338,0,5,1318,32,239,0,0,0,0,0,0.0
2025-01-29,Clientes_potenciales_reel,Clientes_potenciales,Reel_clientes_potenciales,facebook,Leads,Meta leads,0,3.03690743,1215,1337,0,3,1373,21,214,0,0,0,0,0,0.0
2025-02-02,Clientes_potenciales_reel,Clientes_potenciales,Reel_clientes_potenciales,instagram,Leads,Meta leads,0,5.96,1517,1553,0,12,1651,27,301,0,13,0,0,0,0.0
2025-02-01,Clientes_potenciales_reel,Clientes_potenciales,Reel_clientes_potenciales,instagram,Leads,Meta leads,1,7.34,1897,1941,0,18,2115,43,361,0,24,6,5,1,0.0
2025-02-03,Clientes_potenciales_reel,Clientes_potenciales,Reel_clientes_potenciales,instagram,Leads,Meta leads,2,4.38,1173,1210,0,12,1321,24,210,0,9,4,2,2,0.0
2025-02-03,Clientes_potenciales_reel,Clientes_potenciales,Reel_clientes_potenciales,facebook,Leads,Meta leads,3,2.88,1087,1148,0,7,1088,31,191,1,0,3,0,3,0.0
2025-02-03,Centro_villalkor,Clientes_potenciales,Video_villalkor,instagram,Leads,Leads de sitio web,0,8.8710303,1061,1436,0,22,1463,36,444,0,12,0,0,0,0.0
2025-02-02,Centro_villalkor,Clientes_potenciales,Clientes_potenciales,instagram,Leads,Leads de sitio web,0,0.01,12,12,0,0,12,0,0,0,0,0,0,0,0.0
2025-02-04,Centro_villalkor,Clientes_potenciales,Clientes_potenciales,instagram,Leads,Leads de sitio web,0,0.29,56,58,0,0,58,0,0,0,0,0,0,0,0.0
2025-02-03,Centro_villalkor,Clientes_potenciales,Clientes_potenciales,instagram,Leads,Leads de sitio web,0,0.63,145,156,0,3,156,4,3,0,1,0,0,0,0.0
2025-02-03,Centro_villalkor,Clientes_potenciales,Clientes_potenciales,facebook,Leads,Leads de sitio web,0,0.08,25,38,0,0,38,0,0,0,0,0,0,0,0.0
2025-02-03,Centro_villalkor,Clientes_potenciales,Video_villalkor,facebook,Leads,Leads de sitio web,0,1.0189697,146,203,0,6,208,8,50,0,0,0,0,0,0.0
2025-02-04,Centro_villalkor,Clientes_potenciales,Clientes_potenciales,facebook,Leads,Leads de sitio web,0,0.07,21,29,0,0,29,0,0,0,0,0,0,0,0.0
2025-02-04,Centro_villalkor,Clientes_potenciales,Video_villalkor,facebook,Leads,Leads de sitio web,0,0.75807107,143,167,0,1,164,1,24,0,0,0,0,0,0.0
2025-02-04,Centro_villalkor,Clientes_potenciales,Video_villalkor,instagram,Leads,Leads de sitio web,0,3.17192893,351,401,0,3,378,6,107,0,3,0,0,0,0.0
2025-02-02,Centro_villalkor,Clientes_potenciales,Clientes_potenciales,facebook,Leads,Leads de sitio web,0,0.01,2,2,0,0,2,0,0,0,0,0,0,0,0.0
2025-01-31,Aipap_reconocimiento_marca,Aipap_reconocimiento_marca,Reconocimiento_marca_aipap,instagram,Conciencia,Recuerdo anuncio estimado,80,0.37,690,729,80,0,692,0,116,0,0,0,0,0,0.0
2025-02-05,Aipap_reconocimiento_marca,Aipap_reconocimiento_marca,Reconocimiento_marca_aipap,facebook,Conciencia,Recuerdo anuncio estimado,90,2.46,4704,5339,90,5,5185,13,372,0,0,0,0,0,0.0
2025-02-23,Aipap_reconocimiento_marca,Aipap_reconocimiento_marca,Reconocimiento_marca_aipap,facebook,Conciencia,Recuerdo anuncio estimado,80,2.77,4812,5624,80,3,5508,15,351,0,0,0,0,0,0.0
2025-02-23,Aipap_reconocimiento_marca,Aipap_reconocimiento_marca,Reconocimiento_marca_aipap,instagram,Conciencia,Recuerdo anuncio estimado,110,0.47,796,931,110,0,794,1,111,0,1,0,0,0,0.0
2025-01-31,Aipap_reconocimiento_marca,Aipap_reconocimiento_marca,Reconocimiento_marca_aipap,facebook,Conciencia,Recuerdo anuncio estimado,110,2.59,5530,6361,110,5,6234,15,444,0,0,0,0,0,0.0
2025-02-13,Aipap_reconocimiento_marca,Aipap_reconocimiento_marca,Reconocimiento_marca_aipap,instagram,Conciencia,Recuerdo anuncio estimado,100,0.34,703,752,100,3,621,4,94,0,1,0,0,0,0.0
2025-02-05,Aipap_reconocimiento_marca,Aipap_reconocimiento_marca,Reconocimiento_marca_aipap,instagram,Conciencia,Recuerdo anuncio estimado,130,0.43,910,916,130,0,782,2,145,0,2,0,0,0,0.0
2025-02-13,Aipap_reconocimiento_marca,Aipap_reconocimiento_marca,Reconocimiento_marca_aipap,facebook,Conciencia,Recuerdo anuncio estimado,80,2.55,4026,4646,80,3,4562,10,298,0,0,0,0,0,0.0
2025-02-03,Aipap_reconocimiento_marca,Aipap_reconocimiento_marca,Reconocimiento_marca_aipap,facebook,Conciencia,Recuerdo anuncio estimado,110,2.31,5476,6469,110,3,6307,10,429,0,0,0,0,0,0.0
2025-01-29,Aipap_reconocimiento_marca,Aipap_reconocimiento_marca,Reconocimiento_marca_aipap,facebook,Conciencia,Recuerdo anuncio estimado,110,2.6,5472,6297,110,5,6145,16,414,0,0,0,0,0,0.0
2025-02-15,Aipap_reconocimiento_marca,Aipap_reconocimiento_marca,Reconocimiento_marca_aipap,facebook,Conciencia,Recuerdo anuncio estimado,70,2.72,4895,5763,70,4,5713,9,370,0,0,0,0,0,0.0
2025-02-10,Aipap_reconocimiento_marca,Aipap_reconocimiento_marca,Reconocimiento_marca_aipap,instagram,Conciencia,Recuerdo anuncio estimado,100,0.27,778,778,100,0,687,3,99,0,3,0,0,0,0.0
2025-02-10,Aipap_reconocimiento_marca,Aipap_reconocimiento_marca,Reconocimiento_marca_aipap,facebook,Conciencia,Recuerdo anuncio estimado,90,2.71,5168,5915,90,6,5825,14,382,0,0,0,0,0,0.0
2025-02-15,Aipap_reconocimiento_marca,Aipap_reconocimiento_marca,Reconocimiento_marca_aipap,instagram,Conciencia,Recuerdo anuncio estimado,90,0.47,624,716,90,1,614,1,86,0,0,0,0,0,0.0
2025-02-03,Aipap_reconocimiento_marca,Aipap_reconocimiento_marca,Reconocimiento_marca_aipap,instagram,Conciencia,Recuerdo anuncio estimado,170,0.62,1122,1265,170,0,1060,0,156,0,0,0,0,0,0.0
2025-02-04,Aipap_reconocimiento_marca,Aipap_reconocimiento_marca,Reconocimiento_marca_aipap,facebook,Conciencia,Recuerdo anuncio estimado,90,2.43,4917,5494,90,2,5341,11,381,0,0,0,0,0,0.0
2025-02-04,Aipap_reconocimiento_marca,Aipap_reconocimiento_marca,Reconocimiento_marca_aipap,instagram,Conciencia,Recuerdo anuncio estimado,170,0.43,1118,1232,170,0,1051,1,170,0,1,0,0,0,0.0
2025-02-02,Aipap_reconocimiento_marca,Aipap_reconocimiento_marca,Reconocimiento_marca_aipap,instagram,Conciencia,Recuerdo anuncio estimado,170,0.6,1218,1307,170,1,1158,2,187,0,1,0,0,0,0.0
2025-02-20,Aipap_reconocimiento_marca,Aipap_reconocimiento_marca,Reconocimiento_marca_aipap,facebook,Conciencia,Recuerdo anuncio estimado,60,2.47,3989,4587,60,3,4504,10,322,0,0,0,0,0,0.0
2025-02-14,Aipap_reconocimiento_marca,Aipap_reconocimiento_marca,Reconocimiento_marca_aipap,facebook,Conciencia,Recuerdo anuncio estimado,80,2.65,4286,4993,80,0,4924,7,324,0,0,0,0,0,0.0
2025-02-14,Aipap_reconocimiento_marca,Aipap_reconocimiento_marca,Reconocimiento_marca_aipap,instagram,Conciencia,Recuerdo anuncio estimado,60,0.32,489,521,60,1,456,1,83,0,0,0,0,0,0.0
2025-02-11,Aipap_reconocimiento_marca,Aipap_reconocimiento_marca,Reconocimiento_marca_aipap,facebook,Conciencia,Recuerdo anuncio estimado,80,2.68,4704,5355,80,3,5265,12,365,0,0,0,0,0,0.0
2025-02-11,Aipap_reconocimiento_marca,Aipap_reconocimiento_marca,Reconocimiento_marca_aipap,instagram,Conciencia,Recuerdo anuncio estimado,70,0.18,568,637,70,2,529,2,78,0,0,0,0,0,0.0
2025-02-12,Aipap_reconocimiento_marca,Aipap_reconocimiento_marca,Reconocimiento_marca_aipap,instagram,Conciencia,Recuerdo anuncio estimado,80,0.38,624,660,80,0,550,1,95,0,1,0,0,0,0.0
2025-02-09,Aipap_reconocimiento_marca,Aipap_reconocimiento_marca,Reconocimiento_marca_aipap,instagram,Conciencia,Recuerdo anuncio estimado,100,0.38,822,893,100,0,786,1,122,0,1,0,0,0,0.0
2025-02-02,Aipap_reconocimiento_marca,Aipap_reconocimiento_marca,Reconocimiento_marca_aipap,facebook,Conciencia,Recuerdo anuncio estimado,130,2.63,6508,7709,130,1,7563,11,450,0,0,0,0,0,0.0
2025-02-21,Aipap_reconocimiento_marca,Aipap_reconocimiento_marca,Reconocimiento_marca_aipap,instagram,Conciencia,Recuerdo anuncio estimado,80,0.39,598,644,80,0,536,0,87,0,0,0,0,0,0.0
2025-02-17,Aipap_reconocimiento_marca,Aipap_reconocimiento_marca,Reconocimiento_marca_aipap,instagram,Conciencia,Recuerdo anuncio estimado,90,0.39,658,748,90,0,634,1,86,0,1,0,0,0,0.0
2025-02-08,Aipap_reconocimiento_marca,Aipap_reconocimiento_marca,Reconocimiento_marca_aipap,facebook,Conciencia,Recuerdo anuncio estimado,80,2.66,4574,5561,80,6,5443,11,365,0,0,0,0,0,0.0
2025-02-08,Aipap_reconocimiento_marca,Aipap_reconocimiento_marca,Reconocimiento_marca_aipap,instagram,Conciencia,Recuerdo anuncio estimado,130,0.55,930,1080,130,0,948,0,146,0,0,0,0,0,0.0
2025-02-06,Aipap_reconocimiento_marca,Aipap_reconocimiento_marca,Reconocimiento_marca_aipap,instagram,Conciencia,Recuerdo anuncio estimado,100,0.46,786,839,100,1,723,2,128,0,1,0,0,0,0.0
2025-02-06,Aipap_reconocimiento_marca,Aipap_reconocimiento_marca,Reconocimiento_marca_aipap,facebook,Conciencia,Recuerdo anuncio estimado,90,2.44,4493,5184,90,4,5075,12,336,0,0,0,0,0,0.0
2025-02-19,Aipap_reconocimiento_marca,Aipap_reconocimiento_marca,Reconocimiento_marca_aipap,facebook,Conciencia,Recuerdo anuncio estimado,60,2.47,3974,4563,60,2,4473,11,300,0,0,0,0,0,0.0
2025-02-19,Aipap_reconocimiento_marca,Aipap_reconocimiento_marca,Reconocimiento_marca_aipap,instagram,Conciencia,Recuerdo anuncio estimado,80,0.37,618,652,80,0,560,0,93,0,0,0,0,0,0.0
2025-01-30,Aipap_reconocimiento_marca,Aipap_reconocimiento_marca,Reconocimiento_marca_aipap,facebook,Conciencia,Recuerdo anuncio estimado,120,2.61,5603,6508,120,4,6341,21,459,0,0,0,0,0,0.0
2025-02-01,Aipap_reconocimiento_marca,Aipap_reconocimiento_marca,Reconocimiento_marca_aipap,facebook,Conciencia,Recuerdo anuncio estimado,120,2.88,6258,7183,120,2,7106,12,466,0,0,0,0,0,0.0
2025-02-21,Aipap_reconocimiento_marca,Aipap_reconocimiento_marca,Reconocimiento_marca_aipap,facebook,Conciencia,Recuerdo anuncio estimado,60,2.6,3998,4613,60,6,4501,17,363,0,0,0,0,0,0.0
2025-02-01,Aipap_reconocimiento_marca,Aipap_reconocimiento_marca,Reconocimiento_marca_aipap,instagram,Conciencia,Recuerdo anuncio estimado,110,0.32,836,905,110,0,821,0,127,0,0,0,0,0,0.0
2025-02-18,Aipap_reconocimiento_marca,Aipap_reconocimiento_marca,Reconocimiento_marca_aipap,instagram,Conciencia,Recuerdo anuncio estimado,80,0.42,570,704,80,0,574,0,92,0,0,0,0,0,0.0
2025-02-18,Aipap_reconocimiento_marca,Aipap_reconocimiento_marca,Reconocimiento_marca_aipap,facebook,Conciencia,Recuerdo anuncio estimado,70,2.44,4416,5084,70,1,4987,9,337,0,0,0,0,0,0.0
2025-02-07,Aipap_reconocimiento_marca,Aipap_reconocimiento_marca,Reconocimiento_marca_aipap,facebook,Conciencia,Recuerdo anuncio estimado,80,2.53,4323,5074,80,4,4987,11,325,0,0,0,0,0,0.0
2025-02-07,Aipap_reconocimiento_marca,Aipap_reconocimiento_marca,Reconocimiento_marca_aipap,instagram,Conciencia,Recuerdo anuncio estimado,100,0.45,774,845,100,0,746,0,120,0,0,0,0,0,0.0
2025-01-30,Aipap_reconocimiento_marca,Aipap_reconocimiento_marca,Reconocimiento_marca_aipap,instagram,Conciencia,Recuerdo anuncio estimado,90,0.34,738,794,90,0,709,0,129,0,0,0,0,0,0.0
2025-02-17,Aipap_reconocimiento_marca,Aipap_reconocimiento_marca,Reconocimiento_marca_aipap,facebook,Conciencia,Recuerdo anuncio estimado,80,2.59,4905,5624,80,6,5512,13,358,0,0,1,1,0,0.0
2025-02-12,Aipap_reconocimiento_marca,Aipap_reconocimiento_marca,Reconocimiento_marca_aipap,facebook,Conciencia,Recuerdo anuncio estimado,80,2.47,4347,4981,80,4,4865,7,344,0,0,0,0,0,0.0
2025-02-22,Aipap_reconocimiento_marca,Aipap_reconocimiento_marca,Reconocimiento_marca_aipap,facebook,Conciencia,Recuerdo anuncio estimado,70,2.84,4305,5041,70,3,4923,12,332,0,0,0,0,0,0.0
2025-02-20,Aipap_reconocimiento_marca,Aipap_reconocimiento_marca,Reconocimiento_marca_aipap,instagram,Conciencia,Recuerdo anuncio estimado,80,0.41,615,650,80,1,541,2,98,0,1,0,0,0,0.0
2025-02-09,Aipap_reconocimiento_marca,Aipap_reconocimiento_marca,Reconocimiento_marca_aipap,facebook,Conciencia,Recuerdo anuncio estimado,90,2.87,5714,6706,90,4,6628,19,442,0,0,0,0,0,0.0
2025-02-16,Aipap_reconocimiento_marca,Aipap_reconocimiento_marca,Reconocimiento_marca_aipap,instagram,Conciencia,Recuerdo anuncio estimado,100,0.39,732,782,100,1,639,1,102,0,0,0,0,0,0.0
2025-02-16,Aipap_reconocimiento_marca,Aipap_reconocimiento_marca,Reconocimiento_marca_aipap,facebook,Conciencia,Recuerdo anuncio estimado,80,2.86,5451,6410,80,3,6277,13,440,0,0,0,0,0,0.0
2025-01-29,Aipap_reconocimiento_marca,Aipap_reconocimiento_marca,Reconocimiento_marca_aipap,instagram,Conciencia,Recuerdo anuncio estimado,130,0.22,952,1036,130,1,906,4,149,0,3,0,0,0,0.0
2025-02-22,Aipap_reconocimiento_marca,Aipap_reconocimiento_marca,Reconocimiento_marca_aipap,instagram,Conciencia,Recuerdo anuncio estimado,90,0.35,685,742,90,0,608,0,115,0,0,0,0,0,0.0
2025-02-23,Redes_seguidores,Natacion_bebes_chapoteos,Natacion_bebes_chapoteos,facebook,Engagement,Follows o likes,8,7.47,5884,6621,0,10,6626,58,33,8,0,0,0,0,0.0
2025-02-11,Redes_seguidores,Natacion_bebes_chapoteos,Natacion_bebes_chapoteos,facebook,Engagement,Follows o likes,6,6.64,4407,4989,0,14,4995,66,37,6,0,0,0,0,0.0
2025-02-20,Redes_seguidores,Natacion_bebes_chapoteos,Natacion_bebes_chapoteos,facebook,Engagement,Follows o likes,9,6.69,4697,5520,0,9,5534,44,25,9,0,0,0,0,0.0
2025-02-07,Redes_seguidores,Natacion_bebes_chapoteos,Natacion_bebes_chapoteos,facebook,Engagement,Follows o likes,7,6.64,4167,4559,0,11,4569,51,32,7,0,0,0,0,0.0
2025-02-12,Redes_seguidores,Natacion_bebes_chapoteos,Natacion_bebes_chapoteos,facebook,Engagement,Follows o likes,5,6.85,4444,5140,0,7,5148,43,24,5,0,0,0,0,0.0
2025-02-04,Redes_seguidores,Natacion_bebes_chapoteos,Natacion_bebes_chapoteos,facebook,Engagement,Follows o likes,6,6.92,3881,4300,0,7,4305,37,29,6,0,0,0,0,0.0
2025-02-16,Redes_seguidores,Natacion_bebes_chapoteos,Natacion_bebes_chapoteos,facebook,Engagement,Follows o likes,8,7.68,5612,6916,0,14,6925,55,33,8,0,0,0,0,0.0
2025-02-15,Redes_seguidores,Natacion_bebes_chapoteos,Natacion_bebes_chapoteos,facebook,Engagement,Follows o likes,7,6.79,4570,5546,0,8,5555,40,28,7,0,0,0,0,0.0
2025-02-03,Redes_seguidores,Natacion_bebes_chapoteos,Natacion_bebes_chapoteos,facebook,Engagement,Follows o likes,10,7.08,4502,5017,0,13,5023,63,38,10,0,0,0,0,0.0
2025-02-18,Redes_seguidores,Natacion_bebes_chapoteos,Natacion_bebes_chapoteos,facebook,Engagement,Follows o likes,4,6.92,5463,7220,0,7,7234,42,25,4,0,0,0,0,0.0
2025-02-01,Redes_seguidores,Natacion_bebes_chapoteos,Natacion_bebes_chapoteos,facebook,Engagement,Follows o likes,8,6.96,4087,4587,0,12,4590,56,38,8,0,0,0,0,0.0
2025-02-09,Redes_seguidores,Natacion_bebes_chapoteos,Natacion_bebes_chapoteos,facebook,Engagement,Follows o likes,6,7.8,4252,4804,0,13,4813,51,31,6,0,0,0,0,0.0
2025-02-17,Redes_seguidores,Natacion_bebes_chapoteos,Natacion_bebes_chapoteos,facebook,Engagement,Follows o likes,6,6.99,5414,7178,0,5,7189,39,25,6,0,0,0,0,0.0
2025-02-14,Redes_seguidores,Natacion_bebes_chapoteos,Natacion_bebes_chapoteos,facebook,Engagement,Follows o likes,6,6.85,4587,5739,0,6,5750,38,24,6,0,0,0,0,0.0
2025-02-08,Redes_seguidores,Natacion_bebes_chapoteos,Natacion_bebes_chapoteos,facebook,Engagement,Follows o likes,6,6.8,3826,4387,0,10,4396,65,33,6,0,0,0,0,0.0
2025-02-19,Redes_seguidores,Natacion_bebes_chapoteos,Natacion_bebes_chapoteos,facebook,Engagement,Follows o likes,6,6.65,4932,6122,0,4,6128,39,16,6,0,0,0,0,0.0
2025-02-22,Redes_seguidores,Natacion_bebes_chapoteos,Natacion_bebes_chapoteos,facebook,Engagement,Follows o likes,6,7.05,4677,5149,0,19,5153,66,40,6,0,0,0,0,0.0
2025-02-21,Redes_seguidores,Natacion_bebes_chapoteos,Natacion_bebes_chapoteos,facebook,Engagement,Follows o likes,14,6.93,4997,6345,0,16,6363,58,41,14,0,0,0,0,0.0
2025-02-05,Redes_seguidores,Natacion_bebes_chapoteos,Natacion_bebes_chapoteos,facebook,Engagement,Follows o likes,12,6.95,3671,4020,0,8,4024,55,36,12,0,0,0,0,0.0
2025-01-29,Redes_seguidores,Natacion_bebes_chapoteos,Natacion_bebes_chapoteos,facebook,Engagement,Follows o likes,9,6.78,3777,4213,0,9,4216,47,28,9,0,0,0,0,0.0
2025-02-13,Redes_seguidores,Natacion_bebes_chapoteos,Natacion_bebes_chapoteos,facebook,Engagement,Follows o likes,7,6.69,4482,5478,0,12,5481,45,26,7,0,0,0,0,0.0
2025-01-31,Redes_seguidores,Natacion_bebes_chapoteos,Natacion_bebes_chapoteos,facebook,Engagement,Follows o likes,4,6.81,4019,4502,0,12,4511,58,32,4,0,0,0,0,0.0
2025-02-06,Redes_seguidores,Natacion_bebes_chapoteos,Natacion_bebes_chapoteos,facebook,Engagement,Follows o likes,8,6.74,2793,3099,0,9,3101,32,22,8,0,0,0,0,0.0
2025-01-30,Redes_seguidores,Natacion_bebes_chapoteos,Natacion_bebes_chapoteos,facebook,Engagement,Follows o likes,8,6.72,4028,4546,0,15,4551,62,41,8,0,0,0,0,0.0
2025-02-02,Redes_seguidores,Natacion_bebes_chapoteos,Natacion_bebes_chapoteos,facebook,Engagement,Follows o likes,8,7.83,4568,5234,0,14,5241,53,30,8,0,0,0,0,0.0
2025-02-10,Redes_seguidores,Natacion_bebes_chapoteos,Natacion_bebes_chapoteos,facebook,Engagement,Follows o likes,12,7.3,3935,4453,0,8,4460,55,37,12,0,0,0,0,0.0
2025-02-13,Reconocimiento_marca,Reconocimiento_marca,Reconocimiento_marca,facebook,Conciencia,Recuerdo anuncio estimado,300,6.98,13823,17259,300,41,17262,53,48,0,0,0,0,0,0.0
2025-02-13,Reconocimiento_marca,Reconocimiento_marca,Reconocimiento_marca,instagram,Conciencia,Recuerdo anuncio estimado,30,0.05,260,278,30,0,278,0,0,0,0,0,0,0,0.0
2025-02-20,Reconocimiento_marca,Reconocimiento_marca,Reconocimiento_marca,instagram,Conciencia,Recuerdo anuncio estimado,10,0.03,80,82,10,0,82,0,1,0,0,0,0,0,0.0
2025-02-20,Reconocimiento_marca,Reconocimiento_marca,Reconocimiento_marca,facebook,Conciencia,Recuerdo anuncio estimado,350,6.75,12164,15922,350,31,15925,38,35,0,0,0,0,0,0.0
2025-02-22,Reconocimiento_marca,Reconocimiento_marca,Reconocimiento_marca,facebook,Conciencia,Recuerdo anuncio estimado,380,7.33,14350,18199,380,27,18203,36,30,0,0,0,0,0,0.0
2025-02-03,Reconocimiento_marca,Reconocimiento_marca,Reconocimiento_marca,facebook,Conciencia,Recuerdo anuncio estimado,310,6.5,18195,22576,310,41,22587,64,51,0,0,0,0,0,0.0
2025-02-16,Reconocimiento_marca,Reconocimiento_marca,Reconocimiento_marca,facebook,Conciencia,Recuerdo anuncio estimado,400,7.46,18777,23422,400,52,23427,61,58,0,0,0,0,0,0.0
2025-02-18,Reconocimiento_marca,Reconocimiento_marca,Reconocimiento_marca,facebook,Conciencia,Recuerdo anuncio estimado,380,6.76,14497,18245,380,40,18251,52,48,0,0,0,0,0,0.0
2025-02-18,Reconocimiento_marca,Reconocimiento_marca,Reconocimiento_marca,instagram,Conciencia,Recuerdo anuncio estimado,10,0.03,72,78,10,0,81,0,1,0,0,0,0,0,0.0
2025-02-01,Reconocimiento_marca,Reconocimiento_marca,Reconocimiento_marca,instagram,Conciencia,Recuerdo anuncio estimado,10,0.02,148,156,10,0,156,0,0,0,0,0,0,0,0.0
2025-02-01,Reconocimiento_marca,Reconocimiento_marca,Reconocimiento_marca,facebook,Conciencia,Recuerdo anuncio estimado,330,7.35,18011,23299,330,39,23314,56,45,0,0,0,0,0,0.0
2025-02-19,Reconocimiento_marca,Reconocimiento_marca,Reconocimiento_marca,instagram,Conciencia,Recuerdo anuncio estimado,10,0.05,108,108,10,0,108,0,0,0,0,0,0,0,0.0
2025-02-17,Reconocimiento_marca,Reconocimiento_marca,Reconocimiento_marca,facebook,Conciencia,Recuerdo anuncio estimado,350,6.81,15547,19756,350,44,19762,53,47,0,0,0,0,0,0.0
2025-02-17,Reconocimiento_marca,Reconocimiento_marca,Reconocimiento_marca,instagram,Conciencia,Recuerdo anuncio estimado,10,0.02,92,115,10,0,116,0,0,0,0,0,0,0,0.0
2025-02-19,Reconocimiento_marca,Reconocimiento_marca,Reconocimiento_marca,facebook,Conciencia,Recuerdo anuncio estimado,400,6.7,13474,17198,400,36,17205,47,42,0,0,0,0,0,0.0
2025-02-16,Reconocimiento_marca,Reconocimiento_marca,Reconocimiento_marca,instagram,Conciencia,Recuerdo anuncio estimado,20,0.05,164,185,20,0,185,0,0,0,0,0,0,0,0.0
2025-02-03,Reconocimiento_marca,Reconocimiento_marca,Reconocimiento_marca,instagram,Conciencia,Recuerdo anuncio estimado,20,0.11,256,309,20,0,309,1,0,0,1,0,0,0,0.0
2025-01-31,Reconocimiento_marca,Reconocimiento_marca,Reconocimiento_marca,facebook,Conciencia,Recuerdo anuncio estimado,260,6.81,16203,20384,260,35,20391,58,45,0,0,0,0,0,0.0
2025-01-31,Reconocimiento_marca,Reconocimiento_marca,Reconocimiento_marca,instagram,Conciencia,Recuerdo anuncio estimado,20,0.04,205,205,20,1,205,2,1,0,1,0,0,0,0.0
2025-02-02,Reconocimiento_marca,Reconocimiento_marca,Reconocimiento_marca,instagram,Conciencia,Recuerdo anuncio estimado,10,0.04,160,226,10,0,226,0,0,0,0,0,0,0,0.0
2025-02-02,Reconocimiento_marca,Reconocimiento_marca,Reconocimiento_marca,facebook,Conciencia,Recuerdo anuncio estimado,400,7.72,21618,27337,400,57,27345,77,66,0,0,0,0,0,0.0
2025-02-22,Reconocimiento_marca,Reconocimiento_marca,Reconocimiento_marca,instagram,Conciencia,Recuerdo anuncio estimado,10,0.05,107,107,10,0,108,0,1,0,0,0,0,0,0.0
2025-02-15,Reconocimiento_marca,Reconocimiento_marca,Reconocimiento_marca,facebook,Conciencia,Recuerdo anuncio estimado,360,7.27,16842,21173,360,28,21178,37,30,0,0,0,0,0,0.0
2025-02-15,Reconocimiento_marca,Reconocimiento_marca,Reconocimiento_marca,instagram,Conciencia,Recuerdo anuncio estimado,20,0.05,216,216,20,0,217,0,0,0,0,0,0,0,0.0
2025-02-14,Reconocimiento_marca,Reconocimiento_marca,Reconocimiento_marca,facebook,Conciencia,Recuerdo anuncio estimado,380,6.9,14446,18694,380,38,18697,41,40,0,0,0,0,0,0.0
2025-01-29,Reconocimiento_marca,Reconocimiento_marca,Reconocimiento_marca,facebook,Conciencia,Recuerdo anuncio estimado,310,6.53,17499,21603,310,32,21606,59,43,0,0,0,0,0,0.0
2025-02-14,Reconocimiento_marca,Reconocimiento_marca,Reconocimiento_marca,instagram,Conciencia,Recuerdo anuncio estimado,10,0.02,120,130,10,0,133,0,0,0,0,0,0,0,0.0
2025-02-23,Reconocimiento_marca,Reconocimiento_marca,Reconocimiento_marca,facebook,Conciencia,Recuerdo anuncio estimado,370,7.41,15498,19959,370,49,19966,61,56,0,0,0,0,0,0.0
2025-02-05,Reconocimiento_marca,Reconocimiento_marca,Reconocimiento_marca,facebook,Conciencia,Recuerdo anuncio estimado,320,6.79,15680,19257,320,39,19266,49,42,0,0,0,0,0,0.0
2025-02-04,Reconocimiento_marca,Reconocimiento_marca,Reconocimiento_marca,instagram,Conciencia,Recuerdo anuncio estimado,20,0.07,263,263,20,0,263,2,0,0,2,0,0,0,0.0
2025-02-10,Reconocimiento_marca,Reconocimiento_marca,Reconocimiento_marca,facebook,Conciencia,Recuerdo anuncio estimado,330,6.36,16400,20239,330,45,20247,60,52,0,0,0,0,0,0.0
2025-02-10,Reconocimiento_marca,Reconocimiento_marca,Reconocimiento_marca,instagram,Conciencia,Recuerdo anuncio estimado,30,0.05,256,288,30,1,288,1,1,0,0,0,0,0,0.0
2025-02-10,Reconocimiento_marca,Reconocimiento_marca,Reconocimiento_marca,messenger,Conciencia,Recuerdo anuncio estimado,1,0.0,1,1,1,0,1,0,0,0,0,0,0,0,0.0
2025-02-23,Reconocimiento_marca,Reconocimiento_marca,Reconocimiento_marca,instagram,Conciencia,Recuerdo anuncio estimado,10,0.04,101,101,10,0,102,0,1,0,0,0,0,0,0.0
2025-02-05,Reconocimiento_marca,Reconocimiento_marca,Reconocimiento_marca,instagram,Conciencia,Recuerdo anuncio estimado,20,0.06,212,253,20,0,253,0,1,0,0,0,0,0,0.0
2025-02-09,Reconocimiento_marca,Reconocimiento_marca,Reconocimiento_marca,facebook,Conciencia,Recuerdo anuncio estimado,400,7.52010512,18482,23510,400,40,23520,66,55,1,0,0,0,0,0.0
2025-02-09,Reconocimiento_marca,Reconocimiento_marca,Reconocimiento_marca,instagram,Conciencia,Recuerdo anuncio estimado,20,0.07989488,200,222,20,0,222,0,0,0,0,0,0,0,0.0
2025-01-30,Reconocimiento_marca,Reconocimiento_marca,Reconocimiento_marca,facebook,Conciencia,Recuerdo anuncio estimado,280,6.75,16753,20839,280,32,20852,48,38,0,0,0,0,0,0.0
2025-02-11,Reconocimiento_marca,Reconocimiento_marca,Reconocimiento_marca,facebook,Conciencia,Recuerdo anuncio estimado,230,6.78,13457,17107,230,40,17114,57,49,0,0,0,0,0,0.0
2025-01-30,Reconocimiento_marca,Reconocimiento_marca,Reconocimiento_marca,instagram,Conciencia,Recuerdo anuncio estimado,20,0.06,220,269,20,0,269,0,0,0,0,0,0,0,0.0
2025-02-08,Reconocimiento_marca,Reconocimiento_marca,Reconocimiento_marca,facebook,Conciencia,Recuerdo anuncio estimado,350,7.33,16347,20140,350,39,20148,52,42,0,0,0,0,0,0.0
2025-02-08,Reconocimiento_marca,Reconocimiento_marca,Reconocimiento_marca,instagram,Conciencia,Recuerdo anuncio estimado,10,0.02,152,164,10,1,164,1,1,0,0,0,0,0,0.0
2025-02-06,Reconocimiento_marca,Reconocimiento_marca,Reconocimiento_marca,facebook,Conciencia,Recuerdo anuncio estimado,310,6.6701037,14595,18250,310,43,18267,58,46,0,0,0,0,0,0.0
2025-02-06,Reconocimiento_marca,Reconocimiento_marca,Reconocimiento_marca,instagram,Conciencia,Recuerdo anuncio estimado,10,0.0698963,200,229,10,0,229,1,0,0,1,0,0,0,0.0
2025-02-21,Reconocimiento_marca,Reconocimiento_marca,Reconocimiento_marca,instagram,Conciencia,Recuerdo anuncio estimado,10,0.05,86,86,10,0,86,0,0,0,0,0,0,0,0.0
2025-02-21,Reconocimiento_marca,Reconocimiento_marca,Reconocimiento_marca,facebook,Conciencia,Recuerdo anuncio estimado,370,6.9,12966,16498,370,40,16503,47,44,0,0,0,0,0,0.0
2025-02-07,Reconocimiento_marca,Reconocimiento_marca,Reconocimiento_marca,facebook,Conciencia,Recuerdo anuncio estimado,310,6.88,14764,18453,310,37,18460,56,44,0,0,0,0,0,0.0
2025-02-07,Reconocimiento_marca,Reconocimiento_marca,Reconocimiento_marca,instagram,Conciencia,Recuerdo anuncio estimado,10,0.08,148,188,10,0,188,0,1,0,0,0,0,0,0.0
2025-02-11,Reconocimiento_marca,Reconocimiento_marca,Reconocimiento_marca,instagram,Conciencia,Recuerdo anuncio estimado,30,0.1,384,413,30,1,414,1,1,0,0,0,0,0,0.0
2025-01-29,Reconocimiento_marca,Reconocimiento_marca,Reconocimiento_marca,instagram,Conciencia,Recuerdo anuncio estimado,30,0.11,384,411,30,0,411,0,1,0,0,0,0,0,0.0
2025-02-12,Reconocimiento_marca,Reconocimiento_marca,Reconocimiento_marca,instagram,Conciencia,Recuerdo anuncio estimado,30,0.09,262,262,30,0,262,0,0,0,0,0,0,0,0.0
2025-02-12,Reconocimiento_marca,Reconocimiento_marca,Reconocimiento_marca,facebook,Conciencia,Recuerdo anuncio estimado,230,6.74,13530,17193,230,46,17199,59,52,0,0,0,0,0,0.0
2025-02-04,Reconocimiento_marca,Reconocimiento_marca,Reconocimiento_marca,facebook,Conciencia,Recuerdo anuncio estimado,320,6.66,16466,20268,320,34,20275,52,42,0,0,0,0,0,0.0
2025-02-14,Campaña_ventas,Ventas,Ventas,instagram,Ventas,Compras en sitio web,0,9.3708666,1880,2049,0,29,2500,82,545,0,52,4,4,0,0.0
2025-02-05,Campaña_ventas,Ventas,Ventas,instagram,Ventas,Compras en sitio web,0,4.3,1042,1112,0,19,1377,61,308,0,41,7,7,0,0.0
2025-02-05,Campaña_ventas,Ventas,Ventas,facebook,Ventas,Compras en sitio web,0,0.14,75,85,0,2,95,6,21,0,0,0,0,0,0.0
2025-02-20,Campaña_ventas,Ventas,Ventas,facebook,Ventas,Compras en sitio web,0,0.0,0,0,0,0,0,0,0,0,0,2,2,0,0.0
2025-02-16,Campaña_ventas,Ventas,Ventas,instagram,Ventas,Compras en sitio web,0,9.19069767,1860,2042,0,20,2394,56,406,0,35,2,2,0,0.0
2025-02-16,Campaña_ventas,Ventas,Ventas,facebook,Ventas,Compras en sitio web,0,0.68930233,341,407,0,2,456,11,99,1,0,0,0,0,0.0
2025-02-13,Campaña_ventas,Ventas,Ventas,instagram,Ventas,Compras en sitio web,0,9.09,1788,1896,0,24,2318,73,472,0,47,0,0,0,0.0
2025-02-10,Campaña_ventas,Ventas,Ventas,instagram,Ventas,Compras en sitio web,0,9.83,1988,2136,0,43,2606,120,534,0,74,0,0,0,0.0
2025-02-10,Campaña_ventas,Ventas,Ventas,facebook,Ventas,Compras en sitio web,0,0.44,166,196,0,5,232,13,58,0,0,0,0,0,0.0
2025-02-04,Campaña_ventas,Ventas,Ventas,facebook,Ventas,Compras en sitio web,0,0.32,121,150,0,2,136,3,30,0,0,0,0,0,0.0
2025-02-14,Campaña_ventas,Ventas,Ventas,facebook,Ventas,Compras en sitio web,0,0.8891334,433,491,0,6,568,17,132,0,0,0,0,0,0.0
2025-02-17,Campaña_ventas,Ventas,Ventas,instagram,Ventas,Compras en sitio web,0,0.0,0,0,0,0,0,0,0,0,0,0,0,0,0.0
2025-02-04,Campaña_ventas,Ventas,Ventas,instagram,Ventas,Compras en sitio web,0,5.22,1203,1311,0,29,1627,69,368,0,39,0,0,0,0.0
2025-02-03,Campaña_ventas,Ventas,Ventas,facebook,Ventas,Compras en sitio web,0,0.01,7,7,0,0,7,0,1,0,0,0,0,0,0.0
2025-02-09,Campaña_ventas,Ventas,Ventas,facebook,Ventas,Compras en sitio web,0,0.16942111,78,89,0,1,101,3,22,0,0,0,0,0,0.0
2025-02-09,Campaña_ventas,Ventas,Ventas,instagram,Ventas,Compras en sitio web,0,8.61057889,1810,1946,0,29,2360,83,458,0,54,2,2,0,0.0
2025-02-06,Campaña_ventas,Ventas,Ventas,instagram,Ventas,Compras en sitio web,0,4.68034979,1089,1183,0,18,1424,55,293,0,37,0,0,0,0.0
2025-02-06,Campaña_ventas,Ventas,Ventas,facebook,Ventas,Compras en sitio web,0,0.16965021,71,76,0,1,82,2,21,0,0,0,0,0,0.0
2025-02-08,Campaña_ventas,Ventas,Ventas,instagram,Ventas,Compras en sitio web,79,8.89,1735,1850,0,33,2383,101,486,0,67,6,6,0,79.0
2025-02-08,Campaña_ventas,Ventas,Ventas,facebook,Ventas,Compras en sitio web,0,0.18,50,56,0,0,65,0,11,0,0,0,0,0,0.0
2025-02-08,Campaña_ventas,Ventas,Ventas,audience_network,Ventas,Compras en sitio web,0,0.0,1,2,0,0,0,0,0,0,0,0,0,0,0.0
2025-02-07,Campaña_ventas,Ventas,Ventas,facebook,Ventas,Compras en sitio web,0,0.26,100,115,0,2,111,4,32,0,0,0,0,0,0.0
2025-02-07,Campaña_ventas,Ventas,Ventas,instagram,Ventas,Compras en sitio web,0,7.64,1723,1838,0,36,2229,86,467,0,49,0,0,0,0.0
2025-02-11,Campaña_ventas,Ventas,Ventas,facebook,Ventas,Compras en sitio web,0,0.56882837,177,208,0,2,236,4,52,0,0,0,0,0,0.0
2025-02-13,Campaña_ventas,Ventas,Ventas,facebook,Ventas,Compras en sitio web,0,0.57,231,264,0,4,301,14,58,0,0,0,0,0,0.0
2025-02-15,Campaña_ventas,Ventas,Ventas,instagram,Ventas,Compras en sitio web,79,9.91065033,1976,2149,0,36,2622,84,520,0,48,1,1,0,79.0
2025-02-12,Campaña_ventas,Ventas,Ventas,instagram,Ventas,Compras en sitio web,0,9.94043269,1812,1925,0,45,2337,100,509,0,56,2,2,0,0.0
2025-02-11,Campaña_ventas,Ventas,Ventas,instagram,Ventas,Compras en sitio web,0,9.14117163,1821,1917,0,26,2420,83,509,0,53,0,0,0,0.0
2025-02-12,Campaña_ventas,Ventas,Ventas,facebook,Ventas,Compras en sitio web,0,0.44956731,218,246,0,2,265,9,59,0,0,0,0,0,0.0
2025-02-21,Campaña_ventas,Ventas,Ventas,instagram,Ventas,Compras en sitio web,0,0.0,0,0,0,0,0,0,0,0,0,0,0,0,0.0
2025-02-15,Campaña_ventas,Ventas,Ventas,facebook,Ventas,Compras en sitio web,0,0.68934967,259,309,0,5,366,15,80,0,0,0,0,0,0.0
2025-02-03,Campaña_ventas,Ventas,Ventas,instagram,Ventas,Compras en sitio web,0,1.01,216,225,0,3,227,9,48,0,6,2,2,0,0.0
2025-02-08,Clientes_potenciales_ig,Clientes_potenciales,Copia_clientes_potenciales,instagram,Leads,Meta leads,0,1.36,206,212,0,4,247,5,79,0,1,0,0,0,0.0
2025-02-03,Clientes_potenciales_ig,Clientes_potenciales,Copia_clientes_potenciales,instagram,Leads,Meta leads,0,0.92,117,121,0,0,129,3,35,0,3,0,0,0,0.0
2025-02-17,Clientes_potenciales_ig,Clientes_potenciales,Clientes_potenciales,instagram,Leads,Meta leads,4,4.42,663,691,0,8,691,12,10,0,8,2,2,0,0.0
2025-02-17,Clientes_potenciales_ig,Clientes_potenciales,Copia_clientes_potenciales,instagram,Leads,Meta leads,0,5.28,826,854,0,20,909,38,199,0,20,0,0,0,0.0
2025-02-06,Clientes_potenciales_ig,Clientes_potenciales,Copia_clientes_potenciales,instagram,Leads,Meta leads,0,2.23,302,314,0,3,333,6,82,0,3,0,0,0,0.0
2025-02-21,Clientes_potenciales_ig,Clientes_potenciales,Copia_clientes_potenciales,instagram,Leads,Meta leads,0,3.29,481,490,0,16,545,20,158,0,5,0,0,0,0.0
2025-02-22,Clientes_potenciales_ig,Clientes_potenciales,Clientes_potenciales,instagram,Leads,Meta leads,0,2.16,235,241,0,5,241,9,6,0,4,0,0,0,0.0
2025-02-03,Clientes_potenciales_ig,Clientes_potenciales,Clientes_potenciales,instagram,Leads,Meta leads,0,1.06,208,216,0,4,216,10,4,0,7,0,0,0,0.0
2025-02-03,Clientes_potenciales_ig,Clientes_potenciales,Copia_clientes_potenciales,instagram,Leads,Meta leads,0,5.65,931,973,0,16,1018,25,258,0,13,0,0,0,0.0
2025-02-11,Clientes_potenciales_ig,Clientes_potenciales,Clientes_potenciales,instagram,Leads,Meta leads,0,3.84,601,621,0,10,621,20,10,0,15,0,0,0,0.0
2025-02-17,Clientes_potenciales_ig,Clientes_potenciales,Copia_clientes_potenciales,instagram,Leads,Meta leads,0,2.55,390,398,0,9,420,12,120,0,5,0,0,0,0.0
2025-02-08,Clientes_potenciales_ig,Clientes_potenciales,Copia_clientes_potenciales,instagram,Leads,Meta leads,0,5.56,953,996,0,19,1095,34,249,0,22,0,0,0,0.0
2025-02-08,Clientes_potenciales_ig,Clientes_potenciales,Clientes_potenciales,instagram,Leads,Meta leads,0,3.86,541,564,0,8,564,14,8,0,10,0,0,0,0.0
2025-02-11,Clientes_potenciales_ig,Clientes_potenciales,Copia_clientes_potenciales,instagram,Leads,Meta leads,4,5.58,825,854,0,14,919,20,222,0,12,2,2,0,0.0
2025-01-29,Clientes_potenciales_ig,Clientes_potenciales,Clientes_potenciales,instagram,Leads,Meta leads,0,0.96,164,167,0,2,167,3,2,0,1,0,0,0,0.0
2025-02-19,Clientes_potenciales_ig,Clientes_potenciales,Copia_clientes_potenciales,instagram,Leads,Meta leads,0,5.6,969,997,0,22,1058,36,207,0,19,0,0,0,0.0
2025-02-19,Clientes_potenciales_ig,Clientes_potenciales,Clientes_potenciales,instagram,Leads,Meta leads,0,2.54,346,358,0,6,359,10,6,0,6,0,0,0,0.0
2025-02-12,Clientes_potenciales_ig,Clientes_potenciales,Copia_clientes_potenciales,instagram,Leads,Meta leads,0,6.18,900,926,0,17,1009,26,249,0,14,0,0,0,0.0
2025-01-31,Clientes_potenciales_ig,Clientes_potenciales,Copia_clientes_potenciales,instagram,Leads,Meta leads,0,4.9,785,818,0,27,884,41,227,0,22,0,0,0,0.0
2025-02-01,Clientes_potenciales_ig,Clientes_potenciales,Clientes_potenciales,instagram,Leads,Meta leads,0,1.06,185,189,0,4,190,5,4,0,2,0,0,0,0.0
2025-02-20,Clientes_potenciales_ig,Clientes_potenciales,Clientes_potenciales,instagram,Leads,Meta leads,0,1.86,295,304,0,5,304,9,5,0,7,0,0,0,0.0
2025-02-20,Clientes_potenciales_ig,Clientes_potenciales,Copia_clientes_potenciales,instagram,Leads,Meta leads,0,2.91,461,472,0,5,524,8,149,0,4,0,0,0,0.0
2025-01-29,Clientes_potenciales_ig,Clientes_potenciales,Copia_clientes_potenciales,instagram,Leads,Meta leads,4,4.31,719,750,0,13,781,30,189,0,25,2,2,0,0.0
2025-02-21,Clientes_potenciales_ig,Clientes_potenciales,Clientes_potenciales,instagram,Leads,Meta leads,0,1.7,224,229,0,1,229,2,2,0,3,0,0,0,0.0
2025-02-21,Clientes_potenciales_ig,Clientes_potenciales,Copia_clientes_potenciales,instagram,Leads,Meta leads,0,7.31,1115,1138,0,23,1253,37,271,0,20,0,0,0,0.0
2025-02-18,Clientes_potenciales_ig,Clientes_potenciales,Clientes_potenciales,instagram,Leads,Meta leads,4,4.7,655,678,0,7,678,9,7,0,5,2,2,0,0.0
2025-02-18,Clientes_potenciales_ig,Clientes_potenciales,Copia_clientes_potenciales,instagram,Leads,Meta leads,0,4.9,779,814,0,14,858,20,179,0,7,0,0,0,0.0
2025-02-07,Clientes_potenciales_ig,Clientes_potenciales,Copia_clientes_potenciales,instagram,Leads,Meta leads,0,2.08,298,306,0,8,336,8,95,0,1,0,0,0,0.0
2025-02-20,Clientes_potenciales_ig,Clientes_potenciales,Copia_clientes_potenciales,instagram,Leads,Meta leads,0,5.34,857,884,0,19,927,25,196,0,9,0,0,0,0.0
2025-02-07,Clientes_potenciales_ig,Clientes_potenciales,Copia_clientes_potenciales,instagram,Leads,Meta leads,0,3.91,725,753,0,8,800,20,173,0,14,0,0,0,0.0
2025-02-19,Clientes_potenciales_ig,Clientes_potenciales,Copia_clientes_potenciales,instagram,Leads,Meta leads,0,3.98,671,687,0,5,758,8,186,0,3,0,0,0,0.0
2025-02-07,Clientes_potenciales_ig,Clientes_potenciales,Clientes_potenciales,instagram,Leads,Meta leads,0,4.01,628,668,0,15,668,22,16,0,18,0,0,0,0.0
2025-02-18,Clientes_potenciales_ig,Clientes_potenciales,Copia_clientes_potenciales,instagram,Leads,Meta leads,0,2.42,340,351,0,3,381,6,104,0,3,0,0,0,0.0
2025-02-01,Clientes_potenciales_ig,Clientes_potenciales,Copia_clientes_potenciales,instagram,Leads,Meta leads,0,0.93,109,112,0,4,127,7,40,0,1,0,0,0,0.0
2025-02-12,Clientes_potenciales_ig,Clientes_potenciales,Clientes_potenciales,instagram,Leads,Meta leads,0,3.93,638,664,0,8,665,17,8,0,17,0,0,0,0.0
2025-02-06,Clientes_potenciales_ig,Clientes_potenciales,Clientes_potenciales,instagram,Leads,Meta leads,0,3.16,497,521,0,8,521,12,8,0,12,0,0,0,0.0
2025-01-31,Clientes_potenciales_ig,Clientes_potenciales,Clientes_potenciales,instagram,Leads,Meta leads,0,0.0,1,1,0,0,1,0,0,0,0,0,0,0,0.0
2025-02-06,Clientes_potenciales_ig,Clientes_potenciales,Copia_clientes_potenciales,instagram,Leads,Meta leads,0,3.89,699,732,0,17,771,31,172,0,21,0,0,0,0.0
2025-02-01,Clientes_potenciales_ig,Clientes_potenciales,Copia_clientes_potenciales,instagram,Leads,Meta leads,0,5.7,846,878,0,24,929,30,231,0,13,0,0,0,0.0
2025-02-22,Clientes_potenciales_ig,Clientes_potenciales,Copia_clientes_potenciales,instagram,Leads,Meta leads,4,3.28,418,432,0,8,494,12,137,0,4,2,2,0,0.0
2025-02-23,Clientes_potenciales_ig,Clientes_potenciales,Clientes_potenciales,instagram,Leads,Meta leads,0,2.94,376,396,0,2,396,3,2,0,1,0,0,0,0.0
2025-02-14,Clientes_potenciales_ig,Clientes_potenciales,Copia_clientes_potenciales,instagram,Leads,Meta leads,0,2.64,295,303,0,3,328,3,89,0,0,0,0,0,0.0
2025-02-22,Clientes_potenciales_ig,Clientes_potenciales,Copia_clientes_potenciales,instagram,Leads,Meta leads,0,7.24,1040,1077,0,23,1172,40,264,0,25,0,0,0,0.0
2025-02-23,Clientes_potenciales_ig,Clientes_potenciales,Copia_clientes_potenciales,instagram,Leads,Meta leads,4,4.12,522,552,0,14,592,20,127,0,8,2,2,0,0.0
2025-01-29,Clientes_potenciales_ig,Clientes_potenciales,Copia_clientes_potenciales,instagram,Leads,Meta leads,0,0.96,154,155,0,1,185,2,50,0,4,0,0,0,0.0
2025-01-31,Clientes_potenciales_ig,Clientes_potenciales,Copia_clientes_potenciales,instagram,Leads,Meta leads,0,1.44,193,197,0,2,219,2,64,0,3,0,0,0,0.0
2025-02-23,Clientes_potenciales_ig,Clientes_potenciales,Copia_clientes_potenciales,instagram,Leads,Meta leads,0,4.4,582,594,0,23,644,30,219,0,9,0,0,0,0.0
2025-02-02,Clientes_potenciales_ig,Clientes_potenciales,Clientes_potenciales,instagram,Leads,Meta leads,0,0.85,151,158,0,2,158,2,2,0,2,0,0,0,0.0
2025-02-13,Clientes_potenciales_ig,Clientes_potenciales,Copia_clientes_potenciales,instagram,Leads,Meta leads,0,4.86,646,656,0,6,718,11,144,0,6,0,0,0,0.0
2025-02-05,Clientes_potenciales_ig,Clientes_potenciales,Copia_clientes_potenciales,instagram,Leads,Meta leads,0,1.59,268,282,0,3,316,7,91,0,7,0,0,0,0.0
2025-02-15,Clientes_potenciales_ig,Clientes_potenciales,Clientes_potenciales,instagram,Leads,Meta leads,0,6.0,757,782,0,8,782,16,8,0,11,0,0,0,0.0
2025-02-14,Clientes_potenciales_ig,Clientes_potenciales,Copia_clientes_potenciales,instagram,Leads,Meta leads,0,5.1,716,740,0,11,790,17,155,0,7,0,0,0,0.0
2025-02-15,Clientes_potenciales_ig,Clientes_potenciales,Copia_clientes_potenciales,instagram,Leads,Meta leads,0,4.3,699,730,0,14,802,21,159,0,11,0,0,0,0.0
2025-02-10,Clientes_potenciales_ig,Clientes_potenciales,Copia_clientes_potenciales,instagram,Leads,Meta leads,0,2.78,415,420,0,7,473,11,122,0,5,0,0,0,0.0
2025-02-13,Clientes_potenciales_ig,Clientes_potenciales,Clientes_potenciales,instagram,Leads,Meta leads,0,3.17,452,462,0,3,463,9,3,0,9,0,0,0,0.0
2025-02-04,Clientes_potenciales_ig,Clientes_potenciales,Copia_clientes_potenciales,instagram,Leads,Meta leads,0,0.83,117,118,0,4,129,7,47,0,4,0,0,0,0.0
2025-02-15,Clientes_potenciales_ig,Clientes_potenciales,Copia_clientes_potenciales,instagram,Leads,Meta leads,0,2.22,308,315,0,1,340,3,94,0,2,0,0,0,0.0
2025-02-10,Clientes_potenciales_ig,Clientes_potenciales,Copia_clientes_potenciales,instagram,Leads,Meta leads,0,7.8,1060,1090,0,18,1144,32,248,0,13,0,0,0,0.0
2025-02-10,Clientes_potenciales_ig,Clientes_potenciales,Clientes_potenciales,instagram,Leads,Meta leads,4,2.6,407,417,0,4,418,13,4,0,14,2,2,0,0.0
2025-01-30,Clientes_potenciales_ig,Clientes_potenciales,Copia_clientes_potenciales,instagram,Leads,Meta leads,0,1.2,161,162,0,3,179,6,53,0,5,0,0,0,0.0
2025-02-02,Clientes_potenciales_ig,Clientes_potenciales,Copia_clientes_potenciales,instagram,Leads,Meta leads,0,5.68,972,1011,0,18,1085,30,242,0,23,0,0,0,0.0
2025-02-14,Clientes_potenciales_ig,Clientes_potenciales,Clientes_potenciales,instagram,Leads,Meta leads,0,4.31,601,621,0,4,621,7,4,0,5,0,0,0,0.0
2025-02-09,Clientes_potenciales_ig,Clientes_potenciales,Copia_clientes_potenciales,instagram,Leads,Meta leads,0,3.43,449,459,0,5,511,9,132,0,5,0,0,0,0.0
2025-02-04,Clientes_potenciales_ig,Clientes_potenciales,Copia_clientes_potenciales,instagram,Leads,Meta leads,0,4.57,704,716,0,9,753,17,177,0,10,0,0,0,0.0
2025-02-11,Clientes_potenciales_ig,Clientes_potenciales,Copia_clientes_potenciales,instagram,Leads,Meta leads,0,2.36,313,323,0,4,354,8,100,0,11,0,0,0,0.0
2025-02-13,Clientes_potenciales_ig,Clientes_potenciales,Copia_clientes_potenciales,instagram,Leads,Meta leads,0,2.27,273,277,0,3,294,9,81,0,8,0,0,0,0.0
2025-02-16,Clientes_potenciales_ig,Clientes_potenciales,Clientes_potenciales,instagram,Leads,Meta leads,0,4.19,640,656,0,8,657,13,8,0,11,0,0,0,0.0
2025-02-16,Clientes_potenciales_ig,Clientes_potenciales,Copia_clientes_potenciales,instagram,Leads,Meta leads,0,4.83,749,774,0,15,848,25,156,0,12,0,0,0,0.0
2025-02-05,Clientes_potenciales_ig,Clientes_potenciales,Clientes_potenciales,instagram,Leads,Meta leads,0,3.25,541,563,0,5,564,9,5,0,10,0,0,0,0.0
2025-02-05,Clientes_potenciales_ig,Clientes_potenciales,Copia_clientes_potenciales,instagram,Leads,Meta leads,4,3.57,573,591,0,17,649,26,166,0,15,2,2,0,0.0
2025-02-12,Clientes_potenciales_ig,Clientes_potenciales,Copia_clientes_potenciales,instagram,Leads,Meta leads,0,1.78,253,261,0,4,287,9,72,0,5,0,0,0,0.0
2025-02-16,Clientes_potenciales_ig,Clientes_potenciales,Copia_clientes_potenciales,instagram,Leads,Meta leads,8,2.72,358,369,0,10,392,14,109,0,7,4,4,0,0.0
2025-02-04,Clientes_potenciales_ig,Clientes_potenciales,Clientes_potenciales,instagram,Leads,Meta leads,4,1.02,170,174,0,1,174,2,1,0,3,2,2,0,0.0
2025-02-02,Clientes_potenciales_ig,Clientes_potenciales,Copia_clientes_potenciales,instagram,Leads,Meta leads,0,1.38,173,175,0,6,197,8,60,0,5,0,0,0,0.0
2025-02-09,Clientes_potenciales_ig,Clientes_potenciales,Copia_clientes_potenciales,instagram,Leads,Meta leads,0,6.43,981,1010,0,25,1109,40,246,0,20,0,0,0,0.0
2025-02-09,Clientes_potenciales_ig,Clientes_potenciales,Clientes_potenciales,instagram,Leads,Meta leads,0,1.85,317,324,0,6,324,14,6,0,9,0,0,0,0.0
2025-01-30,Clientes_potenciales_ig,Clientes_potenciales,Copia_clientes_potenciales,instagram,Leads,Meta leads,0,5.6,937,970,0,22,1056,37,249,0,24,0,0,0,0.0
2025-01-30,Clientes_potenciales_ig,Clientes_potenciales,Clientes_potenciales,instagram,Leads,Meta leads,0,0.24,34,35,0,0,35,0,0,0,1,0,0,0,0.0
2025-02-20,Nuevo_centro_monteclaro,Clientes_potenciales,Nuevo_monteclaro,audience_network,Leads,Leads de sitio web,0,0.0,2,4,0,0,4,0,3,0,0,0,0,0,0.0
2025-02-20,Nuevo_centro_monteclaro,Clientes_potenciales,Nuevo_monteclaro,facebook,Leads,Leads de sitio web,0,4.37,1091,1178,0,18,1103,20,262,0,0,0,0,0,0.0
2025-01-31,Nuevo_centro_monteclaro,Clientes_potenciales,Nuevo_monteclaro,facebook,Leads,Leads de sitio web,0,0.87,232,264,0,3,268,4,55,0,0,0,0,0,0.0
2025-01-31,Nuevo_centro_monteclaro,Clientes_potenciales,Nuevo_monteclaro,instagram,Leads,Leads de sitio web,4,3.96,568,620,0,11,662,22,166,0,11,4,4,0,0.0
2025-01-30,Nuevo_centro_monteclaro,Clientes_potenciales,Nuevo_monteclaro,facebook,Leads,Leads de sitio web,0,0.72,139,165,0,7,165,8,46,0,0,0,0,0,0.0
2025-02-19,Nuevo_centro_monteclaro,Clientes_potenciales,Nuevo_monteclaro,instagram,Leads,Leads de sitio web,0,4.52,891,946,0,11,970,17,238,0,6,0,0,0,0.0
2025-02-20,Nuevo_centro_monteclaro,Clientes_potenciales,Nuevo_monteclaro,instagram,Leads,Leads de sitio web,0,5.53,943,976,0,8,976,17,226,0,9,0,0,0,0.0
2025-02-19,Nuevo_centro_monteclaro,Clientes_potenciales,Nuevo_monteclaro,facebook,Leads,Leads de sitio web,0,5.55,1423,1546,0,17,1464,22,344,0,0,0,0,0,0.0
2025-02-21,Nuevo_centro_monteclaro,Clientes_potenciales,Nuevo_monteclaro,audience_network,Leads,Leads de sitio web,0,0.06,10,14,0,2,14,2,11,0,0,0,0,0,0.0
2025-01-30,Nuevo_centro_monteclaro,Clientes_potenciales,Nuevo_monteclaro,instagram,Leads,Leads de sitio web,1,3.89,549,584,0,7,602,15,162,0,9,1,1,0,0.0
2025-02-15,Nuevo_centro_monteclaro,Clientes_potenciales,Nuevo_monteclaro,facebook,Leads,Leads de sitio web,0,1.22,422,499,0,6,504,14,102,0,0,0,0,0,0.0
2025-02-21,Nuevo_centro_monteclaro,Clientes_potenciales,Nuevo_monteclaro,instagram,Leads,Leads de sitio web,0,15.03,2690,2918,0,28,2998,49,711,0,21,0,0,0,0.0
2025-02-22,Nuevo_centro_monteclaro,Clientes_potenciales,Nuevo_monteclaro,instagram,Leads,Leads de sitio web,0,14.19884615,2529,2797,0,20,2903,33,587,0,14,0,0,0,0.0
2025-02-22,Nuevo_centro_monteclaro,Clientes_potenciales,Nuevo_monteclaro,audience_network,Leads,Leads de sitio web,0,0.0399686,16,16,0,0,16,0,14,0,0,0,0,0,0.0
2025-02-22,Nuevo_centro_monteclaro,Clientes_potenciales,Nuevo_monteclaro,facebook,Leads,Leads de sitio web,0,11.22118524,2865,3139,0,42,3071,55,693,0,0,0,0,0,0.0
2025-02-14,Nuevo_centro_monteclaro,Clientes_potenciales,Nuevo_monteclaro,instagram,Leads,Leads de sitio web,0,9.3,1692,1859,0,13,1920,20,435,0,6,0,0,0,0.0
2025-02-14,Nuevo_centro_monteclaro,Clientes_potenciales,Nuevo_monteclaro,facebook,Leads,Leads de sitio web,0,1.28,360,423,0,9,416,10,100,0,0,0,0,0,0.0
2025-02-21,Nuevo_centro_monteclaro,Clientes_potenciales,Nuevo_monteclaro,facebook,Leads,Leads de sitio web,0,9.2,2292,2594,0,40,2469,49,562,1,0,0,0,0,0.0
2025-02-05,Nuevo_centro_monteclaro,Clientes_potenciales,Nuevo_monteclaro,facebook,Leads,Leads de sitio web,0,0.28,91,98,0,0,93,1,15,0,0,0,0,0,0.0
2025-02-09,Nuevo_centro_monteclaro,Clientes_potenciales,Nuevo_monteclaro,instagram,Leads,Leads de sitio web,2,10.24,1418,1493,0,24,1584,33,398,0,9,2,2,0,0.0
2025-02-09,Nuevo_centro_monteclaro,Clientes_potenciales,Nuevo_monteclaro,facebook,Leads,Leads de sitio web,0,1.09,224,258,0,4,255,5,53,0,0,0,0,0,0.0
2025-02-10,Nuevo_centro_monteclaro,Clientes_potenciales,Nuevo_monteclaro,instagram,Leads,Leads de sitio web,0,9.57,1353,1444,0,22,1481,35,387,0,13,0,0,0,0.0
2025-02-10,Nuevo_centro_monteclaro,Clientes_potenciales,Nuevo_monteclaro,facebook,Leads,Leads de sitio web,0,0.59,154,180,0,1,182,1,33,0,0,0,0,0,0.0
2025-02-11,Nuevo_centro_monteclaro,Clientes_potenciales,Nuevo_monteclaro,instagram,Leads,Leads de sitio web,0,8.99,1234,1295,0,14,1317,30,366,0,16,0,0,0,0.0
2025-02-13,Nuevo_centro_monteclaro,Clientes_potenciales,Nuevo_monteclaro,facebook,Leads,Leads de sitio web,0,1.19,282,317,0,11,308,12,88,0,0,0,0,0,0.0
2025-02-13,Nuevo_centro_monteclaro,Clientes_potenciales,Nuevo_monteclaro,instagram,Leads,Leads de sitio web,0,7.88,1189,1275,0,19,1260,25,327,0,6,0,0,0,0.0
2025-02-13,Nuevo_centro_monteclaro,Clientes_potenciales,Nuevo_monteclaro,audience_network,Leads,Leads de sitio web,0,0.03,2,8,0,0,8,0,8,0,0,0,0,0,0.0
2025-02-03,Nuevo_centro_monteclaro,Clientes_potenciales,Nuevo_monteclaro,facebook,Leads,Leads de sitio web,0,0.37,107,115,0,1,115,1,22,0,0,0,0,0,0.0
2025-02-03,Nuevo_centro_monteclaro,Clientes_potenciales,Nuevo_monteclaro,instagram,Leads,Leads de sitio web,0,3.52,539,572,0,8,592,13,161,0,5,0,0,0,0.0
2025-02-04,Nuevo_centro_monteclaro,Clientes_potenciales,Nuevo_monteclaro,facebook,Leads,Leads de sitio web,0,0.49,125,141,0,2,134,3,30,0,0,0,0,0,0.0
2025-02-12,Nuevo_centro_monteclaro,Clientes_potenciales,Nuevo_monteclaro,facebook,Leads,Leads de sitio web,0,1.11,229,266,0,5,254,4,57,0,0,0,0,0,0.0
2025-02-12,Nuevo_centro_monteclaro,Clientes_potenciales,Nuevo_monteclaro,instagram,Leads,Leads de sitio web,0,9.04,1449,1582,0,34,1628,50,478,0,18,0,0,0,0.0
2025-02-04,Nuevo_centro_monteclaro,Clientes_potenciales,Nuevo_monteclaro,instagram,Leads,Leads de sitio web,6,5.45,768,811,0,14,845,27,234,0,11,6,6,0,0.0
2025-02-11,Nuevo_centro_monteclaro,Clientes_potenciales,Nuevo_monteclaro,audience_network,Leads,Leads de sitio web,0,0.0,1,1,0,0,1,0,1,0,0,0,0,0,0.0
2025-02-05,Nuevo_centro_monteclaro,Clientes_potenciales,Nuevo_monteclaro,instagram,Leads,Leads de sitio web,0,5.01,643,685,0,14,720,23,195,0,9,0,0,0,0.0
2025-02-15,Nuevo_centro_monteclaro,Clientes_potenciales,Nuevo_monteclaro,instagram,Leads,Leads de sitio web,0,7.54,1398,1496,0,17,1493,31,362,0,14,0,0,0,79.0
2025-02-02,Nuevo_centro_monteclaro,Clientes_potenciales,Nuevo_monteclaro,instagram,Leads,Leads de sitio web,0,5.16,879,936,0,11,1001,17,232,0,6,0,0,0,0.0
2025-02-01,Nuevo_centro_monteclaro,Clientes_potenciales,Nuevo_monteclaro,facebook,Leads,Leads de sitio web,0,0.79,143,176,0,0,172,1,34,0,0,0,0,0,0.0
2025-02-06,Nuevo_centro_monteclaro,Clientes_potenciales,Nuevo_monteclaro,facebook,Leads,Leads de sitio web,0,0.41,95,105,0,3,104,3,22,0,0,0,0,0,0.0
2025-02-18,Nuevo_centro_monteclaro,Clientes_potenciales,Nuevo_monteclaro,facebook,Leads,Leads de sitio web,0,5.9,1636,1820,0,34,1745,44,403,0,0,0,0,0,0.0
2025-02-18,Nuevo_centro_monteclaro,Clientes_potenciales,Nuevo_monteclaro,instagram,Leads,Leads de sitio web,2,3.98,658,704,0,9,757,11,167,0,2,2,2,0,0.0
2025-02-06,Nuevo_centro_monteclaro,Clientes_potenciales,Nuevo_monteclaro,instagram,Leads,Leads de sitio web,2,4.69,644,680,0,8,695,15,178,0,7,2,2,0,0.0
2025-02-07,Nuevo_centro_monteclaro,Clientes_potenciales,Nuevo_monteclaro,audience_network,Leads,Leads de sitio web,0,0.00994956,1,1,0,0,1,0,1,0,0,0,0,0,0.0
2025-02-07,Nuevo_centro_monteclaro,Clientes_potenciales,Nuevo_monteclaro,facebook,Leads,Leads de sitio web,0,0.39798235,106,111,0,1,111,1,28,0,0,0,0,0,0.0
2025-02-07,Nuevo_centro_monteclaro,Clientes_potenciales,Nuevo_monteclaro,instagram,Leads,Leads de sitio web,2,7.4820681,960,1017,0,15,1013,23,270,0,8,2,2,0,0.0
2025-02-23,Nuevo_centro_monteclaro,Clientes_potenciales,Nuevo_monteclaro,facebook,Leads,Leads de sitio web,0,8.97,2357,2574,0,40,2547,55,618,0,0,0,0,0,0.0
2025-02-23,Nuevo_centro_monteclaro,Clientes_potenciales,Nuevo_monteclaro,instagram,Leads,Leads de sitio web,0,21.39,3826,4180,0,36,4432,72,859,0,35,0,0,0,0.0
2025-01-29,Nuevo_centro_monteclaro,Clientes_potenciales,Nuevo_monteclaro,facebook,Leads,Leads de sitio web,0,0.37,107,122,0,2,124,3,33,0,0,0,0,0,0.0
2025-01-29,Nuevo_centro_monteclaro,Clientes_potenciales,Nuevo_monteclaro,instagram,Leads,Leads de sitio web,0,4.52,631,674,0,16,724,22,175,0,6,0,0,0,0.0
2025-02-17,Nuevo_centro_monteclaro,Clientes_potenciales,Nuevo_monteclaro,audience_network,Leads,Leads de sitio web,0,0.03,1,2,0,1,2,1,3,0,0,0,0,0,0.0
2025-02-02,Nuevo_centro_monteclaro,Clientes_potenciales,Nuevo_monteclaro,facebook,Leads,Leads de sitio web,0,0.25,74,79,0,2,85,2,21,0,0,0,0,0,0.0
2025-02-17,Nuevo_centro_monteclaro,Clientes_potenciales,Nuevo_monteclaro,facebook,Leads,Leads de sitio web,0,4.92,1377,1553,0,27,1488,35,329,0,0,0,0,0,0.0
2025-02-17,Nuevo_centro_monteclaro,Clientes_potenciales,Nuevo_monteclaro,instagram,Leads,Leads de sitio web,0,5.38,927,982,0,12,1080,24,231,0,12,0,0,0,0.0
2025-02-01,Nuevo_centro_monteclaro,Clientes_potenciales,Nuevo_monteclaro,instagram,Leads,Leads de sitio web,0,4.1,632,689,0,13,738,21,177,0,8,0,0,0,0.0
2025-02-23,Nuevo_centro_monteclaro,Clientes_potenciales,Nuevo_monteclaro,audience_network,Leads,Leads de sitio web,0,0.1,14,28,0,0,28,0,24,0,0,0,0,0,0.0
2025-02-23,Nuevo_centro_monteclaro,Clientes_potenciales,Nuevo_monteclaro,messenger,Leads,Leads de sitio web,0,0.0,1,1,0,0,0,0,0,0,0,0,0,0,0.0
2025-02-16,Nuevo_centro_monteclaro,Clientes_potenciales,Nuevo_monteclaro,instagram,Leads,Leads de sitio web,0,8.28,1566,1668,0,14,1713,21,344,0,7,0,0,0,0.0
2025-02-16,Nuevo_centro_monteclaro,Clientes_potenciales,Nuevo_monteclaro,facebook,Leads,Leads de sitio web,0,2.34,802,921,0,10,884,13,210,0,0,0,0,0,0.0
2025-02-08,Nuevo_centro_monteclaro,Clientes_potenciales,Nuevo_monteclaro,facebook,Leads,Leads de sitio web,0,0.45,106,123,0,1,123,1,26,0,0,0,0,0,0.0
2025-02-08,Nuevo_centro_monteclaro,Clientes_potenciales,Nuevo_monteclaro,instagram,Leads,Leads de sitio web,0,8.94,1127,1191,0,14,1234,21,311,0,7,0,0,0,0.0
2025-02-11,Nuevo_centro_monteclaro,Clientes_potenciales,Nuevo_monteclaro,facebook,Leads,Leads de sitio web,0,0.82,153,172,0,3,176,7,39,0,0,0,0,0,0.0
2025-02-21,Monteclaro,Clientes_potenciales,Clientes_potenciales,instagram,Leads,Leads de sitio web,2,7.79,2059,2126,0,22,2272,38,317,0,16,2,2,0,0.0
2025-02-21,Monteclaro,Clientes_potenciales,Clientes_potenciales,facebook,Leads,Leads de sitio web,0,1.68,709,771,0,7,759,11,119,0,0,0,0,0,0.0
2025-02-22,Monteclaro,Clientes_potenciales,Clientes_potenciales,facebook,Leads,Leads de sitio web,1,0.86,383,418,0,2,412,6,45,0,0,1,1,0,0.0
2025-02-23,Monteclaro,Clientes_potenciales,Clientes_potenciales,facebook,Leads,Leads de sitio web,0,0.77,238,251,0,1,258,3,35,0,0,0,0,0,0.0
2025-02-16,Monteclaro,Clientes_potenciales,Clientes_potenciales,instagram,Leads,Leads de sitio web,0,1.86,425,426,0,3,452,6,92,0,4,0,0,0,0.0
2025-02-22,Monteclaro,Clientes_potenciales,Clientes_potenciales,audience_network,Leads,Leads de sitio web,0,0.02,5,6,0,0,6,0,6,0,0,0,0,0,0.0
2025-02-19,Monteclaro,Clientes_potenciales,Clientes_potenciales,audience_network,Leads,Leads de sitio web,0,0.03,2,2,0,0,2,0,2,0,0,0,0,0,0.0
2025-02-19,Monteclaro,Clientes_potenciales,Clientes_potenciales,instagram,Leads,Leads de sitio web,0,20.58,4688,4976,0,52,5377,74,848,0,22,0,0,0,0.0
2025-02-19,Monteclaro,Clientes_potenciales,Clientes_potenciales,facebook,Leads,Leads de sitio web,0,2.84,978,1130,0,5,1119,16,170,0,0,0,0,0,0.0
2025-02-18,Monteclaro,Clientes_potenciales,Clientes_potenciales,facebook,Leads,Leads de sitio web,0,2.23,806,945,0,9,935,17,155,0,0,0,0,0,0.0
2025-02-18,Monteclaro,Clientes_potenciales,Clientes_potenciales,instagram,Leads,Leads de sitio web,2,16.63,3860,4097,0,30,4273,56,836,0,25,2,2,0,0.0
2025-02-18,Monteclaro,Clientes_potenciales,Clientes_potenciales,audience_network,Leads,Leads de sitio web,0,0.0,1,1,0,0,1,0,1,0,0,0,0,0,0.0
2025-02-17,Monteclaro,Clientes_potenciales,Clientes_potenciales,instagram,Leads,Leads de sitio web,0,14.99229979,3250,3513,0,35,3651,55,879,0,21,0,0,0,0.0
2025-02-17,Monteclaro,Clientes_potenciales,Clientes_potenciales,facebook,Leads,Leads de sitio web,0,4.47770021,1442,1747,0,20,1707,38,297,0,0,0,0,0,0.0
2025-02-16,Monteclaro,Clientes_potenciales,Clientes_potenciales,facebook,Leads,Leads de sitio web,0,0.15,33,33,0,0,35,2,12,0,0,0,0,0,0.0
2025-02-23,Monteclaro,Clientes_potenciales,Clientes_potenciales,instagram,Leads,Leads de sitio web,0,12.56,2900,3050,0,27,3241,42,401,0,14,0,0,0,0.0
2025-02-20,Monteclaro,Clientes_potenciales,Clientes_potenciales,audience_network,Leads,Leads de sitio web,0,0.00999398,1,1,0,0,1,0,1,0,0,0,0,0,0.0
2025-02-20,Monteclaro,Clientes_potenciales,Clientes_potenciales,facebook,Leads,Leads de sitio web,0,2.47850602,1002,1096,0,7,1085,23,204,1,0,0,0,0,0.0
2025-02-20,Monteclaro,Clientes_potenciales,Clientes_potenciales,instagram,Leads,Leads de sitio web,0,14.1015,3798,3998,0,33,4286,49,483,0,16,0,0,0,0.0
2025-02-22,Monteclaro,Clientes_potenciales,Clientes_potenciales,instagram,Leads,Leads de sitio web,0,9.93,2377,2549,0,23,2760,40,311,0,16,0,0,0,0.0
2025-01-30,Embarazadas_anuncio,Aipap_conversion,Copia_imagen_julio_24,facebook,Leads,Leads de sitio web,0,0.75,389,416,0,2,430,8,78,0,0,0,0,0,0.0
2025-01-30,Embarazadas_anuncio,Aipap_conversion,Copia_imagen_julio_24,instagram,Leads,Leads de sitio web,0,5.95,1614,1651,0,18,1806,27,384,0,9,0,0,0,0.0
2025-02-22,Embarazadas_anuncio,Aipap_conversion,Copia_imagen_julio_24,instagram,Leads,Leads de sitio web,1,5.5,1629,1689,0,11,1851,23,390,0,12,1,1,0,0.0
2025-02-23,Embarazadas_anuncio,Aipap_conversion,Copia_imagen_julio_24,instagram,Leads,Leads de sitio web,0,6.15,1635,1692,0,15,1847,32,400,0,16,0,0,0,0.0
2025-02-23,Embarazadas_anuncio,Aipap_conversion,Copia_imagen_julio_24,facebook,Leads,Leads de sitio web,0,1.19,534,566,0,7,595,23,147,0,0,0,0,0,0.0
2025-02-22,Embarazadas_anuncio,Aipap_conversion,Copia_imagen_julio_24,facebook,Leads,Leads de sitio web,2,1.57,621,667,0,7,731,22,178,0,0,2,2,0,0.0
2025-02-07,Embarazadas_anuncio,Aipap_conversion,Copia_imagen_julio_24,facebook,Leads,Leads de sitio web,0,0.61,257,268,0,5,316,18,80,0,0,0,0,0,0.0
2025-02-21,Embarazadas_anuncio,Aipap_conversion,Copia_imagen_julio_24,facebook,Leads,Leads de sitio web,0,1.48,480,523,0,5,573,24,146,0,0,0,0,0,0.0
2025-02-11,Embarazadas_anuncio,Aipap_conversion,Copia_imagen_julio_24,audience_network,Leads,Leads de sitio web,0,0.0,1,1,0,0,1,0,1,0,0,0,0,0,0.0
2025-02-13,Embarazadas_anuncio,Aipap_conversion,Copia_imagen_julio_24,instagram,Leads,Leads de sitio web,0,5.52,1470,1558,0,19,1695,28,390,0,9,0,0,0,0.0
2025-02-13,Embarazadas_anuncio,Aipap_conversion,Copia_imagen_julio_24,facebook,Leads,Leads de sitio web,0,0.92,355,397,0,13,428,39,124,1,0,0,0,0,0.0
2025-02-13,Embarazadas_anuncio,Aipap_conversion,Copia_imagen_julio_24,audience_network,Leads,Leads de sitio web,0,0.0,1,1,0,0,1,0,0,0,0,0,0,0,0.0
2025-02-04,Embarazadas_anuncio,Aipap_conversion,Copia_imagen_julio_24,instagram,Leads,Leads de sitio web,0,5.7,1456,1508,0,17,1660,31,394,0,14,0,0,0,0.0
2025-02-04,Embarazadas_anuncio,Aipap_conversion,Copia_imagen_julio_24,facebook,Leads,Leads de sitio web,2,1.17,305,330,0,3,352,11,79,0,0,2,2,0,0.0
2025-02-12,Embarazadas_anuncio,Aipap_conversion,Copia_imagen_julio_24,instagram,Leads,Leads de sitio web,0,7.02,1661,1780,0,28,1974,51,549,0,22,0,0,0,0.0
2025-02-12,Embarazadas_anuncio,Aipap_conversion,Copia_imagen_julio_24,facebook,Leads,Leads de sitio web,2,0.94,378,421,0,8,476,24,135,0,0,2,2,0,0.0
2025-01-29,Embarazadas_anuncio,Aipap_conversion,Copia_imagen_julio_24,facebook,Leads,Leads de sitio web,0,1.11,470,509,0,3,533,17,122,0,0,0,0,0,0.0
2025-02-11,Embarazadas_anuncio,Aipap_conversion,Copia_imagen_julio_24,facebook,Leads,Leads de sitio web,0,1.65,539,586,0,5,633,19,156,0,0,0,0,0,0.0
2025-02-11,Embarazadas_anuncio,Aipap_conversion,Copia_imagen_julio_24,instagram,Leads,Leads de sitio web,0,4.57,1118,1182,0,13,1254,23,277,0,10,0,0,0,79.0
2025-02-05,Embarazadas_anuncio,Aipap_conversion,Copia_imagen_julio_24,instagram,Leads,Leads de sitio web,0,6.55,1536,1591,0,21,1799,34,383,0,14,0,0,0,0.0
2025-02-14,Embarazadas_anuncio,Aipap_conversion,Copia_imagen_julio_24,facebook,Leads,Leads de sitio web,0,1.09833585,376,411,0,4,414,13,102,0,0,0,0,0,0.0
2025-02-05,Embarazadas_anuncio,Aipap_conversion,Copia_imagen_julio_24,facebook,Leads,Leads de sitio web,0,1.0,339,357,0,1,385,8,78,0,0,0,0,0,0.0
2025-02-10,Embarazadas_anuncio,Aipap_conversion,Copia_imagen_julio_24,instagram,Leads,Leads de sitio web,0,5.81173295,1572,1629,0,12,1753,25,380,0,13,0,0,0,0.0
2025-02-10,Embarazadas_anuncio,Aipap_conversion,Copia_imagen_julio_24,facebook,Leads,Leads de sitio web,0,1.21826705,496,536,0,1,563,11,142,0,0,0,0,0,0.0
2025-02-10,Embarazadas_anuncio,Aipap_conversion,Copia_imagen_julio_24,audience_network,Leads,Leads de sitio web,0,0.0,1,1,0,0,1,0,1,0,0,0,0,0,0.0
2025-02-09,Embarazadas_anuncio,Aipap_conversion,Copia_imagen_julio_24,facebook,Leads,Leads de sitio web,0,1.16,507,539,0,4,576,19,131,0,0,0,0,0,0.0
2025-02-09,Embarazadas_anuncio,Aipap_conversion,Copia_imagen_julio_24,instagram,Leads,Leads de sitio web,0,6.64,2048,2104,0,16,2294,23,452,0,7,0,0,0,0.0
2025-02-06,Embarazadas_anuncio,Aipap_conversion,Copia_imagen_julio_24,instagram,Leads,Leads de sitio web,0,5.5,1385,1442,0,9,1528,16,345,0,7,0,0,0,0.0
2025-02-06,Embarazadas_anuncio,Aipap_conversion,Copia_imagen_julio_24,facebook,Leads,Leads de sitio web,0,0.59,243,267,0,3,296,15,73,0,0,0,0,0,0.0
2025-02-08,Embarazadas_anuncio,Aipap_conversion,Copia_imagen_julio_24,facebook,Leads,Leads de sitio web,0,0.53,278,305,0,5,313,12,67,0,0,0,0,0,0.0
2025-02-08,Embarazadas_anuncio,Aipap_conversion,Copia_imagen_julio_24,instagram,Leads,Leads de sitio web,0,6.29,1625,1669,0,20,1843,27,448,0,8,0,0,0,0.0
2025-02-08,Embarazadas_anuncio,Aipap_conversion,Copia_imagen_julio_24,audience_network,Leads,Leads de sitio web,0,0.0,1,1,0,0,1,0,1,0,0,0,0,0,0.0
2025-02-14,Embarazadas_anuncio,Aipap_conversion,Copia_imagen_julio_24,instagram,Leads,Leads de sitio web,0,5.50166415,1331,1407,0,9,1519,14,379,0,5,0,0,0,0.0
2025-02-03,Embarazadas_anuncio,Aipap_conversion,Copia_imagen_julio_24,instagram,Leads,Leads de sitio web,0,6.9,1991,2060,0,10,2221,24,471,0,14,0,0,0,0.0
2025-02-21,Embarazadas_anuncio,Aipap_conversion,Copia_imagen_julio_24,instagram,Leads,Leads de sitio web,0,5.49,1263,1352,0,13,1449,22,313,0,8,0,0,0,0.0
2025-02-01,Embarazadas_anuncio,Aipap_conversion,Copia_imagen_julio_24,instagram,Leads,Leads de sitio web,2,5.91,1802,1852,0,14,2047,20,404,0,6,2,2,0,0.0
2025-02-21,Embarazadas_anuncio,Aipap_conversion,Copia_imagen_julio_24,audience_network,Leads,Leads de sitio web,0,0.0,1,2,0,0,2,0,2,0,0,0,0,0,0.0
2025-01-31,Embarazadas_anuncio,Aipap_conversion,Copia_imagen_julio_24,facebook,Leads,Leads de sitio web,0,1.23,509,539,0,2,565,11,129,0,0,0,0,0,0.0
2025-01-31,Embarazadas_anuncio,Aipap_conversion,Copia_imagen_julio_24,instagram,Leads,Leads de sitio web,0,5.57,1569,1610,0,6,1732,13,326,0,7,0,0,0,0.0
2025-02-20,Embarazadas_anuncio,Aipap_conversion,Copia_imagen_julio_24,facebook,Leads,Leads de sitio web,0,1.38,487,529,0,6,544,18,146,0,0,0,0,0,0.0
2025-02-20,Embarazadas_anuncio,Aipap_conversion,Copia_imagen_julio_24,instagram,Leads,Leads de sitio web,0,5.16,1113,1186,0,10,1299,13,322,0,3,0,0,0,0.0
2025-02-20,Embarazadas_anuncio,Aipap_conversion,Copia_imagen_julio_24,audience_network,Leads,Leads de sitio web,0,0.01,1,1,0,0,1,0,1,0,0,0,0,0,0.0
2025-02-01,Embarazadas_anuncio,Aipap_conversion,Copia_imagen_julio_24,facebook,Leads,Leads de sitio web,1,0.89,402,430,0,3,459,10,91,0,0,1,1,0,0.0
2025-02-19,Embarazadas_anuncio,Aipap_conversion,Copia_imagen_julio_24,facebook,Leads,Leads de sitio web,0,1.43,663,735,0,8,796,32,205,0,0,0,0,0,0.0
2025-02-19,Embarazadas_anuncio,Aipap_conversion,Copia_imagen_julio_24,instagram,Leads,Leads de sitio web,0,5.59,1533,1594,0,9,1744,15,419,0,6,0,0,0,0.0
2025-02-19,Embarazadas_anuncio,Aipap_conversion,Copia_imagen_julio_24,audience_network,Leads,Leads de sitio web,0,0.0,1,2,0,0,2,0,2,0,0,0,0,0,0.0
2025-02-18,Embarazadas_anuncio,Aipap_conversion,Copia_imagen_julio_24,facebook,Leads,Leads de sitio web,0,1.27,487,534,0,5,567,19,136,0,0,0,0,0,0.0
2025-02-03,Embarazadas_anuncio,Aipap_conversion,Copia_imagen_julio_24,facebook,Leads,Leads de sitio web,2,1.01,504,532,0,2,582,12,138,0,0,2,2,0,0.0
2025-02-18,Embarazadas_anuncio,Aipap_conversion,Copia_imagen_julio_24,instagram,Leads,Leads de sitio web,0,5.21,1292,1352,0,12,1498,24,330,0,12,0,0,0,0.0
2025-02-02,Embarazadas_anuncio,Aipap_conversion,Copia_imagen_julio_24,instagram,Leads,Leads de sitio web,0,6.64,2059,2104,0,20,2338,31,456,0,11,0,0,0,0.0
2025-02-02,Embarazadas_anuncio,Aipap_conversion,Copia_imagen_julio_24,facebook,Leads,Leads de sitio web,0,0.95,446,472,0,5,494,7,99,0,0,0,0,0,0.0
2025-02-17,Embarazadas_anuncio,Aipap_conversion,Copia_imagen_julio_24,facebook,Leads,Leads de sitio web,0,1.46,592,644,0,4,657,20,169,0,0,0,0,0,0.0
2025-02-17,Embarazadas_anuncio,Aipap_conversion,Copia_imagen_julio_24,instagram,Leads,Leads de sitio web,2,5.92,1609,1674,0,10,1841,16,442,0,8,2,2,0,0.0
2025-02-16,Embarazadas_anuncio,Aipap_conversion,Copia_imagen_julio_24,facebook,Leads,Leads de sitio web,0,1.36,502,543,0,4,578,20,135,0,0,0,0,0,0.0
2025-02-16,Embarazadas_anuncio,Aipap_conversion,Copia_imagen_julio_24,instagram,Leads,Leads de sitio web,0,6.17,1400,1472,0,18,1628,22,384,0,4,0,0,0,0.0
2025-02-07,Embarazadas_anuncio,Aipap_conversion,Copia_imagen_julio_24,instagram,Leads,Leads de sitio web,2,5.49,1411,1477,0,6,1574,21,360,0,15,2,2,0,0.0
2025-02-15,Embarazadas_anuncio,Aipap_conversion,Copia_imagen_julio_24,instagram,Leads,Leads de sitio web,3,6.23,1627,1708,0,9,1851,20,420,0,11,3,3,0,0.0
2025-02-15,Embarazadas_anuncio,Aipap_conversion,Copia_imagen_julio_24,facebook,Leads,Leads de sitio web,0,0.68,298,317,0,0,345,1,79,0,0,0,0,0,0.0
2025-02-03,Embarazadas_anuncio,Aipap_conversion,Copia_imagen_julio_24,audience_network,Leads,Leads de sitio web,0,0.01,1,4,0,0,4,0,3,0,0,0,0,0,0.0
2025-01-29,Embarazadas_anuncio,Aipap_conversion,Copia_imagen_julio_24,instagram,Leads,Leads de sitio web,2,5.74,1558,1605,0,10,1784,25,346,0,15,2,2,0,0.0
